node_id,label,type,domain,module,description,difficulty,level,source,evidence,confidence
S_NUMERICAL_ANALYSIS,数值分析学科,Subject,数值分析,,面向科学计算、工程计算和数据计算的数值方法知识体系。,综合,0,本地理论/实验课程大纲与14次课件目录; 本地朱晓临《数值分析》第2版目录; 本地李庆扬等《数值分析》第5版目录; 本地潘建瑜《数值分析讲义》目录; MIT OCW 18.335 Introduction to Numerical Methods syllabus,本地课程资料覆盖核心课程边界，外部公开资料补充学科级扩展。,0.95
M_PRE_CALCULUS,高等数学基础,Module,数学先修基础,高等数学基础,数值分析所需的微积分、多元微积分和微分方程基础。,综合,1,本地理论/实验课程大纲与14次课件目录,本地理论/实验课程大纲与14次课件目录,0.92
M_PRE_LINEAR_ALGEBRA,线性代数基础,Module,数学先修基础,线性代数基础,矩阵、范数、特征值和分解等基础。,综合,1,本地理论/实验课程大纲与14次课件目录,本地理论/实验课程大纲与14次课件目录,0.92
M_PRE_PROGRAMMING,程序设计与数值软件基础,Module,实现基础,程序设计与数值软件基础,Python、MATLAB和数值软件使用基础。,综合,1,本地理论/实验课程大纲与14次课件目录,本地理论/实验课程大纲与14次课件目录,0.88
M_ERROR_ANALYSIS,误差分析与稳定性,Module,数值分析核心,误差分析与稳定性,误差、浮点数、稳定性、病态性和收敛性。,综合,1,本地朱晓临《数值分析》第2版目录; 本地李庆扬等《数值分析》第5版目录,本地朱晓临《数值分析》第2版目录; 本地李庆扬等《数值分析》第5版目录,0.96
M_NONLINEAR_ROOT,非线性方程求根,Module,数值分析核心,非线性方程求根,一元与多元非线性方程的迭代求解。,综合,1,本地理论/实验课程大纲与14次课件目录; 本地朱晓临《数值分析》第2版目录,本地理论/实验课程大纲与14次课件目录; 本地朱晓临《数值分析》第2版目录,0.95
M_LINEAR_SYSTEMS,线性方程组数值解法,Module,数值分析核心,线性方程组数值解法,直接法、迭代法、预条件和大规模线性系统。,综合,1,本地理论/实验课程大纲与14次课件目录; 本地朱晓临《数值分析》第2版目录; Netlib Templates for the Solution of Linear Systems,本地理论/实验课程大纲与14次课件目录; 本地朱晓临《数值分析》第2版目录; Netlib Templates for the Solution of Linear Systems,0.96
M_INTERPOLATION,插值与样条,Module,数值分析核心,插值与样条,多项式插值、Hermite插值、分段插值和样条。,综合,1,本地理论/实验课程大纲与14次课件目录; 本地朱晓临《数值分析》第2版目录; 本地李庆扬等《数值分析》第5版目录,本地理论/实验课程大纲与14次课件目录; 本地朱晓临《数值分析》第2版目录; 本地李庆扬等《数值分析》第5版目录,0.96
M_APPROXIMATION,拟合与函数逼近,Module,数值分析核心,拟合与函数逼近,最小二乘、正交多项式、最佳逼近和FFT。,综合,1,本地理论/实验课程大纲与14次课件目录; 本地李庆扬等《数值分析》第5版目录,本地理论/实验课程大纲与14次课件目录; 本地李庆扬等《数值分析》第5版目录,0.94
M_NUM_DIFF,数值微分,Module,数值分析核心,数值微分,差分公式、外推和导数近似误差。,综合,1,本地朱晓临《数值分析》第2版目录; 本地李庆扬等《数值分析》第5版目录,本地朱晓临《数值分析》第2版目录; 本地李庆扬等《数值分析》第5版目录,0.92
M_NUM_INT,数值积分,Module,数值分析核心,数值积分,Newton-Cotes、复化求积、Romberg和Gauss求积。,综合,1,本地理论/实验课程大纲与14次课件目录; 本地朱晓临《数值分析》第2版目录; SciPy integrate官方文档,本地理论/实验课程大纲与14次课件目录; 本地朱晓临《数值分析》第2版目录; SciPy integrate官方文档,0.95
M_ODE_IVP,ODE初值问题数值解法,Module,数值分析核心,ODE初值问题数值解法,单步法、多步法、稳定性和刚性问题。,综合,1,本地理论/实验课程大纲与14次课件目录; 本地朱晓临《数值分析》第2版目录; MathWorks MATLAB ODE官方文档,本地理论/实验课程大纲与14次课件目录; 本地朱晓临《数值分析》第2版目录; MathWorks MATLAB ODE官方文档,0.95
M_ODE_BVP,ODE边值问题数值解法,Module,数值分析核心,ODE边值问题数值解法,打靶法、差分法和有限元离散。,综合,1,本地理论/实验课程大纲与14次课件目录; 本地朱晓临《数值分析》第2版目录,本地理论/实验课程大纲与14次课件目录; 本地朱晓临《数值分析》第2版目录,0.92
M_EIGEN_SVD,特征值与奇异值计算,Module,数值分析核心,特征值与奇异值计算,特征值、特征向量、SVD和谱算法。,综合,1,本地朱晓临《数值分析》第2版目录; 本地潘建瑜《数值分析讲义》目录,本地朱晓临《数值分析》第2版目录; 本地潘建瑜《数值分析讲义》目录,0.90
M_PDE,PDE数值方法,Module,高级拓展,PDE数值方法,有限差分、有限体积、有限元、谱方法和PDE稳定性。,综合,1,MIT OCW 18.336 Numerical Methods for PDEs syllabus,MIT OCW 18.336 Numerical Methods for PDEs syllabus,0.86
M_OPTIMIZATION,数值优化,Module,高级拓展,数值优化,无约束、约束、最小二乘和现代优化算法。,综合,1,MIT OCW 18.335 Introduction to Numerical Methods syllabus; SciPy optimize官方文档,MIT OCW 18.335 Introduction to Numerical Methods syllabus; SciPy optimize官方文档,0.86
M_SCI_COMP,科学计算实验方法,Module,高级拓展,科学计算实验方法,建模、验证、复杂度、可复现和实验报告。,综合,1,MIT OCW 18.335 Introduction to Numerical Methods syllabus; 专家补全：按数值分析通用知识体系整理，建议人工审核,MIT OCW 18.335 Introduction to Numerical Methods syllabus; 专家补全：按数值分析通用知识体系整理，建议人工审核,0.78
M_IMPLEMENTATION,Python/MATLAB实现,Module,实现基础,Python/MATLAB实现,面向数值分析算法的Python、SciPy和MATLAB实现。,综合,1,SciPy optimize官方文档; SciPy integrate官方文档; MathWorks MATLAB ODE官方文档,SciPy optimize官方文档; SciPy integrate官方文档; MathWorks MATLAB ODE官方文档,0.87
M_ASSESSMENT,学习诊断与测评,Module,学习路径,学习诊断与测评,原创诊断题、错因和补学规则。,综合,1,专家补全：按数值分析通用知识体系整理，建议人工审核,专家补全：按数值分析通用知识体系整理，建议人工审核,0.72
M_RESOURCES,学习资源与证据源,Module,资源,学习资源与证据源,本地资料与外部权威资料索引。,综合,1,本地理论/实验课程大纲与14次课件目录; MIT OCW 18.335 Introduction to Numerical Methods syllabus; MIT OCW 18.336 Numerical Methods for PDEs syllabus,本地理论/实验课程大纲与14次课件目录; MIT OCW 18.335 Introduction to Numerical Methods syllabus; MIT OCW 18.336 Numerical Methods for PDEs syllabus,0.90
T001,极限,Topic,数值分析,高等数学基础,极限是高等数学基础中的关键知识点，用于支撑数值分析建模、算法理解或学习诊断。,基础,2,本地理论/实验课程大纲与14次课件目录,本地理论/实验课程大纲与14次课件目录,0.92
T002,连续性,Concept,数值分析,高等数学基础,连续性是高等数学基础中的关键知识点，用于支撑数值分析建模、算法理解或学习诊断。,基础,2,本地理论/实验课程大纲与14次课件目录,本地理论/实验课程大纲与14次课件目录,0.92
T003,导数,Concept,数值分析,高等数学基础,导数是高等数学基础中的关键知识点，用于支撑数值分析建模、算法理解或学习诊断。,基础,2,本地理论/实验课程大纲与14次课件目录,本地理论/实验课程大纲与14次课件目录,0.92
T004,偏导数,Concept,数值分析,高等数学基础,偏导数是高等数学基础中的关键知识点，用于支撑数值分析建模、算法理解或学习诊断。,基础,2,本地理论/实验课程大纲与14次课件目录,本地理论/实验课程大纲与14次课件目录,0.92
T005,梯度（多元函数）,Topic,数值分析,高等数学基础,梯度（多元函数）是高等数学基础中的关键知识点，用于支撑数值分析建模、算法理解或学习诊断。,基础,2,本地理论/实验课程大纲与14次课件目录,本地理论/实验课程大纲与14次课件目录,0.92
T006,Hessian矩阵（多元函数）,Concept,数值分析,高等数学基础,Hessian矩阵（多元函数）是高等数学基础中的关键知识点，用于支撑数值分析建模、算法理解或学习诊断。,基础,2,本地理论/实验课程大纲与14次课件目录,本地理论/实验课程大纲与14次课件目录,0.92
T007,Taylor展开,Concept,数值分析,高等数学基础,Taylor展开是高等数学基础中的关键知识点，用于支撑数值分析建模、算法理解或学习诊断。,基础,2,本地理论/实验课程大纲与14次课件目录,本地理论/实验课程大纲与14次课件目录,0.92
T008,Taylor余项,Concept,数值分析,高等数学基础,Taylor余项是高等数学基础中的关键知识点，用于支撑数值分析建模、算法理解或学习诊断。,基础,2,本地理论/实验课程大纲与14次课件目录,本地理论/实验课程大纲与14次课件目录,0.92
T009,积分,Topic,数值分析,高等数学基础,积分是高等数学基础中的关键知识点，用于支撑数值分析建模、算法理解或学习诊断。,基础,2,本地理论/实验课程大纲与14次课件目录,本地理论/实验课程大纲与14次课件目录,0.92
T010,重积分,Concept,数值分析,高等数学基础,重积分是高等数学基础中的关键知识点，用于支撑数值分析建模、算法理解或学习诊断。,基础,2,本地理论/实验课程大纲与14次课件目录,本地理论/实验课程大纲与14次课件目录,0.92
T011,常微分方程初值问题,Concept,数值分析,高等数学基础,常微分方程初值问题是高等数学基础中的关键知识点，用于支撑数值分析建模、算法理解或学习诊断。,基础,2,本地理论/实验课程大纲与14次课件目录,本地理论/实验课程大纲与14次课件目录,0.92
T012,常微分方程边值问题,Concept,数值分析,高等数学基础,常微分方程边值问题是高等数学基础中的关键知识点，用于支撑数值分析建模、算法理解或学习诊断。,基础,2,本地理论/实验课程大纲与14次课件目录,本地理论/实验课程大纲与14次课件目录,0.92
T013,Lipschitz连续,Topic,数值分析,高等数学基础,Lipschitz连续是高等数学基础中的关键知识点，用于支撑数值分析建模、算法理解或学习诊断。,基础,2,本地理论/实验课程大纲与14次课件目录,本地理论/实验课程大纲与14次课件目录,0.92
T014,凸函数,Concept,数值分析,高等数学基础,凸函数是高等数学基础中的关键知识点，用于支撑数值分析建模、算法理解或学习诊断。,基础,2,本地理论/实验课程大纲与14次课件目录,本地理论/实验课程大纲与14次课件目录,0.92
T015,级数,Concept,数值分析,高等数学基础,级数是高等数学基础中的关键知识点，用于支撑数值分析建模、算法理解或学习诊断。,基础,2,本地理论/实验课程大纲与14次课件目录,本地理论/实验课程大纲与14次课件目录,0.92
T016,大O记号,Concept,数值分析,高等数学基础,大O记号是高等数学基础中的关键知识点，用于支撑数值分析建模、算法理解或学习诊断。,基础,2,本地理论/实验课程大纲与14次课件目录,本地理论/实验课程大纲与14次课件目录,0.92
T017,渐近阶,Topic,数值分析,高等数学基础,渐近阶是高等数学基础中的关键知识点，用于支撑数值分析建模、算法理解或学习诊断。,基础,2,本地理论/实验课程大纲与14次课件目录,本地理论/实验课程大纲与14次课件目录,0.92
T018,多项式,Concept,数值分析,高等数学基础,多项式是高等数学基础中的关键知识点，用于支撑数值分析建模、算法理解或学习诊断。,基础,2,本地理论/实验课程大纲与14次课件目录,本地理论/实验课程大纲与14次课件目录,0.92
T019,正交函数,Concept,数值分析,高等数学基础,正交函数是高等数学基础中的关键知识点，用于支撑数值分析建模、算法理解或学习诊断。,基础,2,本地理论/实验课程大纲与14次课件目录,本地理论/实验课程大纲与14次课件目录,0.92
T020,分段函数,Concept,数值分析,高等数学基础,分段函数是高等数学基础中的关键知识点，用于支撑数值分析建模、算法理解或学习诊断。,基础,2,本地理论/实验课程大纲与14次课件目录,本地理论/实验课程大纲与14次课件目录,0.92
T021,弱导数,Topic,数值分析,高等数学基础,弱导数是高等数学基础中的关键知识点，用于支撑数值分析建模、算法理解或学习诊断。,基础,2,本地理论/实验课程大纲与14次课件目录,本地理论/实验课程大纲与14次课件目录,0.92
T022,向量,Topic,数值分析,线性代数基础,向量是线性代数基础中的关键知识点，用于支撑数值分析建模、算法理解或学习诊断。,基础,2,本地理论/实验课程大纲与14次课件目录,本地理论/实验课程大纲与14次课件目录,0.92
T023,矩阵,Concept,数值分析,线性代数基础,矩阵是线性代数基础中的关键知识点，用于支撑数值分析建模、算法理解或学习诊断。,基础,2,本地理论/实验课程大纲与14次课件目录,本地理论/实验课程大纲与14次课件目录,0.92
T024,线性方程组（基础）,Concept,数值分析,线性代数基础,线性方程组（基础）是线性代数基础中的关键知识点，用于支撑数值分析建模、算法理解或学习诊断。,基础,2,本地理论/实验课程大纲与14次课件目录,本地理论/实验课程大纲与14次课件目录,0.92
T025,行列式,Concept,数值分析,线性代数基础,行列式是线性代数基础中的关键知识点，用于支撑数值分析建模、算法理解或学习诊断。,基础,2,本地理论/实验课程大纲与14次课件目录,本地理论/实验课程大纲与14次课件目录,0.92
T026,矩阵秩,Topic,数值分析,线性代数基础,矩阵秩是线性代数基础中的关键知识点，用于支撑数值分析建模、算法理解或学习诊断。,基础,2,本地理论/实验课程大纲与14次课件目录,本地理论/实验课程大纲与14次课件目录,0.92
T027,逆矩阵,Concept,数值分析,线性代数基础,逆矩阵是线性代数基础中的关键知识点，用于支撑数值分析建模、算法理解或学习诊断。,基础,2,本地理论/实验课程大纲与14次课件目录,本地理论/实验课程大纲与14次课件目录,0.92
T028,三角矩阵,Concept,数值分析,线性代数基础,三角矩阵是线性代数基础中的关键知识点，用于支撑数值分析建模、算法理解或学习诊断。,基础,2,本地理论/实验课程大纲与14次课件目录,本地理论/实验课程大纲与14次课件目录,0.92
T029,对称正定矩阵,Concept,数值分析,线性代数基础,对称正定矩阵是线性代数基础中的关键知识点，用于支撑数值分析建模、算法理解或学习诊断。,基础,2,本地理论/实验课程大纲与14次课件目录,本地理论/实验课程大纲与14次课件目录,0.92
T030,对角占优矩阵,Topic,数值分析,线性代数基础,对角占优矩阵是线性代数基础中的关键知识点，用于支撑数值分析建模、算法理解或学习诊断。,基础,2,本地理论/实验课程大纲与14次课件目录,本地理论/实验课程大纲与14次课件目录,0.92
T031,正交矩阵,Concept,数值分析,线性代数基础,正交矩阵是线性代数基础中的关键知识点，用于支撑数值分析建模、算法理解或学习诊断。,基础,2,本地理论/实验课程大纲与14次课件目录,本地理论/实验课程大纲与14次课件目录,0.92
T032,向量范数,Concept,数值分析,线性代数基础,向量范数是线性代数基础中的关键知识点，用于支撑数值分析建模、算法理解或学习诊断。,基础,2,本地理论/实验课程大纲与14次课件目录,本地理论/实验课程大纲与14次课件目录,0.92
T033,矩阵范数,Concept,数值分析,线性代数基础,矩阵范数是线性代数基础中的关键知识点，用于支撑数值分析建模、算法理解或学习诊断。,基础,2,本地理论/实验课程大纲与14次课件目录,本地理论/实验课程大纲与14次课件目录,0.92
T034,谱半径,Topic,数值分析,线性代数基础,谱半径是线性代数基础中的关键知识点，用于支撑数值分析建模、算法理解或学习诊断。,基础,2,本地理论/实验课程大纲与14次课件目录,本地理论/实验课程大纲与14次课件目录,0.92
T035,特征值,Concept,数值分析,线性代数基础,特征值是线性代数基础中的关键知识点，用于支撑数值分析建模、算法理解或学习诊断。,基础,2,本地理论/实验课程大纲与14次课件目录,本地理论/实验课程大纲与14次课件目录,0.92
T036,特征向量,Concept,数值分析,线性代数基础,特征向量是线性代数基础中的关键知识点，用于支撑数值分析建模、算法理解或学习诊断。,基础,2,本地理论/实验课程大纲与14次课件目录,本地理论/实验课程大纲与14次课件目录,0.92
T037,条件数,Concept,数值分析,线性代数基础,条件数是线性代数基础中的关键知识点，用于支撑数值分析建模、算法理解或学习诊断。,基础,2,本地理论/实验课程大纲与14次课件目录,本地理论/实验课程大纲与14次课件目录,0.92
T038,奇异值,Topic,数值分析,线性代数基础,奇异值是线性代数基础中的关键知识点，用于支撑数值分析建模、算法理解或学习诊断。,基础,2,本地理论/实验课程大纲与14次课件目录,本地理论/实验课程大纲与14次课件目录,0.92
T039,奇异值分解,Concept,数值分析,线性代数基础,奇异值分解是线性代数基础中的关键知识点，用于支撑数值分析建模、算法理解或学习诊断。,基础,2,本地理论/实验课程大纲与14次课件目录,本地理论/实验课程大纲与14次课件目录,0.92
T040,内积,Concept,数值分析,线性代数基础,内积是线性代数基础中的关键知识点，用于支撑数值分析建模、算法理解或学习诊断。,基础,2,本地理论/实验课程大纲与14次课件目录,本地理论/实验课程大纲与14次课件目录,0.92
T041,线性空间,Concept,数值分析,线性代数基础,线性空间是线性代数基础中的关键知识点，用于支撑数值分析建模、算法理解或学习诊断。,基础,2,本地理论/实验课程大纲与14次课件目录,本地理论/实验课程大纲与14次课件目录,0.92
T042,子空间,Topic,数值分析,线性代数基础,子空间是线性代数基础中的关键知识点，用于支撑数值分析建模、算法理解或学习诊断。,基础,2,本地理论/实验课程大纲与14次课件目录,本地理论/实验课程大纲与14次课件目录,0.92
T043,基与坐标,Concept,数值分析,线性代数基础,基与坐标是线性代数基础中的关键知识点，用于支撑数值分析建模、算法理解或学习诊断。,基础,2,本地理论/实验课程大纲与14次课件目录,本地理论/实验课程大纲与14次课件目录,0.92
T044,正交投影,Concept,数值分析,线性代数基础,正交投影是线性代数基础中的关键知识点，用于支撑数值分析建模、算法理解或学习诊断。,基础,2,本地理论/实验课程大纲与14次课件目录,本地理论/实验课程大纲与14次课件目录,0.92
T045,QR分解,Concept,数值分析,线性代数基础,QR分解是线性代数基础中的关键知识点，用于支撑数值分析建模、算法理解或学习诊断。,基础,2,本地理论/实验课程大纲与14次课件目录,本地理论/实验课程大纲与14次课件目录,0.92
T046,LU分解,Topic,数值分析,线性代数基础,LU分解是线性代数基础中的关键知识点，用于支撑数值分析建模、算法理解或学习诊断。,基础,2,本地理论/实验课程大纲与14次课件目录,本地理论/实验课程大纲与14次课件目录,0.92
T047,Cholesky分解,Concept,数值分析,线性代数基础,Cholesky分解是线性代数基础中的关键知识点，用于支撑数值分析建模、算法理解或学习诊断。,基础,2,本地理论/实验课程大纲与14次课件目录,本地理论/实验课程大纲与14次课件目录,0.92
T048,Hessenberg矩阵,Concept,数值分析,线性代数基础,Hessenberg矩阵是线性代数基础中的关键知识点，用于支撑数值分析建模、算法理解或学习诊断。,基础,2,本地理论/实验课程大纲与14次课件目录,本地理论/实验课程大纲与14次课件目录,0.92
T049,Householder变换,Concept,数值分析,线性代数基础,Householder变换是线性代数基础中的关键知识点，用于支撑数值分析建模、算法理解或学习诊断。,基础,2,本地理论/实验课程大纲与14次课件目录,本地理论/实验课程大纲与14次课件目录,0.92
T050,Givens变换,Topic,数值分析,线性代数基础,Givens变换是线性代数基础中的关键知识点，用于支撑数值分析建模、算法理解或学习诊断。,基础,2,本地理论/实验课程大纲与14次课件目录,本地理论/实验课程大纲与14次课件目录,0.92
T051,Krylov子空间,Concept,数值分析,线性代数基础,Krylov子空间是线性代数基础中的关键知识点，用于支撑数值分析建模、算法理解或学习诊断。,基础,2,本地理论/实验课程大纲与14次课件目录,本地理论/实验课程大纲与14次课件目录,0.92
T052,稀疏矩阵,Concept,数值分析,线性代数基础,稀疏矩阵是线性代数基础中的关键知识点，用于支撑数值分析建模、算法理解或学习诊断。,基础,2,本地理论/实验课程大纲与14次课件目录,本地理论/实验课程大纲与14次课件目录,0.92
T053,带状矩阵,Concept,数值分析,线性代数基础,带状矩阵是线性代数基础中的关键知识点，用于支撑数值分析建模、算法理解或学习诊断。,基础,2,本地理论/实验课程大纲与14次课件目录,本地理论/实验课程大纲与14次课件目录,0.92
T054,三对角矩阵,Topic,数值分析,线性代数基础,三对角矩阵是线性代数基础中的关键知识点，用于支撑数值分析建模、算法理解或学习诊断。,基础,2,本地理论/实验课程大纲与14次课件目录,本地理论/实验课程大纲与14次课件目录,0.92
T055,矩阵扰动,Concept,数值分析,线性代数基础,矩阵扰动是线性代数基础中的关键知识点，用于支撑数值分析建模、算法理解或学习诊断。,基础,2,本地理论/实验课程大纲与14次课件目录,本地理论/实验课程大纲与14次课件目录,0.92
T056,Rayleigh商,Concept,数值分析,线性代数基础,Rayleigh商是线性代数基础中的关键知识点，用于支撑数值分析建模、算法理解或学习诊断。,基础,2,本地理论/实验课程大纲与14次课件目录,本地理论/实验课程大纲与14次课件目录,0.92
T057,浮点数表示,Topic,数值分析,程序设计与数值软件基础,浮点数表示是程序设计与数值软件基础中的关键知识点，用于支撑数值分析建模、算法理解或学习诊断。,基础,2,本地理论/实验课程大纲与14次课件目录,本地理论/实验课程大纲与14次课件目录,0.92
T058,数组与矩阵存储,Concept,数值分析,程序设计与数值软件基础,数组与矩阵存储是程序设计与数值软件基础中的关键知识点，用于支撑数值分析建模、算法理解或学习诊断。,基础,2,本地理论/实验课程大纲与14次课件目录,本地理论/实验课程大纲与14次课件目录,0.92
T059,NumPy数组,Concept,数值分析,程序设计与数值软件基础,NumPy数组是程序设计与数值软件基础中的关键知识点，用于支撑数值分析建模、算法理解或学习诊断。,基础,2,本地理论/实验课程大纲与14次课件目录,本地理论/实验课程大纲与14次课件目录,0.92
T060,SciPy求解器,Concept,数值分析,程序设计与数值软件基础,SciPy求解器是程序设计与数值软件基础中的关键知识点，用于支撑数值分析建模、算法理解或学习诊断。,基础,2,本地理论/实验课程大纲与14次课件目录,本地理论/实验课程大纲与14次课件目录,0.92
T061,MATLAB矩阵语法,Topic,数值分析,程序设计与数值软件基础,MATLAB矩阵语法是程序设计与数值软件基础中的关键知识点，用于支撑数值分析建模、算法理解或学习诊断。,基础,2,本地理论/实验课程大纲与14次课件目录,本地理论/实验课程大纲与14次课件目录,0.92
T062,向量化计算,Concept,数值分析,程序设计与数值软件基础,向量化计算是程序设计与数值软件基础中的关键知识点，用于支撑数值分析建模、算法理解或学习诊断。,基础,2,本地理论/实验课程大纲与14次课件目录,本地理论/实验课程大纲与14次课件目录,0.92
T063,函数句柄,Concept,数值分析,程序设计与数值软件基础,函数句柄是程序设计与数值软件基础中的关键知识点，用于支撑数值分析建模、算法理解或学习诊断。,基础,2,本地理论/实验课程大纲与14次课件目录,本地理论/实验课程大纲与14次课件目录,0.92
T064,循环与条件,Concept,数值分析,程序设计与数值软件基础,循环与条件是程序设计与数值软件基础中的关键知识点，用于支撑数值分析建模、算法理解或学习诊断。,基础,2,本地理论/实验课程大纲与14次课件目录,本地理论/实验课程大纲与14次课件目录,0.92
T065,数值容差,Topic,数值分析,程序设计与数值软件基础,数值容差是程序设计与数值软件基础中的关键知识点，用于支撑数值分析建模、算法理解或学习诊断。,基础,2,本地理论/实验课程大纲与14次课件目录,本地理论/实验课程大纲与14次课件目录,0.92
T066,异常处理,Concept,数值分析,程序设计与数值软件基础,异常处理是程序设计与数值软件基础中的关键知识点，用于支撑数值分析建模、算法理解或学习诊断。,基础,2,本地理论/实验课程大纲与14次课件目录,本地理论/实验课程大纲与14次课件目录,0.92
T067,绘图与可视化,Concept,数值分析,程序设计与数值软件基础,绘图与可视化是程序设计与数值软件基础中的关键知识点，用于支撑数值分析建模、算法理解或学习诊断。,基础,2,本地理论/实验课程大纲与14次课件目录,本地理论/实验课程大纲与14次课件目录,0.92
T068,随机数种子,Concept,数值分析,程序设计与数值软件基础,随机数种子是程序设计与数值软件基础中的关键知识点，用于支撑数值分析建模、算法理解或学习诊断。,基础,2,本地理论/实验课程大纲与14次课件目录,本地理论/实验课程大纲与14次课件目录,0.92
T069,单元测试,Topic,数值分析,程序设计与数值软件基础,单元测试是程序设计与数值软件基础中的关键知识点，用于支撑数值分析建模、算法理解或学习诊断。,基础,2,本地理论/实验课程大纲与14次课件目录,本地理论/实验课程大纲与14次课件目录,0.92
T070,可复现实验,Concept,数值分析,程序设计与数值软件基础,可复现实验是程序设计与数值软件基础中的关键知识点，用于支撑数值分析建模、算法理解或学习诊断。,基础,2,本地理论/实验课程大纲与14次课件目录,本地理论/实验课程大纲与14次课件目录,0.92
T071,性能分析,Concept,数值分析,程序设计与数值软件基础,性能分析是程序设计与数值软件基础中的关键知识点，用于支撑数值分析建模、算法理解或学习诊断。,基础,2,本地理论/实验课程大纲与14次课件目录,本地理论/实验课程大纲与14次课件目录,0.92
T072,稀疏矩阵存储,Concept,数值分析,程序设计与数值软件基础,稀疏矩阵存储是程序设计与数值软件基础中的关键知识点，用于支撑数值分析建模、算法理解或学习诊断。,基础,2,本地理论/实验课程大纲与14次课件目录,本地理论/实验课程大纲与14次课件目录,0.92
T073,数据类型转换,Topic,数值分析,程序设计与数值软件基础,数据类型转换是程序设计与数值软件基础中的关键知识点，用于支撑数值分析建模、算法理解或学习诊断。,基础,2,本地理论/实验课程大纲与14次课件目录,本地理论/实验课程大纲与14次课件目录,0.92
T074,高精度小数,Concept,数值分析,程序设计与数值软件基础,高精度小数是程序设计与数值软件基础中的关键知识点，用于支撑数值分析建模、算法理解或学习诊断。,基础,2,本地理论/实验课程大纲与14次课件目录,本地理论/实验课程大纲与14次课件目录,0.92
T075,脚本与函数,Concept,数值分析,程序设计与数值软件基础,脚本与函数是程序设计与数值软件基础中的关键知识点，用于支撑数值分析建模、算法理解或学习诊断。,基础,2,本地理论/实验课程大纲与14次课件目录,本地理论/实验课程大纲与14次课件目录,0.92
T076,版本管理,Concept,数值分析,程序设计与数值软件基础,版本管理是程序设计与数值软件基础中的关键知识点，用于支撑数值分析建模、算法理解或学习诊断。,基础,2,本地理论/实验课程大纲与14次课件目录,本地理论/实验课程大纲与14次课件目录,0.92
T077,误差来源,Topic,数值分析,误差分析与稳定性,误差来源是误差分析与稳定性中的关键知识点，用于支撑数值分析建模、算法理解或学习诊断。,中级,3,本地朱晓临《数值分析》第2版目录; 本地李庆扬等《数值分析》第5版目录,本地朱晓临《数值分析》第2版目录; 本地李庆扬等《数值分析》第5版目录,0.92
T078,模型误差,Concept,数值分析,误差分析与稳定性,模型误差是误差分析与稳定性中的关键知识点，用于支撑数值分析建模、算法理解或学习诊断。,中级,3,本地朱晓临《数值分析》第2版目录; 本地李庆扬等《数值分析》第5版目录,本地朱晓临《数值分析》第2版目录; 本地李庆扬等《数值分析》第5版目录,0.92
T079,观测误差,Concept,数值分析,误差分析与稳定性,观测误差是误差分析与稳定性中的关键知识点，用于支撑数值分析建模、算法理解或学习诊断。,中级,3,本地朱晓临《数值分析》第2版目录; 本地李庆扬等《数值分析》第5版目录,本地朱晓临《数值分析》第2版目录; 本地李庆扬等《数值分析》第5版目录,0.92
T080,截断误差,Concept,数值分析,误差分析与稳定性,截断误差是误差分析与稳定性中的关键知识点，用于支撑数值分析建模、算法理解或学习诊断。,中级,3,本地朱晓临《数值分析》第2版目录; 本地李庆扬等《数值分析》第5版目录,本地朱晓临《数值分析》第2版目录; 本地李庆扬等《数值分析》第5版目录,0.92
T081,舍入误差,Topic,数值分析,误差分析与稳定性,舍入误差是误差分析与稳定性中的关键知识点，用于支撑数值分析建模、算法理解或学习诊断。,中级,3,本地朱晓临《数值分析》第2版目录; 本地李庆扬等《数值分析》第5版目录,本地朱晓临《数值分析》第2版目录; 本地李庆扬等《数值分析》第5版目录,0.92
T082,绝对误差,Concept,数值分析,误差分析与稳定性,绝对误差是误差分析与稳定性中的关键知识点，用于支撑数值分析建模、算法理解或学习诊断。,中级,3,本地朱晓临《数值分析》第2版目录; 本地李庆扬等《数值分析》第5版目录,本地朱晓临《数值分析》第2版目录; 本地李庆扬等《数值分析》第5版目录,0.92
T083,相对误差,Concept,数值分析,误差分析与稳定性,相对误差是误差分析与稳定性中的关键知识点，用于支撑数值分析建模、算法理解或学习诊断。,中级,3,本地朱晓临《数值分析》第2版目录; 本地李庆扬等《数值分析》第5版目录,本地朱晓临《数值分析》第2版目录; 本地李庆扬等《数值分析》第5版目录,0.92
T084,误差限,Concept,数值分析,误差分析与稳定性,误差限是误差分析与稳定性中的关键知识点，用于支撑数值分析建模、算法理解或学习诊断。,中级,3,本地朱晓临《数值分析》第2版目录; 本地李庆扬等《数值分析》第5版目录,本地朱晓临《数值分析》第2版目录; 本地李庆扬等《数值分析》第5版目录,0.92
T085,有效数字,Topic,数值分析,误差分析与稳定性,有效数字是误差分析与稳定性中的关键知识点，用于支撑数值分析建模、算法理解或学习诊断。,中级,3,本地朱晓临《数值分析》第2版目录; 本地李庆扬等《数值分析》第5版目录,本地朱晓临《数值分析》第2版目录; 本地李庆扬等《数值分析》第5版目录,0.92
T086,机器精度,Concept,数值分析,误差分析与稳定性,机器精度是误差分析与稳定性中的关键知识点，用于支撑数值分析建模、算法理解或学习诊断。,中级,3,本地朱晓临《数值分析》第2版目录; 本地李庆扬等《数值分析》第5版目录,本地朱晓临《数值分析》第2版目录; 本地李庆扬等《数值分析》第5版目录,0.92
T087,浮点运算,Concept,数值分析,误差分析与稳定性,浮点运算是误差分析与稳定性中的关键知识点，用于支撑数值分析建模、算法理解或学习诊断。,中级,3,本地朱晓临《数值分析》第2版目录; 本地李庆扬等《数值分析》第5版目录,本地朱晓临《数值分析》第2版目录; 本地李庆扬等《数值分析》第5版目录,0.92
T088,灾难性消去,Concept,数值分析,误差分析与稳定性,灾难性消去是误差分析与稳定性中的关键知识点，用于支撑数值分析建模、算法理解或学习诊断。,中级,3,本地朱晓临《数值分析》第2版目录; 本地李庆扬等《数值分析》第5版目录,本地朱晓临《数值分析》第2版目录; 本地李庆扬等《数值分析》第5版目录,0.92
T089,误差传播,Topic,数值分析,误差分析与稳定性,误差传播是误差分析与稳定性中的关键知识点，用于支撑数值分析建模、算法理解或学习诊断。,中级,3,本地朱晓临《数值分析》第2版目录; 本地李庆扬等《数值分析》第5版目录,本地朱晓临《数值分析》第2版目录; 本地李庆扬等《数值分析》第5版目录,0.92
T090,算法稳定性,Concept,数值分析,误差分析与稳定性,算法稳定性是误差分析与稳定性中的关键知识点，用于支撑数值分析建模、算法理解或学习诊断。,中级,3,本地朱晓临《数值分析》第2版目录; 本地李庆扬等《数值分析》第5版目录,本地朱晓临《数值分析》第2版目录; 本地李庆扬等《数值分析》第5版目录,0.92
T091,问题病态性,Concept,数值分析,误差分析与稳定性,问题病态性是误差分析与稳定性中的关键知识点，用于支撑数值分析建模、算法理解或学习诊断。,中级,3,本地朱晓临《数值分析》第2版目录; 本地李庆扬等《数值分析》第5版目录,本地朱晓临《数值分析》第2版目录; 本地李庆扬等《数值分析》第5版目录,0.92
T092,前向误差,Concept,数值分析,误差分析与稳定性,前向误差是误差分析与稳定性中的关键知识点，用于支撑数值分析建模、算法理解或学习诊断。,中级,3,本地朱晓临《数值分析》第2版目录; 本地李庆扬等《数值分析》第5版目录,本地朱晓临《数值分析》第2版目录; 本地李庆扬等《数值分析》第5版目录,0.92
T093,后向误差,Topic,数值分析,误差分析与稳定性,后向误差是误差分析与稳定性中的关键知识点，用于支撑数值分析建模、算法理解或学习诊断。,中级,3,本地朱晓临《数值分析》第2版目录; 本地李庆扬等《数值分析》第5版目录,本地朱晓临《数值分析》第2版目录; 本地李庆扬等《数值分析》第5版目录,0.92
T094,残差,Concept,数值分析,误差分析与稳定性,残差是误差分析与稳定性中的关键知识点，用于支撑数值分析建模、算法理解或学习诊断。,中级,3,本地朱晓临《数值分析》第2版目录; 本地李庆扬等《数值分析》第5版目录,本地朱晓临《数值分析》第2版目录; 本地李庆扬等《数值分析》第5版目录,0.92
T095,扰动分析,Concept,数值分析,误差分析与稳定性,扰动分析是误差分析与稳定性中的关键知识点，用于支撑数值分析建模、算法理解或学习诊断。,中级,3,本地朱晓临《数值分析》第2版目录; 本地李庆扬等《数值分析》第5版目录,本地朱晓临《数值分析》第2版目录; 本地李庆扬等《数值分析》第5版目录,0.92
T096,算法收敛性,Concept,数值分析,误差分析与稳定性,算法收敛性是误差分析与稳定性中的关键知识点，用于支撑数值分析建模、算法理解或学习诊断。,中级,3,本地朱晓临《数值分析》第2版目录; 本地李庆扬等《数值分析》第5版目录,本地朱晓临《数值分析》第2版目录; 本地李庆扬等《数值分析》第5版目录,0.92
T097,误差相容性,Topic,数值分析,误差分析与稳定性,误差相容性是误差分析与稳定性中的关键知识点，用于支撑数值分析建模、算法理解或学习诊断。,中级,3,本地朱晓临《数值分析》第2版目录; 本地李庆扬等《数值分析》第5版目录,本地朱晓临《数值分析》第2版目录; 本地李庆扬等《数值分析》第5版目录,0.92
T098,全局误差,Concept,数值分析,误差分析与稳定性,全局误差是误差分析与稳定性中的关键知识点，用于支撑数值分析建模、算法理解或学习诊断。,中级,3,本地朱晓临《数值分析》第2版目录; 本地李庆扬等《数值分析》第5版目录,本地朱晓临《数值分析》第2版目录; 本地李庆扬等《数值分析》第5版目录,0.92
T099,局部误差,Concept,数值分析,误差分析与稳定性,局部误差是误差分析与稳定性中的关键知识点，用于支撑数值分析建模、算法理解或学习诊断。,中级,3,本地朱晓临《数值分析》第2版目录; 本地李庆扬等《数值分析》第5版目录,本地朱晓临《数值分析》第2版目录; 本地李庆扬等《数值分析》第5版目录,0.92
T100,停止准则,Concept,数值分析,误差分析与稳定性,停止准则是误差分析与稳定性中的关键知识点，用于支撑数值分析建模、算法理解或学习诊断。,中级,3,本地朱晓临《数值分析》第2版目录; 本地李庆扬等《数值分析》第5版目录,本地朱晓临《数值分析》第2版目录; 本地李庆扬等《数值分析》第5版目录,0.92
T101,精度控制,Topic,数值分析,误差分析与稳定性,精度控制是误差分析与稳定性中的关键知识点，用于支撑数值分析建模、算法理解或学习诊断。,中级,3,本地朱晓临《数值分析》第2版目录; 本地李庆扬等《数值分析》第5版目录,本地朱晓临《数值分析》第2版目录; 本地李庆扬等《数值分析》第5版目录,0.92
T102,条件数估计,Concept,数值分析,误差分析与稳定性,条件数估计是误差分析与稳定性中的关键知识点，用于支撑数值分析建模、算法理解或学习诊断。,中级,3,本地朱晓临《数值分析》第2版目录; 本地李庆扬等《数值分析》第5版目录,本地朱晓临《数值分析》第2版目录; 本地李庆扬等《数值分析》第5版目录,0.92
T103,非线性方程,Topic,数值分析,非线性方程求根,非线性方程是非线性方程求根中的关键知识点，用于支撑数值分析建模、算法理解或学习诊断。,中级,3,本地理论/实验课程大纲与14次课件目录; 本地朱晓临《数值分析》第2版目录,本地理论/实验课程大纲与14次课件目录; 本地朱晓临《数值分析》第2版目录,0.92
T104,实根隔离,Concept,数值分析,非线性方程求根,实根隔离是非线性方程求根中的关键知识点，用于支撑数值分析建模、算法理解或学习诊断。,中级,3,本地理论/实验课程大纲与14次课件目录; 本地朱晓临《数值分析》第2版目录,本地理论/实验课程大纲与14次课件目录; 本地朱晓临《数值分析》第2版目录,0.92
T105,区间套,Concept,数值分析,非线性方程求根,区间套是非线性方程求根中的关键知识点，用于支撑数值分析建模、算法理解或学习诊断。,中级,3,本地理论/实验课程大纲与14次课件目录; 本地朱晓临《数值分析》第2版目录,本地理论/实验课程大纲与14次课件目录; 本地朱晓临《数值分析》第2版目录,0.92
T106,不动点方程,Concept,数值分析,非线性方程求根,不动点方程是非线性方程求根中的关键知识点，用于支撑数值分析建模、算法理解或学习诊断。,中级,3,本地理论/实验课程大纲与14次课件目录; 本地朱晓临《数值分析》第2版目录,本地理论/实验课程大纲与14次课件目录; 本地朱晓临《数值分析》第2版目录,0.92
T107,压缩映射,Topic,数值分析,非线性方程求根,压缩映射是非线性方程求根中的关键知识点，用于支撑数值分析建模、算法理解或学习诊断。,中级,3,本地理论/实验课程大纲与14次课件目录; 本地朱晓临《数值分析》第2版目录,本地理论/实验课程大纲与14次课件目录; 本地朱晓临《数值分析》第2版目录,0.92
T108,迭代函数,Concept,数值分析,非线性方程求根,迭代函数是非线性方程求根中的关键知识点，用于支撑数值分析建模、算法理解或学习诊断。,中级,3,本地理论/实验课程大纲与14次课件目录; 本地朱晓临《数值分析》第2版目录,本地理论/实验课程大纲与14次课件目录; 本地朱晓临《数值分析》第2版目录,0.92
T109,收敛阶,Concept,数值分析,非线性方程求根,收敛阶是非线性方程求根中的关键知识点，用于支撑数值分析建模、算法理解或学习诊断。,中级,3,本地理论/实验课程大纲与14次课件目录; 本地朱晓临《数值分析》第2版目录,本地理论/实验课程大纲与14次课件目录; 本地朱晓临《数值分析》第2版目录,0.92
T110,线性收敛,Concept,数值分析,非线性方程求根,线性收敛是非线性方程求根中的关键知识点，用于支撑数值分析建模、算法理解或学习诊断。,中级,3,本地理论/实验课程大纲与14次课件目录; 本地朱晓临《数值分析》第2版目录,本地理论/实验课程大纲与14次课件目录; 本地朱晓临《数值分析》第2版目录,0.92
T111,超线性收敛,Topic,数值分析,非线性方程求根,超线性收敛是非线性方程求根中的关键知识点，用于支撑数值分析建模、算法理解或学习诊断。,中级,3,本地理论/实验课程大纲与14次课件目录; 本地朱晓临《数值分析》第2版目录,本地理论/实验课程大纲与14次课件目录; 本地朱晓临《数值分析》第2版目录,0.92
T112,二次收敛,Concept,数值分析,非线性方程求根,二次收敛是非线性方程求根中的关键知识点，用于支撑数值分析建模、算法理解或学习诊断。,中级,3,本地理论/实验课程大纲与14次课件目录; 本地朱晓临《数值分析》第2版目录,本地理论/实验课程大纲与14次课件目录; 本地朱晓临《数值分析》第2版目录,0.92
T113,Newton切线思想,Concept,数值分析,非线性方程求根,Newton切线思想是非线性方程求根中的关键知识点，用于支撑数值分析建模、算法理解或学习诊断。,中级,3,本地理论/实验课程大纲与14次课件目录; 本地朱晓临《数值分析》第2版目录,本地理论/实验课程大纲与14次课件目录; 本地朱晓临《数值分析》第2版目录,0.92
T114,导数为零情形,Concept,数值分析,非线性方程求根,导数为零情形是非线性方程求根中的关键知识点，用于支撑数值分析建模、算法理解或学习诊断。,中级,3,本地理论/实验课程大纲与14次课件目录; 本地朱晓临《数值分析》第2版目录,本地理论/实验课程大纲与14次课件目录; 本地朱晓临《数值分析》第2版目录,0.92
T115,多重根,Topic,数值分析,非线性方程求根,多重根是非线性方程求根中的关键知识点，用于支撑数值分析建模、算法理解或学习诊断。,中级,3,本地理论/实验课程大纲与14次课件目录; 本地朱晓临《数值分析》第2版目录,本地理论/实验课程大纲与14次课件目录; 本地朱晓临《数值分析》第2版目录,0.92
T116,弦截近似,Concept,数值分析,非线性方程求根,弦截近似是非线性方程求根中的关键知识点，用于支撑数值分析建模、算法理解或学习诊断。,中级,3,本地理论/实验课程大纲与14次课件目录; 本地朱晓临《数值分析》第2版目录,本地理论/实验课程大纲与14次课件目录; 本地朱晓临《数值分析》第2版目录,0.92
T117,Muller二次插值,Concept,数值分析,非线性方程求根,Muller二次插值是非线性方程求根中的关键知识点，用于支撑数值分析建模、算法理解或学习诊断。,中级,3,本地理论/实验课程大纲与14次课件目录; 本地朱晓临《数值分析》第2版目录,本地理论/实验课程大纲与14次课件目录; 本地朱晓临《数值分析》第2版目录,0.92
T118,非线性方程组,Concept,数值分析,非线性方程求根,非线性方程组是非线性方程求根中的关键知识点，用于支撑数值分析建模、算法理解或学习诊断。,中级,3,本地理论/实验课程大纲与14次课件目录; 本地朱晓临《数值分析》第2版目录,本地理论/实验课程大纲与14次课件目录; 本地朱晓临《数值分析》第2版目录,0.92
T119,Jacobian矩阵,Topic,数值分析,非线性方程求根,Jacobian矩阵是非线性方程求根中的关键知识点，用于支撑数值分析建模、算法理解或学习诊断。,中级,3,本地理论/实验课程大纲与14次课件目录; 本地朱晓临《数值分析》第2版目录,本地理论/实验课程大纲与14次课件目录; 本地朱晓临《数值分析》第2版目录,0.92
T120,Newton修正方程,Concept,数值分析,非线性方程求根,Newton修正方程是非线性方程求根中的关键知识点，用于支撑数值分析建模、算法理解或学习诊断。,中级,3,本地理论/实验课程大纲与14次课件目录; 本地朱晓临《数值分析》第2版目录,本地理论/实验课程大纲与14次课件目录; 本地朱晓临《数值分析》第2版目录,0.92
T121,阻尼策略,Concept,数值分析,非线性方程求根,阻尼策略是非线性方程求根中的关键知识点，用于支撑数值分析建模、算法理解或学习诊断。,中级,3,本地理论/实验课程大纲与14次课件目录; 本地朱晓临《数值分析》第2版目录,本地理论/实验课程大纲与14次课件目录; 本地朱晓临《数值分析》第2版目录,0.92
T122,局部收敛性,Concept,数值分析,非线性方程求根,局部收敛性是非线性方程求根中的关键知识点，用于支撑数值分析建模、算法理解或学习诊断。,中级,3,本地理论/实验课程大纲与14次课件目录; 本地朱晓临《数值分析》第2版目录,本地理论/实验课程大纲与14次课件目录; 本地朱晓临《数值分析》第2版目录,0.92
T123,全局化策略,Topic,数值分析,非线性方程求根,全局化策略是非线性方程求根中的关键知识点，用于支撑数值分析建模、算法理解或学习诊断。,中级,3,本地理论/实验课程大纲与14次课件目录; 本地朱晓临《数值分析》第2版目录,本地理论/实验课程大纲与14次课件目录; 本地朱晓临《数值分析》第2版目录,0.92
T124,根的敏感性,Concept,数值分析,非线性方程求根,根的敏感性是非线性方程求根中的关键知识点，用于支撑数值分析建模、算法理解或学习诊断。,中级,3,本地理论/实验课程大纲与14次课件目录; 本地朱晓临《数值分析》第2版目录,本地理论/实验课程大纲与14次课件目录; 本地朱晓临《数值分析》第2版目录,0.92
T125,终止判据,Concept,数值分析,非线性方程求根,终止判据是非线性方程求根中的关键知识点，用于支撑数值分析建模、算法理解或学习诊断。,中级,3,本地理论/实验课程大纲与14次课件目录; 本地朱晓临《数值分析》第2版目录,本地理论/实验课程大纲与14次课件目录; 本地朱晓临《数值分析》第2版目录,0.92
T126,函数评价次数,Concept,数值分析,非线性方程求根,函数评价次数是非线性方程求根中的关键知识点，用于支撑数值分析建模、算法理解或学习诊断。,中级,3,本地理论/实验课程大纲与14次课件目录; 本地朱晓临《数值分析》第2版目录,本地理论/实验课程大纲与14次课件目录; 本地朱晓临《数值分析》第2版目录,0.92
T127,初值选择,Topic,数值分析,非线性方程求根,初值选择是非线性方程求根中的关键知识点，用于支撑数值分析建模、算法理解或学习诊断。,中级,3,本地理论/实验课程大纲与14次课件目录; 本地朱晓临《数值分析》第2版目录,本地理论/实验课程大纲与14次课件目录; 本地朱晓临《数值分析》第2版目录,0.92
T128,直接法,Topic,数值分析,线性方程组数值解法,直接法是线性方程组数值解法中的关键知识点，用于支撑数值分析建模、算法理解或学习诊断。,中级,3,本地理论/实验课程大纲与14次课件目录; 本地朱晓临《数值分析》第2版目录; Netlib Templates for the Solution of Linear Systems,本地理论/实验课程大纲与14次课件目录; 本地朱晓临《数值分析》第2版目录; Netlib Templates for the Solution of Linear Systems,0.92
T129,消元过程,Concept,数值分析,线性方程组数值解法,消元过程是线性方程组数值解法中的关键知识点，用于支撑数值分析建模、算法理解或学习诊断。,中级,3,本地理论/实验课程大纲与14次课件目录; 本地朱晓临《数值分析》第2版目录; Netlib Templates for the Solution of Linear Systems,本地理论/实验课程大纲与14次课件目录; 本地朱晓临《数值分析》第2版目录; Netlib Templates for the Solution of Linear Systems,0.92
T130,主元选择,Concept,数值分析,线性方程组数值解法,主元选择是线性方程组数值解法中的关键知识点，用于支撑数值分析建模、算法理解或学习诊断。,中级,3,本地理论/实验课程大纲与14次课件目录; 本地朱晓临《数值分析》第2版目录; Netlib Templates for the Solution of Linear Systems,本地理论/实验课程大纲与14次课件目录; 本地朱晓临《数值分析》第2版目录; Netlib Templates for the Solution of Linear Systems,0.92
T131,矩阵分解思想,Concept,数值分析,线性方程组数值解法,矩阵分解思想是线性方程组数值解法中的关键知识点，用于支撑数值分析建模、算法理解或学习诊断。,中级,3,本地理论/实验课程大纲与14次课件目录; 本地朱晓临《数值分析》第2版目录; Netlib Templates for the Solution of Linear Systems,本地理论/实验课程大纲与14次课件目录; 本地朱晓临《数值分析》第2版目录; Netlib Templates for the Solution of Linear Systems,0.92
T132,LU因子,Topic,数值分析,线性方程组数值解法,LU因子是线性方程组数值解法中的关键知识点，用于支撑数值分析建模、算法理解或学习诊断。,中级,3,本地理论/实验课程大纲与14次课件目录; 本地朱晓临《数值分析》第2版目录; Netlib Templates for the Solution of Linear Systems,本地理论/实验课程大纲与14次课件目录; 本地朱晓临《数值分析》第2版目录; Netlib Templates for the Solution of Linear Systems,0.92
T133,LUP分解,Concept,数值分析,线性方程组数值解法,LUP分解是线性方程组数值解法中的关键知识点，用于支撑数值分析建模、算法理解或学习诊断。,中级,3,本地理论/实验课程大纲与14次课件目录; 本地朱晓临《数值分析》第2版目录; Netlib Templates for the Solution of Linear Systems,本地理论/实验课程大纲与14次课件目录; 本地朱晓临《数值分析》第2版目录; Netlib Templates for the Solution of Linear Systems,0.92
T134,Cholesky因子,Concept,数值分析,线性方程组数值解法,Cholesky因子是线性方程组数值解法中的关键知识点，用于支撑数值分析建模、算法理解或学习诊断。,中级,3,本地理论/实验课程大纲与14次课件目录; 本地朱晓临《数值分析》第2版目录; Netlib Templates for the Solution of Linear Systems,本地理论/实验课程大纲与14次课件目录; 本地朱晓临《数值分析》第2版目录; Netlib Templates for the Solution of Linear Systems,0.92
T135,三对角方程组,Concept,数值分析,线性方程组数值解法,三对角方程组是线性方程组数值解法中的关键知识点，用于支撑数值分析建模、算法理解或学习诊断。,中级,3,本地理论/实验课程大纲与14次课件目录; 本地朱晓临《数值分析》第2版目录; Netlib Templates for the Solution of Linear Systems,本地理论/实验课程大纲与14次课件目录; 本地朱晓临《数值分析》第2版目录; Netlib Templates for the Solution of Linear Systems,0.92
T136,稀疏线性系统,Topic,数值分析,线性方程组数值解法,稀疏线性系统是线性方程组数值解法中的关键知识点，用于支撑数值分析建模、算法理解或学习诊断。,中级,3,本地理论/实验课程大纲与14次课件目录; 本地朱晓临《数值分析》第2版目录; Netlib Templates for the Solution of Linear Systems,本地理论/实验课程大纲与14次课件目录; 本地朱晓临《数值分析》第2版目录; Netlib Templates for the Solution of Linear Systems,0.92
T137,填充元,Concept,数值分析,线性方程组数值解法,填充元是线性方程组数值解法中的关键知识点，用于支撑数值分析建模、算法理解或学习诊断。,中级,3,本地理论/实验课程大纲与14次课件目录; 本地朱晓临《数值分析》第2版目录; Netlib Templates for the Solution of Linear Systems,本地理论/实验课程大纲与14次课件目录; 本地朱晓临《数值分析》第2版目录; Netlib Templates for the Solution of Linear Systems,0.92
T138,线性迭代法,Concept,数值分析,线性方程组数值解法,线性迭代法是线性方程组数值解法中的关键知识点，用于支撑数值分析建模、算法理解或学习诊断。,中级,3,本地理论/实验课程大纲与14次课件目录; 本地朱晓临《数值分析》第2版目录; Netlib Templates for the Solution of Linear Systems,本地理论/实验课程大纲与14次课件目录; 本地朱晓临《数值分析》第2版目录; Netlib Templates for the Solution of Linear Systems,0.92
T139,迭代矩阵,Concept,数值分析,线性方程组数值解法,迭代矩阵是线性方程组数值解法中的关键知识点，用于支撑数值分析建模、算法理解或学习诊断。,中级,3,本地理论/实验课程大纲与14次课件目录; 本地朱晓临《数值分析》第2版目录; Netlib Templates for the Solution of Linear Systems,本地理论/实验课程大纲与14次课件目录; 本地朱晓临《数值分析》第2版目录; Netlib Templates for the Solution of Linear Systems,0.92
T140,Jacobi分裂,Topic,数值分析,线性方程组数值解法,Jacobi分裂是线性方程组数值解法中的关键知识点，用于支撑数值分析建模、算法理解或学习诊断。,中级,3,本地理论/实验课程大纲与14次课件目录; 本地朱晓临《数值分析》第2版目录; Netlib Templates for the Solution of Linear Systems,本地理论/实验课程大纲与14次课件目录; 本地朱晓临《数值分析》第2版目录; Netlib Templates for the Solution of Linear Systems,0.92
T141,Gauss-Seidel分裂,Concept,数值分析,线性方程组数值解法,Gauss-Seidel分裂是线性方程组数值解法中的关键知识点，用于支撑数值分析建模、算法理解或学习诊断。,中级,3,本地理论/实验课程大纲与14次课件目录; 本地朱晓临《数值分析》第2版目录; Netlib Templates for the Solution of Linear Systems,本地理论/实验课程大纲与14次课件目录; 本地朱晓临《数值分析》第2版目录; Netlib Templates for the Solution of Linear Systems,0.92
T142,松弛因子,Concept,数值分析,线性方程组数值解法,松弛因子是线性方程组数值解法中的关键知识点，用于支撑数值分析建模、算法理解或学习诊断。,中级,3,本地理论/实验课程大纲与14次课件目录; 本地朱晓临《数值分析》第2版目录; Netlib Templates for the Solution of Linear Systems,本地理论/实验课程大纲与14次课件目录; 本地朱晓临《数值分析》第2版目录; Netlib Templates for the Solution of Linear Systems,0.92
T143,线性迭代收敛判据,Concept,数值分析,线性方程组数值解法,线性迭代收敛判据是线性方程组数值解法中的关键知识点，用于支撑数值分析建模、算法理解或学习诊断。,中级,3,本地理论/实验课程大纲与14次课件目录; 本地朱晓临《数值分析》第2版目录; Netlib Templates for the Solution of Linear Systems,本地理论/实验课程大纲与14次课件目录; 本地朱晓临《数值分析》第2版目录; Netlib Templates for the Solution of Linear Systems,0.92
T144,谱半径判据,Topic,数值分析,线性方程组数值解法,谱半径判据是线性方程组数值解法中的关键知识点，用于支撑数值分析建模、算法理解或学习诊断。,中级,3,本地理论/实验课程大纲与14次课件目录; 本地朱晓临《数值分析》第2版目录; Netlib Templates for the Solution of Linear Systems,本地理论/实验课程大纲与14次课件目录; 本地朱晓临《数值分析》第2版目录; Netlib Templates for the Solution of Linear Systems,0.92
T145,对角占优条件,Concept,数值分析,线性方程组数值解法,对角占优条件是线性方程组数值解法中的关键知识点，用于支撑数值分析建模、算法理解或学习诊断。,中级,3,本地理论/实验课程大纲与14次课件目录; 本地朱晓临《数值分析》第2版目录; Netlib Templates for the Solution of Linear Systems,本地理论/实验课程大纲与14次课件目录; 本地朱晓临《数值分析》第2版目录; Netlib Templates for the Solution of Linear Systems,0.92
T146,对称正定条件,Concept,数值分析,线性方程组数值解法,对称正定条件是线性方程组数值解法中的关键知识点，用于支撑数值分析建模、算法理解或学习诊断。,中级,3,本地理论/实验课程大纲与14次课件目录; 本地朱晓临《数值分析》第2版目录; Netlib Templates for the Solution of Linear Systems,本地理论/实验课程大纲与14次课件目录; 本地朱晓临《数值分析》第2版目录; Netlib Templates for the Solution of Linear Systems,0.92
T147,残差校正,Concept,数值分析,线性方程组数值解法,残差校正是线性方程组数值解法中的关键知识点，用于支撑数值分析建模、算法理解或学习诊断。,中级,3,本地理论/实验课程大纲与14次课件目录; 本地朱晓临《数值分析》第2版目录; Netlib Templates for the Solution of Linear Systems,本地理论/实验课程大纲与14次课件目录; 本地朱晓临《数值分析》第2版目录; Netlib Templates for the Solution of Linear Systems,0.92
T148,预条件,Topic,数值分析,线性方程组数值解法,预条件是线性方程组数值解法中的关键知识点，用于支撑数值分析建模、算法理解或学习诊断。,中级,3,本地理论/实验课程大纲与14次课件目录; 本地朱晓临《数值分析》第2版目录; Netlib Templates for the Solution of Linear Systems,本地理论/实验课程大纲与14次课件目录; 本地朱晓临《数值分析》第2版目录; Netlib Templates for the Solution of Linear Systems,0.92
T149,Krylov方法,Concept,数值分析,线性方程组数值解法,Krylov方法是线性方程组数值解法中的关键知识点，用于支撑数值分析建模、算法理解或学习诊断。,中级,3,本地理论/实验课程大纲与14次课件目录; 本地朱晓临《数值分析》第2版目录; Netlib Templates for the Solution of Linear Systems,本地理论/实验课程大纲与14次课件目录; 本地朱晓临《数值分析》第2版目录; Netlib Templates for the Solution of Linear Systems,0.92
T150,共轭方向,Concept,数值分析,线性方程组数值解法,共轭方向是线性方程组数值解法中的关键知识点，用于支撑数值分析建模、算法理解或学习诊断。,中级,3,本地理论/实验课程大纲与14次课件目录; 本地朱晓临《数值分析》第2版目录; Netlib Templates for the Solution of Linear Systems,本地理论/实验课程大纲与14次课件目录; 本地朱晓临《数值分析》第2版目录; Netlib Templates for the Solution of Linear Systems,0.92
T151,正规方程,Concept,数值分析,线性方程组数值解法,正规方程是线性方程组数值解法中的关键知识点，用于支撑数值分析建模、算法理解或学习诊断。,中级,3,本地理论/实验课程大纲与14次课件目录; 本地朱晓临《数值分析》第2版目录; Netlib Templates for the Solution of Linear Systems,本地理论/实验课程大纲与14次课件目录; 本地朱晓临《数值分析》第2版目录; Netlib Templates for the Solution of Linear Systems,0.92
T152,最小残量思想,Topic,数值分析,线性方程组数值解法,最小残量思想是线性方程组数值解法中的关键知识点，用于支撑数值分析建模、算法理解或学习诊断。,中级,3,本地理论/实验课程大纲与14次课件目录; 本地朱晓临《数值分析》第2版目录; Netlib Templates for the Solution of Linear Systems,本地理论/实验课程大纲与14次课件目录; 本地朱晓临《数值分析》第2版目录; Netlib Templates for the Solution of Linear Systems,0.92
T153,条件数与误差界,Concept,数值分析,线性方程组数值解法,条件数与误差界是线性方程组数值解法中的关键知识点，用于支撑数值分析建模、算法理解或学习诊断。,中级,3,本地理论/实验课程大纲与14次课件目录; 本地朱晓临《数值分析》第2版目录; Netlib Templates for the Solution of Linear Systems,本地理论/实验课程大纲与14次课件目录; 本地朱晓临《数值分析》第2版目录; Netlib Templates for the Solution of Linear Systems,0.92
T154,病态方程组,Concept,数值分析,线性方程组数值解法,病态方程组是线性方程组数值解法中的关键知识点，用于支撑数值分析建模、算法理解或学习诊断。,中级,3,本地理论/实验课程大纲与14次课件目录; 本地朱晓临《数值分析》第2版目录; Netlib Templates for the Solution of Linear Systems,本地理论/实验课程大纲与14次课件目录; 本地朱晓临《数值分析》第2版目录; Netlib Templates for the Solution of Linear Systems,0.92
T155,矩阵缩放,Concept,数值分析,线性方程组数值解法,矩阵缩放是线性方程组数值解法中的关键知识点，用于支撑数值分析建模、算法理解或学习诊断。,中级,3,本地理论/实验课程大纲与14次课件目录; 本地朱晓临《数值分析》第2版目录; Netlib Templates for the Solution of Linear Systems,本地理论/实验课程大纲与14次课件目录; 本地朱晓临《数值分析》第2版目录; Netlib Templates for the Solution of Linear Systems,0.92
T156,迭代改进,Topic,数值分析,线性方程组数值解法,迭代改进是线性方程组数值解法中的关键知识点，用于支撑数值分析建模、算法理解或学习诊断。,中级,3,本地理论/实验课程大纲与14次课件目录; 本地朱晓临《数值分析》第2版目录; Netlib Templates for the Solution of Linear Systems,本地理论/实验课程大纲与14次课件目录; 本地朱晓临《数值分析》第2版目录; Netlib Templates for the Solution of Linear Systems,0.92
T157,大规模线性系统,Concept,数值分析,线性方程组数值解法,大规模线性系统是线性方程组数值解法中的关键知识点，用于支撑数值分析建模、算法理解或学习诊断。,中级,3,本地理论/实验课程大纲与14次课件目录; 本地朱晓临《数值分析》第2版目录; Netlib Templates for the Solution of Linear Systems,本地理论/实验课程大纲与14次课件目录; 本地朱晓临《数值分析》第2版目录; Netlib Templates for the Solution of Linear Systems,0.92
T158,插值问题,Topic,数值分析,插值与样条,插值问题是插值与样条中的关键知识点，用于支撑数值分析建模、算法理解或学习诊断。,中级,3,本地理论/实验课程大纲与14次课件目录; 本地朱晓临《数值分析》第2版目录; 本地李庆扬等《数值分析》第5版目录,本地理论/实验课程大纲与14次课件目录; 本地朱晓临《数值分析》第2版目录; 本地李庆扬等《数值分析》第5版目录,0.92
T159,插值节点,Concept,数值分析,插值与样条,插值节点是插值与样条中的关键知识点，用于支撑数值分析建模、算法理解或学习诊断。,中级,3,本地理论/实验课程大纲与14次课件目录; 本地朱晓临《数值分析》第2版目录; 本地李庆扬等《数值分析》第5版目录,本地理论/实验课程大纲与14次课件目录; 本地朱晓临《数值分析》第2版目录; 本地李庆扬等《数值分析》第5版目录,0.92
T160,插值多项式,Concept,数值分析,插值与样条,插值多项式是插值与样条中的关键知识点，用于支撑数值分析建模、算法理解或学习诊断。,中级,3,本地理论/实验课程大纲与14次课件目录; 本地朱晓临《数值分析》第2版目录; 本地李庆扬等《数值分析》第5版目录,本地理论/实验课程大纲与14次课件目录; 本地朱晓临《数值分析》第2版目录; 本地李庆扬等《数值分析》第5版目录,0.92
T161,插值基函数,Concept,数值分析,插值与样条,插值基函数是插值与样条中的关键知识点，用于支撑数值分析建模、算法理解或学习诊断。,中级,3,本地理论/实验课程大纲与14次课件目录; 本地朱晓临《数值分析》第2版目录; 本地李庆扬等《数值分析》第5版目录,本地理论/实验课程大纲与14次课件目录; 本地朱晓临《数值分析》第2版目录; 本地李庆扬等《数值分析》第5版目录,0.92
T162,Lagrange基函数,Topic,数值分析,插值与样条,Lagrange基函数是插值与样条中的关键知识点，用于支撑数值分析建模、算法理解或学习诊断。,中级,3,本地理论/实验课程大纲与14次课件目录; 本地朱晓临《数值分析》第2版目录; 本地李庆扬等《数值分析》第5版目录,本地理论/实验课程大纲与14次课件目录; 本地朱晓临《数值分析》第2版目录; 本地李庆扬等《数值分析》第5版目录,0.92
T163,Newton均差,Concept,数值分析,插值与样条,Newton均差是插值与样条中的关键知识点，用于支撑数值分析建模、算法理解或学习诊断。,中级,3,本地理论/实验课程大纲与14次课件目录; 本地朱晓临《数值分析》第2版目录; 本地李庆扬等《数值分析》第5版目录,本地理论/实验课程大纲与14次课件目录; 本地朱晓临《数值分析》第2版目录; 本地李庆扬等《数值分析》第5版目录,0.92
T164,差分,Concept,数值分析,插值与样条,差分是插值与样条中的关键知识点，用于支撑数值分析建模、算法理解或学习诊断。,中级,3,本地理论/实验课程大纲与14次课件目录; 本地朱晓临《数值分析》第2版目录; 本地李庆扬等《数值分析》第5版目录,本地理论/实验课程大纲与14次课件目录; 本地朱晓临《数值分析》第2版目录; 本地李庆扬等《数值分析》第5版目录,0.92
T165,重节点,Concept,数值分析,插值与样条,重节点是插值与样条中的关键知识点，用于支撑数值分析建模、算法理解或学习诊断。,中级,3,本地理论/实验课程大纲与14次课件目录; 本地朱晓临《数值分析》第2版目录; 本地李庆扬等《数值分析》第5版目录,本地理论/实验课程大纲与14次课件目录; 本地朱晓临《数值分析》第2版目录; 本地李庆扬等《数值分析》第5版目录,0.92
T166,Hermite条件,Topic,数值分析,插值与样条,Hermite条件是插值与样条中的关键知识点，用于支撑数值分析建模、算法理解或学习诊断。,中级,3,本地理论/实验课程大纲与14次课件目录; 本地朱晓临《数值分析》第2版目录; 本地李庆扬等《数值分析》第5版目录,本地理论/实验课程大纲与14次课件目录; 本地朱晓临《数值分析》第2版目录; 本地李庆扬等《数值分析》第5版目录,0.92
T167,插值余项,Concept,数值分析,插值与样条,插值余项是插值与样条中的关键知识点，用于支撑数值分析建模、算法理解或学习诊断。,中级,3,本地理论/实验课程大纲与14次课件目录; 本地朱晓临《数值分析》第2版目录; 本地李庆扬等《数值分析》第5版目录,本地理论/实验课程大纲与14次课件目录; 本地朱晓临《数值分析》第2版目录; 本地李庆扬等《数值分析》第5版目录,0.92
T168,Runge现象,Concept,数值分析,插值与样条,Runge现象是插值与样条中的关键知识点，用于支撑数值分析建模、算法理解或学习诊断。,中级,3,本地理论/实验课程大纲与14次课件目录; 本地朱晓临《数值分析》第2版目录; 本地李庆扬等《数值分析》第5版目录,本地理论/实验课程大纲与14次课件目录; 本地朱晓临《数值分析》第2版目录; 本地李庆扬等《数值分析》第5版目录,0.92
T169,分段插值,Concept,数值分析,插值与样条,分段插值是插值与样条中的关键知识点，用于支撑数值分析建模、算法理解或学习诊断。,中级,3,本地理论/实验课程大纲与14次课件目录; 本地朱晓临《数值分析》第2版目录; 本地李庆扬等《数值分析》第5版目录,本地理论/实验课程大纲与14次课件目录; 本地朱晓临《数值分析》第2版目录; 本地李庆扬等《数值分析》第5版目录,0.92
T170,分段线性插值,Topic,数值分析,插值与样条,分段线性插值是插值与样条中的关键知识点，用于支撑数值分析建模、算法理解或学习诊断。,中级,3,本地理论/实验课程大纲与14次课件目录; 本地朱晓临《数值分析》第2版目录; 本地李庆扬等《数值分析》第5版目录,本地理论/实验课程大纲与14次课件目录; 本地朱晓临《数值分析》第2版目录; 本地李庆扬等《数值分析》第5版目录,0.92
T171,分段三次Hermite插值,Concept,数值分析,插值与样条,分段三次Hermite插值是插值与样条中的关键知识点，用于支撑数值分析建模、算法理解或学习诊断。,中级,3,本地理论/实验课程大纲与14次课件目录; 本地朱晓临《数值分析》第2版目录; 本地李庆扬等《数值分析》第5版目录,本地理论/实验课程大纲与14次课件目录; 本地朱晓临《数值分析》第2版目录; 本地李庆扬等《数值分析》第5版目录,0.92
T172,三次样条函数,Concept,数值分析,插值与样条,三次样条函数是插值与样条中的关键知识点，用于支撑数值分析建模、算法理解或学习诊断。,中级,3,本地理论/实验课程大纲与14次课件目录; 本地朱晓临《数值分析》第2版目录; 本地李庆扬等《数值分析》第5版目录,本地理论/实验课程大纲与14次课件目录; 本地朱晓临《数值分析》第2版目录; 本地李庆扬等《数值分析》第5版目录,0.92
T173,自然边界条件,Concept,数值分析,插值与样条,自然边界条件是插值与样条中的关键知识点，用于支撑数值分析建模、算法理解或学习诊断。,中级,3,本地理论/实验课程大纲与14次课件目录; 本地朱晓临《数值分析》第2版目录; 本地李庆扬等《数值分析》第5版目录,本地理论/实验课程大纲与14次课件目录; 本地朱晓临《数值分析》第2版目录; 本地李庆扬等《数值分析》第5版目录,0.92
T174,夹持边界条件,Topic,数值分析,插值与样条,夹持边界条件是插值与样条中的关键知识点，用于支撑数值分析建模、算法理解或学习诊断。,中级,3,本地理论/实验课程大纲与14次课件目录; 本地朱晓临《数值分析》第2版目录; 本地李庆扬等《数值分析》第5版目录,本地理论/实验课程大纲与14次课件目录; 本地朱晓临《数值分析》第2版目录; 本地李庆扬等《数值分析》第5版目录,0.92
T175,B样条,Concept,数值分析,插值与样条,B样条是插值与样条中的关键知识点，用于支撑数值分析建模、算法理解或学习诊断。,中级,3,本地理论/实验课程大纲与14次课件目录; 本地朱晓临《数值分析》第2版目录; 本地李庆扬等《数值分析》第5版目录,本地理论/实验课程大纲与14次课件目录; 本地朱晓临《数值分析》第2版目录; 本地李庆扬等《数值分析》第5版目录,0.92
T176,节点选择,Concept,数值分析,插值与样条,节点选择是插值与样条中的关键知识点，用于支撑数值分析建模、算法理解或学习诊断。,中级,3,本地理论/实验课程大纲与14次课件目录; 本地朱晓临《数值分析》第2版目录; 本地李庆扬等《数值分析》第5版目录,本地理论/实验课程大纲与14次课件目录; 本地朱晓临《数值分析》第2版目录; 本地李庆扬等《数值分析》第5版目录,0.92
T177,Chebyshev节点,Concept,数值分析,插值与样条,Chebyshev节点是插值与样条中的关键知识点，用于支撑数值分析建模、算法理解或学习诊断。,中级,3,本地理论/实验课程大纲与14次课件目录; 本地朱晓临《数值分析》第2版目录; 本地李庆扬等《数值分析》第5版目录,本地理论/实验课程大纲与14次课件目录; 本地朱晓临《数值分析》第2版目录; 本地李庆扬等《数值分析》第5版目录,0.92
T178,插值稳定性,Topic,数值分析,插值与样条,插值稳定性是插值与样条中的关键知识点，用于支撑数值分析建模、算法理解或学习诊断。,中级,3,本地理论/实验课程大纲与14次课件目录; 本地朱晓临《数值分析》第2版目录; 本地李庆扬等《数值分析》第5版目录,本地理论/实验课程大纲与14次课件目录; 本地朱晓临《数值分析》第2版目录; 本地李庆扬等《数值分析》第5版目录,0.92
T179,Lebesgue常数,Concept,数值分析,插值与样条,Lebesgue常数是插值与样条中的关键知识点，用于支撑数值分析建模、算法理解或学习诊断。,中级,3,本地理论/实验课程大纲与14次课件目录; 本地朱晓临《数值分析》第2版目录; 本地李庆扬等《数值分析》第5版目录,本地理论/实验课程大纲与14次课件目录; 本地朱晓临《数值分析》第2版目录; 本地李庆扬等《数值分析》第5版目录,0.92
T180,样条光滑性,Concept,数值分析,插值与样条,样条光滑性是插值与样条中的关键知识点，用于支撑数值分析建模、算法理解或学习诊断。,中级,3,本地理论/实验课程大纲与14次课件目录; 本地朱晓临《数值分析》第2版目录; 本地李庆扬等《数值分析》第5版目录,本地理论/实验课程大纲与14次课件目录; 本地朱晓临《数值分析》第2版目录; 本地李庆扬等《数值分析》第5版目录,0.92
T181,曲线重构,Concept,数值分析,插值与样条,曲线重构是插值与样条中的关键知识点，用于支撑数值分析建模、算法理解或学习诊断。,中级,3,本地理论/实验课程大纲与14次课件目录; 本地朱晓临《数值分析》第2版目录; 本地李庆扬等《数值分析》第5版目录,本地理论/实验课程大纲与14次课件目录; 本地朱晓临《数值分析》第2版目录; 本地李庆扬等《数值分析》第5版目录,0.92
T182,表格函数,Topic,数值分析,插值与样条,表格函数是插值与样条中的关键知识点，用于支撑数值分析建模、算法理解或学习诊断。,中级,3,本地理论/实验课程大纲与14次课件目录; 本地朱晓临《数值分析》第2版目录; 本地李庆扬等《数值分析》第5版目录,本地理论/实验课程大纲与14次课件目录; 本地朱晓临《数值分析》第2版目录; 本地李庆扬等《数值分析》第5版目录,0.92
T183,函数逼近,Topic,数值分析,拟合与函数逼近,函数逼近是拟合与函数逼近中的关键知识点，用于支撑数值分析建模、算法理解或学习诊断。,中级,3,本地理论/实验课程大纲与14次课件目录; 本地李庆扬等《数值分析》第5版目录,本地理论/实验课程大纲与14次课件目录; 本地李庆扬等《数值分析》第5版目录,0.92
T184,赋范线性空间,Concept,数值分析,拟合与函数逼近,赋范线性空间是拟合与函数逼近中的关键知识点，用于支撑数值分析建模、算法理解或学习诊断。,中级,3,本地理论/实验课程大纲与14次课件目录; 本地李庆扬等《数值分析》第5版目录,本地理论/实验课程大纲与14次课件目录; 本地李庆扬等《数值分析》第5版目录,0.92
T185,内积空间,Concept,数值分析,拟合与函数逼近,内积空间是拟合与函数逼近中的关键知识点，用于支撑数值分析建模、算法理解或学习诊断。,中级,3,本地理论/实验课程大纲与14次课件目录; 本地李庆扬等《数值分析》第5版目录,本地理论/实验课程大纲与14次课件目录; 本地李庆扬等《数值分析》第5版目录,0.92
T186,最佳逼近,Concept,数值分析,拟合与函数逼近,最佳逼近是拟合与函数逼近中的关键知识点，用于支撑数值分析建模、算法理解或学习诊断。,中级,3,本地理论/实验课程大纲与14次课件目录; 本地李庆扬等《数值分析》第5版目录,本地理论/实验课程大纲与14次课件目录; 本地李庆扬等《数值分析》第5版目录,0.92
T187,函数空间正交投影,Topic,数值分析,拟合与函数逼近,函数空间正交投影是拟合与函数逼近中的关键知识点，用于支撑数值分析建模、算法理解或学习诊断。,中级,3,本地理论/实验课程大纲与14次课件目录; 本地李庆扬等《数值分析》第5版目录,本地理论/实验课程大纲与14次课件目录; 本地李庆扬等《数值分析》第5版目录,0.92
T188,正交多项式,Concept,数值分析,拟合与函数逼近,正交多项式是拟合与函数逼近中的关键知识点，用于支撑数值分析建模、算法理解或学习诊断。,中级,3,本地理论/实验课程大纲与14次课件目录; 本地李庆扬等《数值分析》第5版目录,本地理论/实验课程大纲与14次课件目录; 本地李庆扬等《数值分析》第5版目录,0.92
T189,Legendre多项式,Concept,数值分析,拟合与函数逼近,Legendre多项式是拟合与函数逼近中的关键知识点，用于支撑数值分析建模、算法理解或学习诊断。,中级,3,本地理论/实验课程大纲与14次课件目录; 本地李庆扬等《数值分析》第5版目录,本地理论/实验课程大纲与14次课件目录; 本地李庆扬等《数值分析》第5版目录,0.92
T190,Chebyshev多项式,Concept,数值分析,拟合与函数逼近,Chebyshev多项式是拟合与函数逼近中的关键知识点，用于支撑数值分析建模、算法理解或学习诊断。,中级,3,本地理论/实验课程大纲与14次课件目录; 本地李庆扬等《数值分析》第5版目录,本地理论/实验课程大纲与14次课件目录; 本地李庆扬等《数值分析》第5版目录,0.92
T191,最佳平方逼近,Topic,数值分析,拟合与函数逼近,最佳平方逼近是拟合与函数逼近中的关键知识点，用于支撑数值分析建模、算法理解或学习诊断。,中级,3,本地理论/实验课程大纲与14次课件目录; 本地李庆扬等《数值分析》第5版目录,本地理论/实验课程大纲与14次课件目录; 本地李庆扬等《数值分析》第5版目录,0.92
T192,最佳一致逼近,Concept,数值分析,拟合与函数逼近,最佳一致逼近是拟合与函数逼近中的关键知识点，用于支撑数值分析建模、算法理解或学习诊断。,中级,3,本地理论/实验课程大纲与14次课件目录; 本地李庆扬等《数值分析》第5版目录,本地理论/实验课程大纲与14次课件目录; 本地李庆扬等《数值分析》第5版目录,0.92
T193,最小二乘拟合,Concept,数值分析,拟合与函数逼近,最小二乘拟合是拟合与函数逼近中的关键知识点，用于支撑数值分析建模、算法理解或学习诊断。,中级,3,本地理论/实验课程大纲与14次课件目录; 本地李庆扬等《数值分析》第5版目录,本地理论/实验课程大纲与14次课件目录; 本地李庆扬等《数值分析》第5版目录,0.92
T194,基函数选择,Concept,数值分析,拟合与函数逼近,基函数选择是拟合与函数逼近中的关键知识点，用于支撑数值分析建模、算法理解或学习诊断。,中级,3,本地理论/实验课程大纲与14次课件目录; 本地李庆扬等《数值分析》第5版目录,本地理论/实验课程大纲与14次课件目录; 本地李庆扬等《数值分析》第5版目录,0.92
T195,正规方程组,Topic,数值分析,拟合与函数逼近,正规方程组是拟合与函数逼近中的关键知识点，用于支撑数值分析建模、算法理解或学习诊断。,中级,3,本地理论/实验课程大纲与14次课件目录; 本地李庆扬等《数值分析》第5版目录,本地理论/实验课程大纲与14次课件目录; 本地李庆扬等《数值分析》第5版目录,0.92
T196,残差平方和,Concept,数值分析,拟合与函数逼近,残差平方和是拟合与函数逼近中的关键知识点，用于支撑数值分析建模、算法理解或学习诊断。,中级,3,本地理论/实验课程大纲与14次课件目录; 本地李庆扬等《数值分析》第5版目录,本地理论/实验课程大纲与14次课件目录; 本地李庆扬等《数值分析》第5版目录,0.92
T197,加权最小二乘,Concept,数值分析,拟合与函数逼近,加权最小二乘是拟合与函数逼近中的关键知识点，用于支撑数值分析建模、算法理解或学习诊断。,中级,3,本地理论/实验课程大纲与14次课件目录; 本地李庆扬等《数值分析》第5版目录,本地理论/实验课程大纲与14次课件目录; 本地李庆扬等《数值分析》第5版目录,0.92
T198,多项式拟合,Concept,数值分析,拟合与函数逼近,多项式拟合是拟合与函数逼近中的关键知识点，用于支撑数值分析建模、算法理解或学习诊断。,中级,3,本地理论/实验课程大纲与14次课件目录; 本地李庆扬等《数值分析》第5版目录,本地理论/实验课程大纲与14次课件目录; 本地李庆扬等《数值分析》第5版目录,0.92
T199,过拟合,Topic,数值分析,拟合与函数逼近,过拟合是拟合与函数逼近中的关键知识点，用于支撑数值分析建模、算法理解或学习诊断。,中级,3,本地理论/实验课程大纲与14次课件目录; 本地李庆扬等《数值分析》第5版目录,本地理论/实验课程大纲与14次课件目录; 本地李庆扬等《数值分析》第5版目录,0.92
T200,欠拟合,Concept,数值分析,拟合与函数逼近,欠拟合是拟合与函数逼近中的关键知识点，用于支撑数值分析建模、算法理解或学习诊断。,中级,3,本地理论/实验课程大纲与14次课件目录; 本地李庆扬等《数值分析》第5版目录,本地理论/实验课程大纲与14次课件目录; 本地李庆扬等《数值分析》第5版目录,0.92
T201,模型选择,Concept,数值分析,拟合与函数逼近,模型选择是拟合与函数逼近中的关键知识点，用于支撑数值分析建模、算法理解或学习诊断。,中级,3,本地理论/实验课程大纲与14次课件目录; 本地李庆扬等《数值分析》第5版目录,本地理论/实验课程大纲与14次课件目录; 本地李庆扬等《数值分析》第5版目录,0.92
T202,有理逼近,Concept,数值分析,拟合与函数逼近,有理逼近是拟合与函数逼近中的关键知识点，用于支撑数值分析建模、算法理解或学习诊断。,中级,3,本地理论/实验课程大纲与14次课件目录; 本地李庆扬等《数值分析》第5版目录,本地理论/实验课程大纲与14次课件目录; 本地李庆扬等《数值分析》第5版目录,0.92
T203,Padé逼近,Topic,数值分析,拟合与函数逼近,Padé逼近是拟合与函数逼近中的关键知识点，用于支撑数值分析建模、算法理解或学习诊断。,中级,3,本地理论/实验课程大纲与14次课件目录; 本地李庆扬等《数值分析》第5版目录,本地理论/实验课程大纲与14次课件目录; 本地李庆扬等《数值分析》第5版目录,0.92
T204,三角逼近,Concept,数值分析,拟合与函数逼近,三角逼近是拟合与函数逼近中的关键知识点，用于支撑数值分析建模、算法理解或学习诊断。,中级,3,本地理论/实验课程大纲与14次课件目录; 本地李庆扬等《数值分析》第5版目录,本地理论/实验课程大纲与14次课件目录; 本地李庆扬等《数值分析》第5版目录,0.92
T205,离散傅里叶变换,Concept,数值分析,拟合与函数逼近,离散傅里叶变换是拟合与函数逼近中的关键知识点，用于支撑数值分析建模、算法理解或学习诊断。,中级,3,本地理论/实验课程大纲与14次课件目录; 本地李庆扬等《数值分析》第5版目录,本地理论/实验课程大纲与14次课件目录; 本地李庆扬等《数值分析》第5版目录,0.92
T206,快速傅里叶变换,Concept,数值分析,拟合与函数逼近,快速傅里叶变换是拟合与函数逼近中的关键知识点，用于支撑数值分析建模、算法理解或学习诊断。,中级,3,本地理论/实验课程大纲与14次课件目录; 本地李庆扬等《数值分析》第5版目录,本地理论/实验课程大纲与14次课件目录; 本地李庆扬等《数值分析》第5版目录,0.92
T207,噪声数据拟合,Topic,数值分析,拟合与函数逼近,噪声数据拟合是拟合与函数逼近中的关键知识点，用于支撑数值分析建模、算法理解或学习诊断。,中级,3,本地理论/实验课程大纲与14次课件目录; 本地李庆扬等《数值分析》第5版目录,本地理论/实验课程大纲与14次课件目录; 本地李庆扬等《数值分析》第5版目录,0.92
T208,回归诊断,Concept,数值分析,拟合与函数逼近,回归诊断是拟合与函数逼近中的关键知识点，用于支撑数值分析建模、算法理解或学习诊断。,中级,3,本地理论/实验课程大纲与14次课件目录; 本地李庆扬等《数值分析》第5版目录,本地理论/实验课程大纲与14次课件目录; 本地李庆扬等《数值分析》第5版目录,0.92
T209,曲线拟合,Concept,数值分析,拟合与函数逼近,曲线拟合是拟合与函数逼近中的关键知识点，用于支撑数值分析建模、算法理解或学习诊断。,中级,3,本地理论/实验课程大纲与14次课件目录; 本地李庆扬等《数值分析》第5版目录,本地理论/实验课程大纲与14次课件目录; 本地李庆扬等《数值分析》第5版目录,0.92
T210,函数空间距离,Concept,数值分析,拟合与函数逼近,函数空间距离是拟合与函数逼近中的关键知识点，用于支撑数值分析建模、算法理解或学习诊断。,中级,3,本地理论/实验课程大纲与14次课件目录; 本地李庆扬等《数值分析》第5版目录,本地理论/实验课程大纲与14次课件目录; 本地李庆扬等《数值分析》第5版目录,0.92
T211,数值微分问题,Topic,数值分析,数值微分,数值微分问题是数值微分中的关键知识点，用于支撑数值分析建模、算法理解或学习诊断。,中级,3,本地朱晓临《数值分析》第2版目录; 本地李庆扬等《数值分析》第5版目录,本地朱晓临《数值分析》第2版目录; 本地李庆扬等《数值分析》第5版目录,0.92
T212,差商,Concept,数值分析,数值微分,差商是数值微分中的关键知识点，用于支撑数值分析建模、算法理解或学习诊断。,中级,3,本地朱晓临《数值分析》第2版目录; 本地李庆扬等《数值分析》第5版目录,本地朱晓临《数值分析》第2版目录; 本地李庆扬等《数值分析》第5版目录,0.92
T213,前向差分,Concept,数值分析,数值微分,前向差分是数值微分中的关键知识点，用于支撑数值分析建模、算法理解或学习诊断。,中级,3,本地朱晓临《数值分析》第2版目录; 本地李庆扬等《数值分析》第5版目录,本地朱晓临《数值分析》第2版目录; 本地李庆扬等《数值分析》第5版目录,0.92
T214,后向差分,Concept,数值分析,数值微分,后向差分是数值微分中的关键知识点，用于支撑数值分析建模、算法理解或学习诊断。,中级,3,本地朱晓临《数值分析》第2版目录; 本地李庆扬等《数值分析》第5版目录,本地朱晓临《数值分析》第2版目录; 本地李庆扬等《数值分析》第5版目录,0.92
T215,中心差分,Topic,数值分析,数值微分,中心差分是数值微分中的关键知识点，用于支撑数值分析建模、算法理解或学习诊断。,中级,3,本地朱晓临《数值分析》第2版目录; 本地李庆扬等《数值分析》第5版目录,本地朱晓临《数值分析》第2版目录; 本地李庆扬等《数值分析》第5版目录,0.92
T216,高阶差分,Concept,数值分析,数值微分,高阶差分是数值微分中的关键知识点，用于支撑数值分析建模、算法理解或学习诊断。,中级,3,本地朱晓临《数值分析》第2版目录; 本地李庆扬等《数值分析》第5版目录,本地朱晓临《数值分析》第2版目录; 本地李庆扬等《数值分析》第5版目录,0.92
T217,差分步长,Concept,数值分析,数值微分,差分步长是数值微分中的关键知识点，用于支撑数值分析建模、算法理解或学习诊断。,中级,3,本地朱晓临《数值分析》第2版目录; 本地李庆扬等《数值分析》第5版目录,本地朱晓临《数值分析》第2版目录; 本地李庆扬等《数值分析》第5版目录,0.92
T218,截断误差与舍入误差平衡,Concept,数值分析,数值微分,截断误差与舍入误差平衡是数值微分中的关键知识点，用于支撑数值分析建模、算法理解或学习诊断。,中级,3,本地朱晓临《数值分析》第2版目录; 本地李庆扬等《数值分析》第5版目录,本地朱晓临《数值分析》第2版目录; 本地李庆扬等《数值分析》第5版目录,0.92
T219,Richardson外推,Topic,数值分析,数值微分,Richardson外推是数值微分中的关键知识点，用于支撑数值分析建模、算法理解或学习诊断。,中级,3,本地朱晓临《数值分析》第2版目录; 本地李庆扬等《数值分析》第5版目录,本地朱晓临《数值分析》第2版目录; 本地李庆扬等《数值分析》第5版目录,0.92
T220,梯度近似,Concept,数值分析,数值微分,梯度近似是数值微分中的关键知识点，用于支撑数值分析建模、算法理解或学习诊断。,中级,3,本地朱晓临《数值分析》第2版目录; 本地李庆扬等《数值分析》第5版目录,本地朱晓临《数值分析》第2版目录; 本地李庆扬等《数值分析》第5版目录,0.92
T221,Jacobian近似,Concept,数值分析,数值微分,Jacobian近似是数值微分中的关键知识点，用于支撑数值分析建模、算法理解或学习诊断。,中级,3,本地朱晓临《数值分析》第2版目录; 本地李庆扬等《数值分析》第5版目录,本地朱晓临《数值分析》第2版目录; 本地李庆扬等《数值分析》第5版目录,0.92
T222,Hessian近似,Concept,数值分析,数值微分,Hessian近似是数值微分中的关键知识点，用于支撑数值分析建模、算法理解或学习诊断。,中级,3,本地朱晓临《数值分析》第2版目录; 本地李庆扬等《数值分析》第5版目录,本地朱晓临《数值分析》第2版目录; 本地李庆扬等《数值分析》第5版目录,0.92
T223,复杂步长微分,Topic,数值分析,数值微分,复杂步长微分是数值微分中的关键知识点，用于支撑数值分析建模、算法理解或学习诊断。,中级,3,本地朱晓临《数值分析》第2版目录; 本地李庆扬等《数值分析》第5版目录,本地朱晓临《数值分析》第2版目录; 本地李庆扬等《数值分析》第5版目录,0.92
T224,自动微分接口,Concept,数值分析,数值微分,自动微分接口是数值微分中的关键知识点，用于支撑数值分析建模、算法理解或学习诊断。,中级,3,本地朱晓临《数值分析》第2版目录; 本地李庆扬等《数值分析》第5版目录,本地朱晓临《数值分析》第2版目录; 本地李庆扬等《数值分析》第5版目录,0.92
T225,边界点差分,Concept,数值分析,数值微分,边界点差分是数值微分中的关键知识点，用于支撑数值分析建模、算法理解或学习诊断。,中级,3,本地朱晓临《数值分析》第2版目录; 本地李庆扬等《数值分析》第5版目录,本地朱晓临《数值分析》第2版目录; 本地李庆扬等《数值分析》第5版目录,0.92
T226,数值积分问题,Topic,数值分析,数值积分,数值积分问题是数值积分中的关键知识点，用于支撑数值分析建模、算法理解或学习诊断。,中级,3,本地理论/实验课程大纲与14次课件目录; 本地朱晓临《数值分析》第2版目录; SciPy integrate官方文档,本地理论/实验课程大纲与14次课件目录; 本地朱晓临《数值分析》第2版目录; SciPy integrate官方文档,0.92
T227,求积节点,Concept,数值分析,数值积分,求积节点是数值积分中的关键知识点，用于支撑数值分析建模、算法理解或学习诊断。,中级,3,本地理论/实验课程大纲与14次课件目录; 本地朱晓临《数值分析》第2版目录; SciPy integrate官方文档,本地理论/实验课程大纲与14次课件目录; 本地朱晓临《数值分析》第2版目录; SciPy integrate官方文档,0.92
T228,求积权重,Concept,数值分析,数值积分,求积权重是数值积分中的关键知识点，用于支撑数值分析建模、算法理解或学习诊断。,中级,3,本地理论/实验课程大纲与14次课件目录; 本地朱晓临《数值分析》第2版目录; SciPy integrate官方文档,本地理论/实验课程大纲与14次课件目录; 本地朱晓临《数值分析》第2版目录; SciPy integrate官方文档,0.92
T229,代数精度,Concept,数值分析,数值积分,代数精度是数值积分中的关键知识点，用于支撑数值分析建模、算法理解或学习诊断。,中级,3,本地理论/实验课程大纲与14次课件目录; 本地朱晓临《数值分析》第2版目录; SciPy integrate官方文档,本地理论/实验课程大纲与14次课件目录; 本地朱晓临《数值分析》第2版目录; SciPy integrate官方文档,0.92
T230,插值型求积,Topic,数值分析,数值积分,插值型求积是数值积分中的关键知识点，用于支撑数值分析建模、算法理解或学习诊断。,中级,3,本地理论/实验课程大纲与14次课件目录; 本地朱晓临《数值分析》第2版目录; SciPy integrate官方文档,本地理论/实验课程大纲与14次课件目录; 本地朱晓临《数值分析》第2版目录; SciPy integrate官方文档,0.92
T231,Newton-Cotes公式,Concept,数值分析,数值积分,Newton-Cotes公式是数值积分中的关键知识点，用于支撑数值分析建模、算法理解或学习诊断。,中级,3,本地理论/实验课程大纲与14次课件目录; 本地朱晓临《数值分析》第2版目录; SciPy integrate官方文档,本地理论/实验课程大纲与14次课件目录; 本地朱晓临《数值分析》第2版目录; SciPy integrate官方文档,0.92
T232,梯形公式,Concept,数值分析,数值积分,梯形公式是数值积分中的关键知识点，用于支撑数值分析建模、算法理解或学习诊断。,中级,3,本地理论/实验课程大纲与14次课件目录; 本地朱晓临《数值分析》第2版目录; SciPy integrate官方文档,本地理论/实验课程大纲与14次课件目录; 本地朱晓临《数值分析》第2版目录; SciPy integrate官方文档,0.92
T233,Simpson公式,Concept,数值分析,数值积分,Simpson公式是数值积分中的关键知识点，用于支撑数值分析建模、算法理解或学习诊断。,中级,3,本地理论/实验课程大纲与14次课件目录; 本地朱晓临《数值分析》第2版目录; SciPy integrate官方文档,本地理论/实验课程大纲与14次课件目录; 本地朱晓临《数值分析》第2版目录; SciPy integrate官方文档,0.92
T234,复化求积,Topic,数值分析,数值积分,复化求积是数值积分中的关键知识点，用于支撑数值分析建模、算法理解或学习诊断。,中级,3,本地理论/实验课程大纲与14次课件目录; 本地朱晓临《数值分析》第2版目录; SciPy integrate官方文档,本地理论/实验课程大纲与14次课件目录; 本地朱晓临《数值分析》第2版目录; SciPy integrate官方文档,0.92
T235,步长加密,Concept,数值分析,数值积分,步长加密是数值积分中的关键知识点，用于支撑数值分析建模、算法理解或学习诊断。,中级,3,本地理论/实验课程大纲与14次课件目录; 本地朱晓临《数值分析》第2版目录; SciPy integrate官方文档,本地理论/实验课程大纲与14次课件目录; 本地朱晓临《数值分析》第2版目录; SciPy integrate官方文档,0.92
T236,Romberg外推,Concept,数值分析,数值积分,Romberg外推是数值积分中的关键知识点，用于支撑数值分析建模、算法理解或学习诊断。,中级,3,本地理论/实验课程大纲与14次课件目录; 本地朱晓临《数值分析》第2版目录; SciPy integrate官方文档,本地理论/实验课程大纲与14次课件目录; 本地朱晓临《数值分析》第2版目录; SciPy integrate官方文档,0.92
T237,Gauss求积,Concept,数值分析,数值积分,Gauss求积是数值积分中的关键知识点，用于支撑数值分析建模、算法理解或学习诊断。,中级,3,本地理论/实验课程大纲与14次课件目录; 本地朱晓临《数值分析》第2版目录; SciPy integrate官方文档,本地理论/实验课程大纲与14次课件目录; 本地朱晓临《数值分析》第2版目录; SciPy integrate官方文档,0.92
T238,正交多项式零点,Topic,数值分析,数值积分,正交多项式零点是数值积分中的关键知识点，用于支撑数值分析建模、算法理解或学习诊断。,中级,3,本地理论/实验课程大纲与14次课件目录; 本地朱晓临《数值分析》第2版目录; SciPy integrate官方文档,本地理论/实验课程大纲与14次课件目录; 本地朱晓临《数值分析》第2版目录; SciPy integrate官方文档,0.92
T239,自适应积分,Concept,数值分析,数值积分,自适应积分是数值积分中的关键知识点，用于支撑数值分析建模、算法理解或学习诊断。,中级,3,本地理论/实验课程大纲与14次课件目录; 本地朱晓临《数值分析》第2版目录; SciPy integrate官方文档,本地理论/实验课程大纲与14次课件目录; 本地朱晓临《数值分析》第2版目录; SciPy integrate官方文档,0.92
T240,误差估计器,Concept,数值分析,数值积分,误差估计器是数值积分中的关键知识点，用于支撑数值分析建模、算法理解或学习诊断。,中级,3,本地理论/实验课程大纲与14次课件目录; 本地朱晓临《数值分析》第2版目录; SciPy integrate官方文档,本地理论/实验课程大纲与14次课件目录; 本地朱晓临《数值分析》第2版目录; SciPy integrate官方文档,0.92
T241,奇异积分,Concept,数值分析,数值积分,奇异积分是数值积分中的关键知识点，用于支撑数值分析建模、算法理解或学习诊断。,中级,3,本地理论/实验课程大纲与14次课件目录; 本地朱晓临《数值分析》第2版目录; SciPy integrate官方文档,本地理论/实验课程大纲与14次课件目录; 本地朱晓临《数值分析》第2版目录; SciPy integrate官方文档,0.92
T242,振荡积分,Topic,数值分析,数值积分,振荡积分是数值积分中的关键知识点，用于支撑数值分析建模、算法理解或学习诊断。,中级,3,本地理论/实验课程大纲与14次课件目录; 本地朱晓临《数值分析》第2版目录; SciPy integrate官方文档,本地理论/实验课程大纲与14次课件目录; 本地朱晓临《数值分析》第2版目录; SciPy integrate官方文档,0.92
T243,重积分数值计算,Concept,数值分析,数值积分,重积分数值计算是数值积分中的关键知识点，用于支撑数值分析建模、算法理解或学习诊断。,中级,3,本地理论/实验课程大纲与14次课件目录; 本地朱晓临《数值分析》第2版目录; SciPy integrate官方文档,本地理论/实验课程大纲与14次课件目录; 本地朱晓临《数值分析》第2版目录; SciPy integrate官方文档,0.92
T244,Monte Carlo积分,Concept,数值分析,数值积分,Monte Carlo积分是数值积分中的关键知识点，用于支撑数值分析建模、算法理解或学习诊断。,中级,3,本地理论/实验课程大纲与14次课件目录; 本地朱晓临《数值分析》第2版目录; SciPy integrate官方文档,本地理论/实验课程大纲与14次课件目录; 本地朱晓临《数值分析》第2版目录; SciPy integrate官方文档,0.92
T245,低差异序列,Concept,数值分析,数值积分,低差异序列是数值积分中的关键知识点，用于支撑数值分析建模、算法理解或学习诊断。,中级,3,本地理论/实验课程大纲与14次课件目录; 本地朱晓临《数值分析》第2版目录; SciPy integrate官方文档,本地理论/实验课程大纲与14次课件目录; 本地朱晓临《数值分析》第2版目录; SciPy integrate官方文档,0.92
T246,积分收敛速度,Topic,数值分析,数值积分,积分收敛速度是数值积分中的关键知识点，用于支撑数值分析建模、算法理解或学习诊断。,中级,3,本地理论/实验课程大纲与14次课件目录; 本地朱晓临《数值分析》第2版目录; SciPy integrate官方文档,本地理论/实验课程大纲与14次课件目录; 本地朱晓临《数值分析》第2版目录; SciPy integrate官方文档,0.92
T247,积分稳定性,Concept,数值分析,数值积分,积分稳定性是数值积分中的关键知识点，用于支撑数值分析建模、算法理解或学习诊断。,中级,3,本地理论/实验课程大纲与14次课件目录; 本地朱晓临《数值分析》第2版目录; SciPy integrate官方文档,本地理论/实验课程大纲与14次课件目录; 本地朱晓临《数值分析》第2版目录; SciPy integrate官方文档,0.92
T248,积分余项,Concept,数值分析,数值积分,积分余项是数值积分中的关键知识点，用于支撑数值分析建模、算法理解或学习诊断。,中级,3,本地理论/实验课程大纲与14次课件目录; 本地朱晓临《数值分析》第2版目录; SciPy integrate官方文档,本地理论/实验课程大纲与14次课件目录; 本地朱晓临《数值分析》第2版目录; SciPy integrate官方文档,0.92
T249,开型公式,Concept,数值分析,数值积分,开型公式是数值积分中的关键知识点，用于支撑数值分析建模、算法理解或学习诊断。,中级,3,本地理论/实验课程大纲与14次课件目录; 本地朱晓临《数值分析》第2版目录; SciPy integrate官方文档,本地理论/实验课程大纲与14次课件目录; 本地朱晓临《数值分析》第2版目录; SciPy integrate官方文档,0.92
T250,闭型公式,Topic,数值分析,数值积分,闭型公式是数值积分中的关键知识点，用于支撑数值分析建模、算法理解或学习诊断。,中级,3,本地理论/实验课程大纲与14次课件目录; 本地朱晓临《数值分析》第2版目录; SciPy integrate官方文档,本地理论/实验课程大纲与14次课件目录; 本地朱晓临《数值分析》第2版目录; SciPy integrate官方文档,0.92
T251,权函数,Concept,数值分析,数值积分,权函数是数值积分中的关键知识点，用于支撑数值分析建模、算法理解或学习诊断。,中级,3,本地理论/实验课程大纲与14次课件目录; 本地朱晓临《数值分析》第2版目录; SciPy integrate官方文档,本地理论/实验课程大纲与14次课件目录; 本地朱晓临《数值分析》第2版目录; SciPy integrate官方文档,0.92
T252,初值问题,Topic,数值分析,ODE初值问题数值解法,初值问题是ODE初值问题数值解法中的关键知识点，用于支撑数值分析建模、算法理解或学习诊断。,中级,3,本地理论/实验课程大纲与14次课件目录; 本地朱晓临《数值分析》第2版目录; MathWorks MATLAB ODE官方文档,本地理论/实验课程大纲与14次课件目录; 本地朱晓临《数值分析》第2版目录; MathWorks MATLAB ODE官方文档,0.92
T253,步进法,Concept,数值分析,ODE初值问题数值解法,步进法是ODE初值问题数值解法中的关键知识点，用于支撑数值分析建模、算法理解或学习诊断。,中级,3,本地理论/实验课程大纲与14次课件目录; 本地朱晓临《数值分析》第2版目录; MathWorks MATLAB ODE官方文档,本地理论/实验课程大纲与14次课件目录; 本地朱晓临《数值分析》第2版目录; MathWorks MATLAB ODE官方文档,0.92
T254,单步法,Concept,数值分析,ODE初值问题数值解法,单步法是ODE初值问题数值解法中的关键知识点，用于支撑数值分析建模、算法理解或学习诊断。,中级,3,本地理论/实验课程大纲与14次课件目录; 本地朱晓临《数值分析》第2版目录; MathWorks MATLAB ODE官方文档,本地理论/实验课程大纲与14次课件目录; 本地朱晓临《数值分析》第2版目录; MathWorks MATLAB ODE官方文档,0.92
T255,多步法,Concept,数值分析,ODE初值问题数值解法,多步法是ODE初值问题数值解法中的关键知识点，用于支撑数值分析建模、算法理解或学习诊断。,中级,3,本地理论/实验课程大纲与14次课件目录; 本地朱晓临《数值分析》第2版目录; MathWorks MATLAB ODE官方文档,本地理论/实验课程大纲与14次课件目录; 本地朱晓临《数值分析》第2版目录; MathWorks MATLAB ODE官方文档,0.92
T256,显式方法,Topic,数值分析,ODE初值问题数值解法,显式方法是ODE初值问题数值解法中的关键知识点，用于支撑数值分析建模、算法理解或学习诊断。,中级,3,本地理论/实验课程大纲与14次课件目录; 本地朱晓临《数值分析》第2版目录; MathWorks MATLAB ODE官方文档,本地理论/实验课程大纲与14次课件目录; 本地朱晓临《数值分析》第2版目录; MathWorks MATLAB ODE官方文档,0.92
T257,隐式方法,Concept,数值分析,ODE初值问题数值解法,隐式方法是ODE初值问题数值解法中的关键知识点，用于支撑数值分析建模、算法理解或学习诊断。,中级,3,本地理论/实验课程大纲与14次课件目录; 本地朱晓临《数值分析》第2版目录; MathWorks MATLAB ODE官方文档,本地理论/实验课程大纲与14次课件目录; 本地朱晓临《数值分析》第2版目录; MathWorks MATLAB ODE官方文档,0.92
T258,Euler方法思想,Concept,数值分析,ODE初值问题数值解法,Euler方法思想是ODE初值问题数值解法中的关键知识点，用于支撑数值分析建模、算法理解或学习诊断。,中级,3,本地理论/实验课程大纲与14次课件目录; 本地朱晓临《数值分析》第2版目录; MathWorks MATLAB ODE官方文档,本地理论/实验课程大纲与14次课件目录; 本地朱晓临《数值分析》第2版目录; MathWorks MATLAB ODE官方文档,0.92
T259,改进Euler思想,Concept,数值分析,ODE初值问题数值解法,改进Euler思想是ODE初值问题数值解法中的关键知识点，用于支撑数值分析建模、算法理解或学习诊断。,中级,3,本地理论/实验课程大纲与14次课件目录; 本地朱晓临《数值分析》第2版目录; MathWorks MATLAB ODE官方文档,本地理论/实验课程大纲与14次课件目录; 本地朱晓临《数值分析》第2版目录; MathWorks MATLAB ODE官方文档,0.92
T260,Runge-Kutta阶段,Topic,数值分析,ODE初值问题数值解法,Runge-Kutta阶段是ODE初值问题数值解法中的关键知识点，用于支撑数值分析建模、算法理解或学习诊断。,中级,3,本地理论/实验课程大纲与14次课件目录; 本地朱晓临《数值分析》第2版目录; MathWorks MATLAB ODE官方文档,本地理论/实验课程大纲与14次课件目录; 本地朱晓临《数值分析》第2版目录; MathWorks MATLAB ODE官方文档,0.92
T261,Butcher表,Concept,数值分析,ODE初值问题数值解法,Butcher表是ODE初值问题数值解法中的关键知识点，用于支撑数值分析建模、算法理解或学习诊断。,中级,3,本地理论/实验课程大纲与14次课件目录; 本地朱晓临《数值分析》第2版目录; MathWorks MATLAB ODE官方文档,本地理论/实验课程大纲与14次课件目录; 本地朱晓临《数值分析》第2版目录; MathWorks MATLAB ODE官方文档,0.92
T262,ODE局部截断误差,Concept,数值分析,ODE初值问题数值解法,ODE局部截断误差是ODE初值问题数值解法中的关键知识点，用于支撑数值分析建模、算法理解或学习诊断。,中级,3,本地理论/实验课程大纲与14次课件目录; 本地朱晓临《数值分析》第2版目录; MathWorks MATLAB ODE官方文档,本地理论/实验课程大纲与14次课件目录; 本地朱晓临《数值分析》第2版目录; MathWorks MATLAB ODE官方文档,0.92
T263,ODE全局截断误差,Concept,数值分析,ODE初值问题数值解法,ODE全局截断误差是ODE初值问题数值解法中的关键知识点，用于支撑数值分析建模、算法理解或学习诊断。,中级,3,本地理论/实验课程大纲与14次课件目录; 本地朱晓临《数值分析》第2版目录; MathWorks MATLAB ODE官方文档,本地理论/实验课程大纲与14次课件目录; 本地朱晓临《数值分析》第2版目录; MathWorks MATLAB ODE官方文档,0.92
T264,阶条件,Topic,数值分析,ODE初值问题数值解法,阶条件是ODE初值问题数值解法中的关键知识点，用于支撑数值分析建模、算法理解或学习诊断。,中级,3,本地理论/实验课程大纲与14次课件目录; 本地朱晓临《数值分析》第2版目录; MathWorks MATLAB ODE官方文档,本地理论/实验课程大纲与14次课件目录; 本地朱晓临《数值分析》第2版目录; MathWorks MATLAB ODE官方文档,0.92
T265,稳定区域,Concept,数值分析,ODE初值问题数值解法,稳定区域是ODE初值问题数值解法中的关键知识点，用于支撑数值分析建模、算法理解或学习诊断。,中级,3,本地理论/实验课程大纲与14次课件目录; 本地朱晓临《数值分析》第2版目录; MathWorks MATLAB ODE官方文档,本地理论/实验课程大纲与14次课件目录; 本地朱晓临《数值分析》第2版目录; MathWorks MATLAB ODE官方文档,0.92
T266,刚性问题,Concept,数值分析,ODE初值问题数值解法,刚性问题是ODE初值问题数值解法中的关键知识点，用于支撑数值分析建模、算法理解或学习诊断。,中级,3,本地理论/实验课程大纲与14次课件目录; 本地朱晓临《数值分析》第2版目录; MathWorks MATLAB ODE官方文档,本地理论/实验课程大纲与14次课件目录; 本地朱晓临《数值分析》第2版目录; MathWorks MATLAB ODE官方文档,0.92
T267,A稳定性,Concept,数值分析,ODE初值问题数值解法,A稳定性是ODE初值问题数值解法中的关键知识点，用于支撑数值分析建模、算法理解或学习诊断。,中级,3,本地理论/实验课程大纲与14次课件目录; 本地朱晓临《数值分析》第2版目录; MathWorks MATLAB ODE官方文档,本地理论/实验课程大纲与14次课件目录; 本地朱晓临《数值分析》第2版目录; MathWorks MATLAB ODE官方文档,0.92
T268,L稳定性,Topic,数值分析,ODE初值问题数值解法,L稳定性是ODE初值问题数值解法中的关键知识点，用于支撑数值分析建模、算法理解或学习诊断。,中级,3,本地理论/实验课程大纲与14次课件目录; 本地朱晓临《数值分析》第2版目录; MathWorks MATLAB ODE官方文档,本地理论/实验课程大纲与14次课件目录; 本地朱晓临《数值分析》第2版目录; MathWorks MATLAB ODE官方文档,0.92
T269,自适应步长,Concept,数值分析,ODE初值问题数值解法,自适应步长是ODE初值问题数值解法中的关键知识点，用于支撑数值分析建模、算法理解或学习诊断。,中级,3,本地理论/实验课程大纲与14次课件目录; 本地朱晓临《数值分析》第2版目录; MathWorks MATLAB ODE官方文档,本地理论/实验课程大纲与14次课件目录; 本地朱晓临《数值分析》第2版目录; MathWorks MATLAB ODE官方文档,0.92
T270,误差控制,Concept,数值分析,ODE初值问题数值解法,误差控制是ODE初值问题数值解法中的关键知识点，用于支撑数值分析建模、算法理解或学习诊断。,中级,3,本地理论/实验课程大纲与14次课件目录; 本地朱晓临《数值分析》第2版目录; MathWorks MATLAB ODE官方文档,本地理论/实验课程大纲与14次课件目录; 本地朱晓临《数值分析》第2版目录; MathWorks MATLAB ODE官方文档,0.92
T271,嵌入式RK对,Concept,数值分析,ODE初值问题数值解法,嵌入式RK对是ODE初值问题数值解法中的关键知识点，用于支撑数值分析建模、算法理解或学习诊断。,中级,3,本地理论/实验课程大纲与14次课件目录; 本地朱晓临《数值分析》第2版目录; MathWorks MATLAB ODE官方文档,本地理论/实验课程大纲与14次课件目录; 本地朱晓临《数值分析》第2版目录; MathWorks MATLAB ODE官方文档,0.92
T272,Adams方法,Topic,数值分析,ODE初值问题数值解法,Adams方法是ODE初值问题数值解法中的关键知识点，用于支撑数值分析建模、算法理解或学习诊断。,中级,3,本地理论/实验课程大纲与14次课件目录; 本地朱晓临《数值分析》第2版目录; MathWorks MATLAB ODE官方文档,本地理论/实验课程大纲与14次课件目录; 本地朱晓临《数值分析》第2版目录; MathWorks MATLAB ODE官方文档,0.92
T273,BDF方法,Concept,数值分析,ODE初值问题数值解法,BDF方法是ODE初值问题数值解法中的关键知识点，用于支撑数值分析建模、算法理解或学习诊断。,中级,3,本地理论/实验课程大纲与14次课件目录; 本地朱晓临《数值分析》第2版目录; MathWorks MATLAB ODE官方文档,本地理论/实验课程大纲与14次课件目录; 本地朱晓临《数值分析》第2版目录; MathWorks MATLAB ODE官方文档,0.92
T274,预测校正,Concept,数值分析,ODE初值问题数值解法,预测校正是ODE初值问题数值解法中的关键知识点，用于支撑数值分析建模、算法理解或学习诊断。,中级,3,本地理论/实验课程大纲与14次课件目录; 本地朱晓临《数值分析》第2版目录; MathWorks MATLAB ODE官方文档,本地理论/实验课程大纲与14次课件目录; 本地朱晓临《数值分析》第2版目录; MathWorks MATLAB ODE官方文档,0.92
T275,ODE方程组,Concept,数值分析,ODE初值问题数值解法,ODE方程组是ODE初值问题数值解法中的关键知识点，用于支撑数值分析建模、算法理解或学习诊断。,中级,3,本地理论/实验课程大纲与14次课件目录; 本地朱晓临《数值分析》第2版目录; MathWorks MATLAB ODE官方文档,本地理论/实验课程大纲与14次课件目录; 本地朱晓临《数值分析》第2版目录; MathWorks MATLAB ODE官方文档,0.92
T276,高阶ODE降阶,Topic,数值分析,ODE初值问题数值解法,高阶ODE降阶是ODE初值问题数值解法中的关键知识点，用于支撑数值分析建模、算法理解或学习诊断。,中级,3,本地理论/实验课程大纲与14次课件目录; 本地朱晓临《数值分析》第2版目录; MathWorks MATLAB ODE官方文档,本地理论/实验课程大纲与14次课件目录; 本地朱晓临《数值分析》第2版目录; MathWorks MATLAB ODE官方文档,0.92
T277,事件检测,Concept,数值分析,ODE初值问题数值解法,事件检测是ODE初值问题数值解法中的关键知识点，用于支撑数值分析建模、算法理解或学习诊断。,中级,3,本地理论/实验课程大纲与14次课件目录; 本地朱晓临《数值分析》第2版目录; MathWorks MATLAB ODE官方文档,本地理论/实验课程大纲与14次课件目录; 本地朱晓临《数值分析》第2版目录; MathWorks MATLAB ODE官方文档,0.92
T278,守恒量,Concept,数值分析,ODE初值问题数值解法,守恒量是ODE初值问题数值解法中的关键知识点，用于支撑数值分析建模、算法理解或学习诊断。,中级,3,本地理论/实验课程大纲与14次课件目录; 本地朱晓临《数值分析》第2版目录; MathWorks MATLAB ODE官方文档,本地理论/实验课程大纲与14次课件目录; 本地朱晓临《数值分析》第2版目录; MathWorks MATLAB ODE官方文档,0.92
T279,长期积分,Concept,数值分析,ODE初值问题数值解法,长期积分是ODE初值问题数值解法中的关键知识点，用于支撑数值分析建模、算法理解或学习诊断。,中级,3,本地理论/实验课程大纲与14次课件目录; 本地朱晓临《数值分析》第2版目录; MathWorks MATLAB ODE官方文档,本地理论/实验课程大纲与14次课件目录; 本地朱晓临《数值分析》第2版目录; MathWorks MATLAB ODE官方文档,0.92
T280,相容性与收敛性,Topic,数值分析,ODE初值问题数值解法,相容性与收敛性是ODE初值问题数值解法中的关键知识点，用于支撑数值分析建模、算法理解或学习诊断。,中级,3,本地理论/实验课程大纲与14次课件目录; 本地朱晓临《数值分析》第2版目录; MathWorks MATLAB ODE官方文档,本地理论/实验课程大纲与14次课件目录; 本地朱晓临《数值分析》第2版目录; MathWorks MATLAB ODE官方文档,0.92
T281,ODE稳定性分析,Concept,数值分析,ODE初值问题数值解法,ODE稳定性分析是ODE初值问题数值解法中的关键知识点，用于支撑数值分析建模、算法理解或学习诊断。,中级,3,本地理论/实验课程大纲与14次课件目录; 本地朱晓临《数值分析》第2版目录; MathWorks MATLAB ODE官方文档,本地理论/实验课程大纲与14次课件目录; 本地朱晓临《数值分析》第2版目录; MathWorks MATLAB ODE官方文档,0.92
T282,边值问题,Topic,数值分析,ODE边值问题数值解法,边值问题是ODE边值问题数值解法中的关键知识点，用于支撑数值分析建模、算法理解或学习诊断。,中级,3,本地理论/实验课程大纲与14次课件目录; 本地朱晓临《数值分析》第2版目录,本地理论/实验课程大纲与14次课件目录; 本地朱晓临《数值分析》第2版目录,0.92
T283,两点边值问题,Concept,数值分析,ODE边值问题数值解法,两点边值问题是ODE边值问题数值解法中的关键知识点，用于支撑数值分析建模、算法理解或学习诊断。,中级,3,本地理论/实验课程大纲与14次课件目录; 本地朱晓临《数值分析》第2版目录,本地理论/实验课程大纲与14次课件目录; 本地朱晓临《数值分析》第2版目录,0.92
T284,打靶思想,Concept,数值分析,ODE边值问题数值解法,打靶思想是ODE边值问题数值解法中的关键知识点，用于支撑数值分析建模、算法理解或学习诊断。,中级,3,本地理论/实验课程大纲与14次课件目录; 本地朱晓临《数值分析》第2版目录,本地理论/实验课程大纲与14次课件目录; 本地朱晓临《数值分析》第2版目录,0.92
T285,多重打靶,Concept,数值分析,ODE边值问题数值解法,多重打靶是ODE边值问题数值解法中的关键知识点，用于支撑数值分析建模、算法理解或学习诊断。,中级,3,本地理论/实验课程大纲与14次课件目录; 本地朱晓临《数值分析》第2版目录,本地理论/实验课程大纲与14次课件目录; 本地朱晓临《数值分析》第2版目录,0.92
T286,边值差分离散,Topic,数值分析,ODE边值问题数值解法,边值差分离散是ODE边值问题数值解法中的关键知识点，用于支撑数值分析建模、算法理解或学习诊断。,中级,3,本地理论/实验课程大纲与14次课件目录; 本地朱晓临《数值分析》第2版目录,本地理论/实验课程大纲与14次课件目录; 本地朱晓临《数值分析》第2版目录,0.92
T287,边值网格剖分,Concept,数值分析,ODE边值问题数值解法,边值网格剖分是ODE边值问题数值解法中的关键知识点，用于支撑数值分析建模、算法理解或学习诊断。,中级,3,本地理论/实验课程大纲与14次课件目录; 本地朱晓临《数值分析》第2版目录,本地理论/实验课程大纲与14次课件目录; 本地朱晓临《数值分析》第2版目录,0.92
T288,边界条件处理,Concept,数值分析,ODE边值问题数值解法,边界条件处理是ODE边值问题数值解法中的关键知识点，用于支撑数值分析建模、算法理解或学习诊断。,中级,3,本地理论/实验课程大纲与14次课件目录; 本地朱晓临《数值分析》第2版目录,本地理论/实验课程大纲与14次课件目录; 本地朱晓临《数值分析》第2版目录,0.92
T289,离散方程组,Concept,数值分析,ODE边值问题数值解法,离散方程组是ODE边值问题数值解法中的关键知识点，用于支撑数值分析建模、算法理解或学习诊断。,中级,3,本地理论/实验课程大纲与14次课件目录; 本地朱晓临《数值分析》第2版目录,本地理论/实验课程大纲与14次课件目录; 本地朱晓临《数值分析》第2版目录,0.92
T290,边值有限元弱形式,Topic,数值分析,ODE边值问题数值解法,边值有限元弱形式是ODE边值问题数值解法中的关键知识点，用于支撑数值分析建模、算法理解或学习诊断。,中级,3,本地理论/实验课程大纲与14次课件目录; 本地朱晓临《数值分析》第2版目录,本地理论/实验课程大纲与14次课件目录; 本地朱晓临《数值分析》第2版目录,0.92
T291,试探函数,Concept,数值分析,ODE边值问题数值解法,试探函数是ODE边值问题数值解法中的关键知识点，用于支撑数值分析建模、算法理解或学习诊断。,中级,3,本地理论/实验课程大纲与14次课件目录; 本地朱晓临《数值分析》第2版目录,本地理论/实验课程大纲与14次课件目录; 本地朱晓临《数值分析》第2版目录,0.92
T292,有限元基函数,Concept,数值分析,ODE边值问题数值解法,有限元基函数是ODE边值问题数值解法中的关键知识点，用于支撑数值分析建模、算法理解或学习诊断。,中级,3,本地理论/实验课程大纲与14次课件目录; 本地朱晓临《数值分析》第2版目录,本地理论/实验课程大纲与14次课件目录; 本地朱晓临《数值分析》第2版目录,0.92
T293,Galerkin方法,Concept,数值分析,ODE边值问题数值解法,Galerkin方法是ODE边值问题数值解法中的关键知识点，用于支撑数值分析建模、算法理解或学习诊断。,中级,3,本地理论/实验课程大纲与14次课件目录; 本地朱晓临《数值分析》第2版目录,本地理论/实验课程大纲与14次课件目录; 本地朱晓临《数值分析》第2版目录,0.92
T294,刚度矩阵,Topic,数值分析,ODE边值问题数值解法,刚度矩阵是ODE边值问题数值解法中的关键知识点，用于支撑数值分析建模、算法理解或学习诊断。,中级,3,本地理论/实验课程大纲与14次课件目录; 本地朱晓临《数值分析》第2版目录,本地理论/实验课程大纲与14次课件目录; 本地朱晓临《数值分析》第2版目录,0.92
T295,载荷向量,Concept,数值分析,ODE边值问题数值解法,载荷向量是ODE边值问题数值解法中的关键知识点，用于支撑数值分析建模、算法理解或学习诊断。,中级,3,本地理论/实验课程大纲与14次课件目录; 本地朱晓临《数值分析》第2版目录,本地理论/实验课程大纲与14次课件目录; 本地朱晓临《数值分析》第2版目录,0.92
T296,边值误差估计,Concept,数值分析,ODE边值问题数值解法,边值误差估计是ODE边值问题数值解法中的关键知识点，用于支撑数值分析建模、算法理解或学习诊断。,中级,3,本地理论/实验课程大纲与14次课件目录; 本地朱晓临《数值分析》第2版目录,本地理论/实验课程大纲与14次课件目录; 本地朱晓临《数值分析》第2版目录,0.92
T297,非线性边值问题,Concept,数值分析,ODE边值问题数值解法,非线性边值问题是ODE边值问题数值解法中的关键知识点，用于支撑数值分析建模、算法理解或学习诊断。,中级,3,本地理论/实验课程大纲与14次课件目录; 本地朱晓临《数值分析》第2版目录,本地理论/实验课程大纲与14次课件目录; 本地朱晓临《数值分析》第2版目录,0.92
T298,混合边界条件,Topic,数值分析,ODE边值问题数值解法,混合边界条件是ODE边值问题数值解法中的关键知识点，用于支撑数值分析建模、算法理解或学习诊断。,中级,3,本地理论/实验课程大纲与14次课件目录; 本地朱晓临《数值分析》第2版目录,本地理论/实验课程大纲与14次课件目录; 本地朱晓临《数值分析》第2版目录,0.92
T299,Robin条件,Concept,数值分析,ODE边值问题数值解法,Robin条件是ODE边值问题数值解法中的关键知识点，用于支撑数值分析建模、算法理解或学习诊断。,中级,3,本地理论/实验课程大纲与14次课件目录; 本地朱晓临《数值分析》第2版目录,本地理论/实验课程大纲与14次课件目录; 本地朱晓临《数值分析》第2版目录,0.92
T300,Dirichlet条件,Concept,数值分析,ODE边值问题数值解法,Dirichlet条件是ODE边值问题数值解法中的关键知识点，用于支撑数值分析建模、算法理解或学习诊断。,中级,3,本地理论/实验课程大纲与14次课件目录; 本地朱晓临《数值分析》第2版目录,本地理论/实验课程大纲与14次课件目录; 本地朱晓临《数值分析》第2版目录,0.92
T301,Neumann条件,Concept,数值分析,ODE边值问题数值解法,Neumann条件是ODE边值问题数值解法中的关键知识点，用于支撑数值分析建模、算法理解或学习诊断。,中级,3,本地理论/实验课程大纲与14次课件目录; 本地朱晓临《数值分析》第2版目录,本地理论/实验课程大纲与14次课件目录; 本地朱晓临《数值分析》第2版目录,0.92
T302,特征值问题,Topic,数值分析,特征值与奇异值计算,特征值问题是特征值与奇异值计算中的关键知识点，用于支撑数值分析建模、算法理解或学习诊断。,中级,3,本地朱晓临《数值分析》第2版目录; 本地潘建瑜《数值分析讲义》目录,本地朱晓临《数值分析》第2版目录; 本地潘建瑜《数值分析讲义》目录,0.92
T303,主特征值,Concept,数值分析,特征值与奇异值计算,主特征值是特征值与奇异值计算中的关键知识点，用于支撑数值分析建模、算法理解或学习诊断。,中级,3,本地朱晓临《数值分析》第2版目录; 本地潘建瑜《数值分析讲义》目录,本地朱晓临《数值分析》第2版目录; 本地潘建瑜《数值分析讲义》目录,0.92
T304,谱分解,Concept,数值分析,特征值与奇异值计算,谱分解是特征值与奇异值计算中的关键知识点，用于支撑数值分析建模、算法理解或学习诊断。,中级,3,本地朱晓临《数值分析》第2版目录; 本地潘建瑜《数值分析讲义》目录,本地朱晓临《数值分析》第2版目录; 本地潘建瑜《数值分析讲义》目录,0.92
T305,Rayleigh商迭代思想,Concept,数值分析,特征值与奇异值计算,Rayleigh商迭代思想是特征值与奇异值计算中的关键知识点，用于支撑数值分析建模、算法理解或学习诊断。,中级,3,本地朱晓临《数值分析》第2版目录; 本地潘建瑜《数值分析讲义》目录,本地朱晓临《数值分析》第2版目录; 本地潘建瑜《数值分析讲义》目录,0.92
T306,幂迭代收敛因子,Topic,数值分析,特征值与奇异值计算,幂迭代收敛因子是特征值与奇异值计算中的关键知识点，用于支撑数值分析建模、算法理解或学习诊断。,中级,3,本地朱晓临《数值分析》第2版目录; 本地潘建瑜《数值分析讲义》目录,本地朱晓临《数值分析》第2版目录; 本地潘建瑜《数值分析讲义》目录,0.92
T307,反迭代思想,Concept,数值分析,特征值与奇异值计算,反迭代思想是特征值与奇异值计算中的关键知识点，用于支撑数值分析建模、算法理解或学习诊断。,中级,3,本地朱晓临《数值分析》第2版目录; 本地潘建瑜《数值分析讲义》目录,本地朱晓临《数值分析》第2版目录; 本地潘建瑜《数值分析讲义》目录,0.92
T308,位移策略,Concept,数值分析,特征值与奇异值计算,位移策略是特征值与奇异值计算中的关键知识点，用于支撑数值分析建模、算法理解或学习诊断。,中级,3,本地朱晓临《数值分析》第2版目录; 本地潘建瑜《数值分析讲义》目录,本地朱晓临《数值分析》第2版目录; 本地潘建瑜《数值分析讲义》目录,0.92
T309,QR迭代思想,Concept,数值分析,特征值与奇异值计算,QR迭代思想是特征值与奇异值计算中的关键知识点，用于支撑数值分析建模、算法理解或学习诊断。,中级,3,本地朱晓临《数值分析》第2版目录; 本地潘建瑜《数值分析讲义》目录,本地朱晓临《数值分析》第2版目录; 本地潘建瑜《数值分析讲义》目录,0.92
T310,Hessenberg化,Topic,数值分析,特征值与奇异值计算,Hessenberg化是特征值与奇异值计算中的关键知识点，用于支撑数值分析建模、算法理解或学习诊断。,中级,3,本地朱晓临《数值分析》第2版目录; 本地潘建瑜《数值分析讲义》目录,本地朱晓临《数值分析》第2版目录; 本地潘建瑜《数值分析讲义》目录,0.92
T311,Jacobi旋转,Concept,数值分析,特征值与奇异值计算,Jacobi旋转是特征值与奇异值计算中的关键知识点，用于支撑数值分析建模、算法理解或学习诊断。,中级,3,本地朱晓临《数值分析》第2版目录; 本地潘建瑜《数值分析讲义》目录,本地朱晓临《数值分析》第2版目录; 本地潘建瑜《数值分析讲义》目录,0.92
T312,对称特征值问题,Concept,数值分析,特征值与奇异值计算,对称特征值问题是特征值与奇异值计算中的关键知识点，用于支撑数值分析建模、算法理解或学习诊断。,中级,3,本地朱晓临《数值分析》第2版目录; 本地潘建瑜《数值分析讲义》目录,本地朱晓临《数值分析》第2版目录; 本地潘建瑜《数值分析讲义》目录,0.92
T313,非对称特征值问题,Concept,数值分析,特征值与奇异值计算,非对称特征值问题是特征值与奇异值计算中的关键知识点，用于支撑数值分析建模、算法理解或学习诊断。,中级,3,本地朱晓临《数值分析》第2版目录; 本地潘建瑜《数值分析讲义》目录,本地朱晓临《数值分析》第2版目录; 本地潘建瑜《数值分析讲义》目录,0.92
T314,奇异值问题,Topic,数值分析,特征值与奇异值计算,奇异值问题是特征值与奇异值计算中的关键知识点，用于支撑数值分析建模、算法理解或学习诊断。,中级,3,本地朱晓临《数值分析》第2版目录; 本地潘建瑜《数值分析讲义》目录,本地朱晓临《数值分析》第2版目录; 本地潘建瑜《数值分析讲义》目录,0.92
T315,低秩近似,Concept,数值分析,特征值与奇异值计算,低秩近似是特征值与奇异值计算中的关键知识点，用于支撑数值分析建模、算法理解或学习诊断。,中级,3,本地朱晓临《数值分析》第2版目录; 本地潘建瑜《数值分析讲义》目录,本地朱晓临《数值分析》第2版目录; 本地潘建瑜《数值分析讲义》目录,0.92
T316,PCA联系,Concept,数值分析,特征值与奇异值计算,PCA联系是特征值与奇异值计算中的关键知识点，用于支撑数值分析建模、算法理解或学习诊断。,中级,3,本地朱晓临《数值分析》第2版目录; 本地潘建瑜《数值分析讲义》目录,本地朱晓临《数值分析》第2版目录; 本地潘建瑜《数值分析讲义》目录,0.92
T317,PageRank模型,Concept,数值分析,特征值与奇异值计算,PageRank模型是特征值与奇异值计算中的关键知识点，用于支撑数值分析建模、算法理解或学习诊断。,中级,3,本地朱晓临《数值分析》第2版目录; 本地潘建瑜《数值分析讲义》目录,本地朱晓临《数值分析》第2版目录; 本地潘建瑜《数值分析讲义》目录,0.92
T318,谱半径估计,Topic,数值分析,特征值与奇异值计算,谱半径估计是特征值与奇异值计算中的关键知识点，用于支撑数值分析建模、算法理解或学习诊断。,中级,3,本地朱晓临《数值分析》第2版目录; 本地潘建瑜《数值分析讲义》目录,本地朱晓临《数值分析》第2版目录; 本地潘建瑜《数值分析讲义》目录,0.92
T319,特征值扰动,Concept,数值分析,特征值与奇异值计算,特征值扰动是特征值与奇异值计算中的关键知识点，用于支撑数值分析建模、算法理解或学习诊断。,中级,3,本地朱晓临《数值分析》第2版目录; 本地潘建瑜《数值分析讲义》目录,本地朱晓临《数值分析》第2版目录; 本地潘建瑜《数值分析讲义》目录,0.92
T320,矩阵函数,Concept,数值分析,特征值与奇异值计算,矩阵函数是特征值与奇异值计算中的关键知识点，用于支撑数值分析建模、算法理解或学习诊断。,中级,3,本地朱晓临《数值分析》第2版目录; 本地潘建瑜《数值分析讲义》目录,本地朱晓临《数值分析》第2版目录; 本地潘建瑜《数值分析讲义》目录,0.92
T321,特征向量正交性,Concept,数值分析,特征值与奇异值计算,特征向量正交性是特征值与奇异值计算中的关键知识点，用于支撑数值分析建模、算法理解或学习诊断。,中级,3,本地朱晓临《数值分析》第2版目录; 本地潘建瑜《数值分析讲义》目录,本地朱晓临《数值分析》第2版目录; 本地潘建瑜《数值分析讲义》目录,0.92
T322,Schur分解,Topic,数值分析,特征值与奇异值计算,Schur分解是特征值与奇异值计算中的关键知识点，用于支撑数值分析建模、算法理解或学习诊断。,中级,3,本地朱晓临《数值分析》第2版目录; 本地潘建瑜《数值分析讲义》目录,本地朱晓临《数值分析》第2版目录; 本地潘建瑜《数值分析讲义》目录,0.92
T323,Krylov特征子空间,Concept,数值分析,特征值与奇异值计算,Krylov特征子空间是特征值与奇异值计算中的关键知识点，用于支撑数值分析建模、算法理解或学习诊断。,中级,3,本地朱晓临《数值分析》第2版目录; 本地潘建瑜《数值分析讲义》目录,本地朱晓临《数值分析》第2版目录; 本地潘建瑜《数值分析讲义》目录,0.92
T324,偏微分方程分类,Topic,数值分析,PDE数值方法,偏微分方程分类是PDE数值方法中的关键知识点，用于支撑数值分析建模、算法理解或学习诊断。,高级,3,MIT OCW 18.336 Numerical Methods for PDEs syllabus,MIT OCW 18.336 Numerical Methods for PDEs syllabus,0.86
T325,椭圆型方程,Concept,数值分析,PDE数值方法,椭圆型方程是PDE数值方法中的关键知识点，用于支撑数值分析建模、算法理解或学习诊断。,高级,3,MIT OCW 18.336 Numerical Methods for PDEs syllabus,MIT OCW 18.336 Numerical Methods for PDEs syllabus,0.86
T326,抛物型方程,Concept,数值分析,PDE数值方法,抛物型方程是PDE数值方法中的关键知识点，用于支撑数值分析建模、算法理解或学习诊断。,高级,3,MIT OCW 18.336 Numerical Methods for PDEs syllabus,MIT OCW 18.336 Numerical Methods for PDEs syllabus,0.86
T327,双曲型方程,Concept,数值分析,PDE数值方法,双曲型方程是PDE数值方法中的关键知识点，用于支撑数值分析建模、算法理解或学习诊断。,高级,3,MIT OCW 18.336 Numerical Methods for PDEs syllabus,MIT OCW 18.336 Numerical Methods for PDEs syllabus,0.86
T328,泊松方程,Topic,数值分析,PDE数值方法,泊松方程是PDE数值方法中的关键知识点，用于支撑数值分析建模、算法理解或学习诊断。,高级,3,MIT OCW 18.336 Numerical Methods for PDEs syllabus,MIT OCW 18.336 Numerical Methods for PDEs syllabus,0.86
T329,热方程,Concept,数值分析,PDE数值方法,热方程是PDE数值方法中的关键知识点，用于支撑数值分析建模、算法理解或学习诊断。,高级,3,MIT OCW 18.336 Numerical Methods for PDEs syllabus,MIT OCW 18.336 Numerical Methods for PDEs syllabus,0.86
T330,波动方程,Concept,数值分析,PDE数值方法,波动方程是PDE数值方法中的关键知识点，用于支撑数值分析建模、算法理解或学习诊断。,高级,3,MIT OCW 18.336 Numerical Methods for PDEs syllabus,MIT OCW 18.336 Numerical Methods for PDEs syllabus,0.86
T331,守恒律,Concept,数值分析,PDE数值方法,守恒律是PDE数值方法中的关键知识点，用于支撑数值分析建模、算法理解或学习诊断。,高级,3,MIT OCW 18.336 Numerical Methods for PDEs syllabus,MIT OCW 18.336 Numerical Methods for PDEs syllabus,0.86
T332,网格生成,Topic,数值分析,PDE数值方法,网格生成是PDE数值方法中的关键知识点，用于支撑数值分析建模、算法理解或学习诊断。,高级,3,MIT OCW 18.336 Numerical Methods for PDEs syllabus,MIT OCW 18.336 Numerical Methods for PDEs syllabus,0.86
T333,空间离散,Concept,数值分析,PDE数值方法,空间离散是PDE数值方法中的关键知识点，用于支撑数值分析建模、算法理解或学习诊断。,高级,3,MIT OCW 18.336 Numerical Methods for PDEs syllabus,MIT OCW 18.336 Numerical Methods for PDEs syllabus,0.86
T334,时间离散,Concept,数值分析,PDE数值方法,时间离散是PDE数值方法中的关键知识点，用于支撑数值分析建模、算法理解或学习诊断。,高级,3,MIT OCW 18.336 Numerical Methods for PDEs syllabus,MIT OCW 18.336 Numerical Methods for PDEs syllabus,0.86
T335,有限差分模板,Concept,数值分析,PDE数值方法,有限差分模板是PDE数值方法中的关键知识点，用于支撑数值分析建模、算法理解或学习诊断。,高级,3,MIT OCW 18.336 Numerical Methods for PDEs syllabus,MIT OCW 18.336 Numerical Methods for PDEs syllabus,0.86
T336,有限体积控制体,Topic,数值分析,PDE数值方法,有限体积控制体是PDE数值方法中的关键知识点，用于支撑数值分析建模、算法理解或学习诊断。,高级,3,MIT OCW 18.336 Numerical Methods for PDEs syllabus,MIT OCW 18.336 Numerical Methods for PDEs syllabus,0.86
T337,PDE有限元弱形式,Concept,数值分析,PDE数值方法,PDE有限元弱形式是PDE数值方法中的关键知识点，用于支撑数值分析建模、算法理解或学习诊断。,高级,3,MIT OCW 18.336 Numerical Methods for PDEs syllabus,MIT OCW 18.336 Numerical Methods for PDEs syllabus,0.86
T338,谱方法基函数,Concept,数值分析,PDE数值方法,谱方法基函数是PDE数值方法中的关键知识点，用于支撑数值分析建模、算法理解或学习诊断。,高级,3,MIT OCW 18.336 Numerical Methods for PDEs syllabus,MIT OCW 18.336 Numerical Methods for PDEs syllabus,0.86
T339,PDE离散一致性,Concept,数值分析,PDE数值方法,PDE离散一致性是PDE数值方法中的关键知识点，用于支撑数值分析建模、算法理解或学习诊断。,高级,3,MIT OCW 18.336 Numerical Methods for PDEs syllabus,MIT OCW 18.336 Numerical Methods for PDEs syllabus,0.86
T340,PDE离散稳定性,Topic,数值分析,PDE数值方法,PDE离散稳定性是PDE数值方法中的关键知识点，用于支撑数值分析建模、算法理解或学习诊断。,高级,3,MIT OCW 18.336 Numerical Methods for PDEs syllabus,MIT OCW 18.336 Numerical Methods for PDEs syllabus,0.86
T341,PDE离散收敛性,Concept,数值分析,PDE数值方法,PDE离散收敛性是PDE数值方法中的关键知识点，用于支撑数值分析建模、算法理解或学习诊断。,高级,3,MIT OCW 18.336 Numerical Methods for PDEs syllabus,MIT OCW 18.336 Numerical Methods for PDEs syllabus,0.86
T342,Lax等价思想,Concept,数值分析,PDE数值方法,Lax等价思想是PDE数值方法中的关键知识点，用于支撑数值分析建模、算法理解或学习诊断。,高级,3,MIT OCW 18.336 Numerical Methods for PDEs syllabus,MIT OCW 18.336 Numerical Methods for PDEs syllabus,0.86
T343,CFL条件,Concept,数值分析,PDE数值方法,CFL条件是PDE数值方法中的关键知识点，用于支撑数值分析建模、算法理解或学习诊断。,高级,3,MIT OCW 18.336 Numerical Methods for PDEs syllabus,MIT OCW 18.336 Numerical Methods for PDEs syllabus,0.86
T344,数值扩散,Topic,数值分析,PDE数值方法,数值扩散是PDE数值方法中的关键知识点，用于支撑数值分析建模、算法理解或学习诊断。,高级,3,MIT OCW 18.336 Numerical Methods for PDEs syllabus,MIT OCW 18.336 Numerical Methods for PDEs syllabus,0.86
T345,数值振荡,Concept,数值分析,PDE数值方法,数值振荡是PDE数值方法中的关键知识点，用于支撑数值分析建模、算法理解或学习诊断。,高级,3,MIT OCW 18.336 Numerical Methods for PDEs syllabus,MIT OCW 18.336 Numerical Methods for PDEs syllabus,0.86
T346,边界条件离散,Concept,数值分析,PDE数值方法,边界条件离散是PDE数值方法中的关键知识点，用于支撑数值分析建模、算法理解或学习诊断。,高级,3,MIT OCW 18.336 Numerical Methods for PDEs syllabus,MIT OCW 18.336 Numerical Methods for PDEs syllabus,0.86
T347,多重网格思想,Concept,数值分析,PDE数值方法,多重网格思想是PDE数值方法中的关键知识点，用于支撑数值分析建模、算法理解或学习诊断。,高级,3,MIT OCW 18.336 Numerical Methods for PDEs syllabus,MIT OCW 18.336 Numerical Methods for PDEs syllabus,0.86
T348,网格加密,Topic,数值分析,PDE数值方法,网格加密是PDE数值方法中的关键知识点，用于支撑数值分析建模、算法理解或学习诊断。,高级,3,MIT OCW 18.336 Numerical Methods for PDEs syllabus,MIT OCW 18.336 Numerical Methods for PDEs syllabus,0.86
T349,PDE误差估计,Concept,数值分析,PDE数值方法,PDE误差估计是PDE数值方法中的关键知识点，用于支撑数值分析建模、算法理解或学习诊断。,高级,3,MIT OCW 18.336 Numerical Methods for PDEs syllabus,MIT OCW 18.336 Numerical Methods for PDEs syllabus,0.86
T350,变分形式,Concept,数值分析,PDE数值方法,变分形式是PDE数值方法中的关键知识点，用于支撑数值分析建模、算法理解或学习诊断。,高级,3,MIT OCW 18.336 Numerical Methods for PDEs syllabus,MIT OCW 18.336 Numerical Methods for PDEs syllabus,0.86
T351,稀疏矩阵装配,Concept,数值分析,PDE数值方法,稀疏矩阵装配是PDE数值方法中的关键知识点，用于支撑数值分析建模、算法理解或学习诊断。,高级,3,MIT OCW 18.336 Numerical Methods for PDEs syllabus,MIT OCW 18.336 Numerical Methods for PDEs syllabus,0.86
T352,非结构网格,Topic,数值分析,PDE数值方法,非结构网格是PDE数值方法中的关键知识点，用于支撑数值分析建模、算法理解或学习诊断。,高级,3,MIT OCW 18.336 Numerical Methods for PDEs syllabus,MIT OCW 18.336 Numerical Methods for PDEs syllabus,0.86
T353,时间推进,Concept,数值分析,PDE数值方法,时间推进是PDE数值方法中的关键知识点，用于支撑数值分析建模、算法理解或学习诊断。,高级,3,MIT OCW 18.336 Numerical Methods for PDEs syllabus,MIT OCW 18.336 Numerical Methods for PDEs syllabus,0.86
T354,优化问题建模,Topic,数值分析,数值优化,优化问题建模是数值优化中的关键知识点，用于支撑数值分析建模、算法理解或学习诊断。,高级,3,MIT OCW 18.335 Introduction to Numerical Methods syllabus; SciPy optimize官方文档,MIT OCW 18.335 Introduction to Numerical Methods syllabus; SciPy optimize官方文档,0.86
T355,目标函数,Concept,数值分析,数值优化,目标函数是数值优化中的关键知识点，用于支撑数值分析建模、算法理解或学习诊断。,高级,3,MIT OCW 18.335 Introduction to Numerical Methods syllabus; SciPy optimize官方文档,MIT OCW 18.335 Introduction to Numerical Methods syllabus; SciPy optimize官方文档,0.86
T356,约束条件,Concept,数值分析,数值优化,约束条件是数值优化中的关键知识点，用于支撑数值分析建模、算法理解或学习诊断。,高级,3,MIT OCW 18.335 Introduction to Numerical Methods syllabus; SciPy optimize官方文档,MIT OCW 18.335 Introduction to Numerical Methods syllabus; SciPy optimize官方文档,0.86
T357,可行域,Concept,数值分析,数值优化,可行域是数值优化中的关键知识点，用于支撑数值分析建模、算法理解或学习诊断。,高级,3,MIT OCW 18.335 Introduction to Numerical Methods syllabus; SciPy optimize官方文档,MIT OCW 18.335 Introduction to Numerical Methods syllabus; SciPy optimize官方文档,0.86
T358,梯度（优化）,Topic,数值分析,数值优化,梯度（优化）是数值优化中的关键知识点，用于支撑数值分析建模、算法理解或学习诊断。,高级,3,MIT OCW 18.335 Introduction to Numerical Methods syllabus; SciPy optimize官方文档,MIT OCW 18.335 Introduction to Numerical Methods syllabus; SciPy optimize官方文档,0.86
T359,Hessian矩阵（优化）,Concept,数值分析,数值优化,Hessian矩阵（优化）是数值优化中的关键知识点，用于支撑数值分析建模、算法理解或学习诊断。,高级,3,MIT OCW 18.335 Introduction to Numerical Methods syllabus; SciPy optimize官方文档,MIT OCW 18.335 Introduction to Numerical Methods syllabus; SciPy optimize官方文档,0.86
T360,一阶最优性条件,Concept,数值分析,数值优化,一阶最优性条件是数值优化中的关键知识点，用于支撑数值分析建模、算法理解或学习诊断。,高级,3,MIT OCW 18.335 Introduction to Numerical Methods syllabus; SciPy optimize官方文档,MIT OCW 18.335 Introduction to Numerical Methods syllabus; SciPy optimize官方文档,0.86
T361,二阶最优性条件,Concept,数值分析,数值优化,二阶最优性条件是数值优化中的关键知识点，用于支撑数值分析建模、算法理解或学习诊断。,高级,3,MIT OCW 18.335 Introduction to Numerical Methods syllabus; SciPy optimize官方文档,MIT OCW 18.335 Introduction to Numerical Methods syllabus; SciPy optimize官方文档,0.86
T362,凸优化,Topic,数值分析,数值优化,凸优化是数值优化中的关键知识点，用于支撑数值分析建模、算法理解或学习诊断。,高级,3,MIT OCW 18.335 Introduction to Numerical Methods syllabus; SciPy optimize官方文档,MIT OCW 18.335 Introduction to Numerical Methods syllabus; SciPy optimize官方文档,0.86
T363,强凸性,Concept,数值分析,数值优化,强凸性是数值优化中的关键知识点，用于支撑数值分析建模、算法理解或学习诊断。,高级,3,MIT OCW 18.335 Introduction to Numerical Methods syllabus; SciPy optimize官方文档,MIT OCW 18.335 Introduction to Numerical Methods syllabus; SciPy optimize官方文档,0.86
T364,Lipschitz梯度,Concept,数值分析,数值优化,Lipschitz梯度是数值优化中的关键知识点，用于支撑数值分析建模、算法理解或学习诊断。,高级,3,MIT OCW 18.335 Introduction to Numerical Methods syllabus; SciPy optimize官方文档,MIT OCW 18.335 Introduction to Numerical Methods syllabus; SciPy optimize官方文档,0.86
T365,线搜索,Concept,数值分析,数值优化,线搜索是数值优化中的关键知识点，用于支撑数值分析建模、算法理解或学习诊断。,高级,3,MIT OCW 18.335 Introduction to Numerical Methods syllabus; SciPy optimize官方文档,MIT OCW 18.335 Introduction to Numerical Methods syllabus; SciPy optimize官方文档,0.86
T366,Armijo条件,Topic,数值分析,数值优化,Armijo条件是数值优化中的关键知识点，用于支撑数值分析建模、算法理解或学习诊断。,高级,3,MIT OCW 18.335 Introduction to Numerical Methods syllabus; SciPy optimize官方文档,MIT OCW 18.335 Introduction to Numerical Methods syllabus; SciPy optimize官方文档,0.86
T367,Wolfe条件,Concept,数值分析,数值优化,Wolfe条件是数值优化中的关键知识点，用于支撑数值分析建模、算法理解或学习诊断。,高级,3,MIT OCW 18.335 Introduction to Numerical Methods syllabus; SciPy optimize官方文档,MIT OCW 18.335 Introduction to Numerical Methods syllabus; SciPy optimize官方文档,0.86
T368,信赖域,Concept,数值分析,数值优化,信赖域是数值优化中的关键知识点，用于支撑数值分析建模、算法理解或学习诊断。,高级,3,MIT OCW 18.335 Introduction to Numerical Methods syllabus; SciPy optimize官方文档,MIT OCW 18.335 Introduction to Numerical Methods syllabus; SciPy optimize官方文档,0.86
T369,下降方向,Concept,数值分析,数值优化,下降方向是数值优化中的关键知识点，用于支撑数值分析建模、算法理解或学习诊断。,高级,3,MIT OCW 18.335 Introduction to Numerical Methods syllabus; SciPy optimize官方文档,MIT OCW 18.335 Introduction to Numerical Methods syllabus; SciPy optimize官方文档,0.86
T370,Newton方向,Topic,数值分析,数值优化,Newton方向是数值优化中的关键知识点，用于支撑数值分析建模、算法理解或学习诊断。,高级,3,MIT OCW 18.335 Introduction to Numerical Methods syllabus; SciPy optimize官方文档,MIT OCW 18.335 Introduction to Numerical Methods syllabus; SciPy optimize官方文档,0.86
T371,拟牛顿近似,Concept,数值分析,数值优化,拟牛顿近似是数值优化中的关键知识点，用于支撑数值分析建模、算法理解或学习诊断。,高级,3,MIT OCW 18.335 Introduction to Numerical Methods syllabus; SciPy optimize官方文档,MIT OCW 18.335 Introduction to Numerical Methods syllabus; SciPy optimize官方文档,0.86
T372,正定修正,Concept,数值分析,数值优化,正定修正是数值优化中的关键知识点，用于支撑数值分析建模、算法理解或学习诊断。,高级,3,MIT OCW 18.335 Introduction to Numerical Methods syllabus; SciPy optimize官方文档,MIT OCW 18.335 Introduction to Numerical Methods syllabus; SciPy optimize官方文档,0.86
T373,约束优化,Concept,数值分析,数值优化,约束优化是数值优化中的关键知识点，用于支撑数值分析建模、算法理解或学习诊断。,高级,3,MIT OCW 18.335 Introduction to Numerical Methods syllabus; SciPy optimize官方文档,MIT OCW 18.335 Introduction to Numerical Methods syllabus; SciPy optimize官方文档,0.86
T374,Lagrange乘子,Topic,数值分析,数值优化,Lagrange乘子是数值优化中的关键知识点，用于支撑数值分析建模、算法理解或学习诊断。,高级,3,MIT OCW 18.335 Introduction to Numerical Methods syllabus; SciPy optimize官方文档,MIT OCW 18.335 Introduction to Numerical Methods syllabus; SciPy optimize官方文档,0.86
T375,KKT条件,Concept,数值分析,数值优化,KKT条件是数值优化中的关键知识点，用于支撑数值分析建模、算法理解或学习诊断。,高级,3,MIT OCW 18.335 Introduction to Numerical Methods syllabus; SciPy optimize官方文档,MIT OCW 18.335 Introduction to Numerical Methods syllabus; SciPy optimize官方文档,0.86
T376,罚函数,Concept,数值分析,数值优化,罚函数是数值优化中的关键知识点，用于支撑数值分析建模、算法理解或学习诊断。,高级,3,MIT OCW 18.335 Introduction to Numerical Methods syllabus; SciPy optimize官方文档,MIT OCW 18.335 Introduction to Numerical Methods syllabus; SciPy optimize官方文档,0.86
T377,障碍函数,Concept,数值分析,数值优化,障碍函数是数值优化中的关键知识点，用于支撑数值分析建模、算法理解或学习诊断。,高级,3,MIT OCW 18.335 Introduction to Numerical Methods syllabus; SciPy optimize官方文档,MIT OCW 18.335 Introduction to Numerical Methods syllabus; SciPy optimize官方文档,0.86
T378,最小二乘优化,Topic,数值分析,数值优化,最小二乘优化是数值优化中的关键知识点，用于支撑数值分析建模、算法理解或学习诊断。,高级,3,MIT OCW 18.335 Introduction to Numerical Methods syllabus; SciPy optimize官方文档,MIT OCW 18.335 Introduction to Numerical Methods syllabus; SciPy optimize官方文档,0.86
T379,非线性最小二乘,Concept,数值分析,数值优化,非线性最小二乘是数值优化中的关键知识点，用于支撑数值分析建模、算法理解或学习诊断。,高级,3,MIT OCW 18.335 Introduction to Numerical Methods syllabus; SciPy optimize官方文档,MIT OCW 18.335 Introduction to Numerical Methods syllabus; SciPy optimize官方文档,0.86
T380,正则化,Concept,数值分析,数值优化,正则化是数值优化中的关键知识点，用于支撑数值分析建模、算法理解或学习诊断。,高级,3,MIT OCW 18.335 Introduction to Numerical Methods syllabus; SciPy optimize官方文档,MIT OCW 18.335 Introduction to Numerical Methods syllabus; SciPy optimize官方文档,0.86
T381,稀疏优化,Concept,数值分析,数值优化,稀疏优化是数值优化中的关键知识点，用于支撑数值分析建模、算法理解或学习诊断。,高级,3,MIT OCW 18.335 Introduction to Numerical Methods syllabus; SciPy optimize官方文档,MIT OCW 18.335 Introduction to Numerical Methods syllabus; SciPy optimize官方文档,0.86
T382,随机梯度,Topic,数值分析,数值优化,随机梯度是数值优化中的关键知识点，用于支撑数值分析建模、算法理解或学习诊断。,高级,3,MIT OCW 18.335 Introduction to Numerical Methods syllabus; SciPy optimize官方文档,MIT OCW 18.335 Introduction to Numerical Methods syllabus; SciPy optimize官方文档,0.86
T383,优化收敛率,Concept,数值分析,数值优化,优化收敛率是数值优化中的关键知识点，用于支撑数值分析建模、算法理解或学习诊断。,高级,3,MIT OCW 18.335 Introduction to Numerical Methods syllabus; SciPy optimize官方文档,MIT OCW 18.335 Introduction to Numerical Methods syllabus; SciPy optimize官方文档,0.86
T384,优化停止条件,Concept,数值分析,数值优化,优化停止条件是数值优化中的关键知识点，用于支撑数值分析建模、算法理解或学习诊断。,高级,3,MIT OCW 18.335 Introduction to Numerical Methods syllabus; SciPy optimize官方文档,MIT OCW 18.335 Introduction to Numerical Methods syllabus; SciPy optimize官方文档,0.86
T385,优化尺度化,Concept,数值分析,数值优化,优化尺度化是数值优化中的关键知识点，用于支撑数值分析建模、算法理解或学习诊断。,高级,3,MIT OCW 18.335 Introduction to Numerical Methods syllabus; SciPy optimize官方文档,MIT OCW 18.335 Introduction to Numerical Methods syllabus; SciPy optimize官方文档,0.86
T386,病态优化,Topic,数值分析,数值优化,病态优化是数值优化中的关键知识点，用于支撑数值分析建模、算法理解或学习诊断。,高级,3,MIT OCW 18.335 Introduction to Numerical Methods syllabus; SciPy optimize官方文档,MIT OCW 18.335 Introduction to Numerical Methods syllabus; SciPy optimize官方文档,0.86
T387,全局优化,Concept,数值分析,数值优化,全局优化是数值优化中的关键知识点，用于支撑数值分析建模、算法理解或学习诊断。,高级,3,MIT OCW 18.335 Introduction to Numerical Methods syllabus; SciPy optimize官方文档,MIT OCW 18.335 Introduction to Numerical Methods syllabus; SciPy optimize官方文档,0.86
T388,局部极小,Concept,数值分析,数值优化,局部极小是数值优化中的关键知识点，用于支撑数值分析建模、算法理解或学习诊断。,高级,3,MIT OCW 18.335 Introduction to Numerical Methods syllabus; SciPy optimize官方文档,MIT OCW 18.335 Introduction to Numerical Methods syllabus; SciPy optimize官方文档,0.86
T389,科学计算流程,Topic,数值分析,科学计算实验方法,科学计算流程是科学计算实验方法中的关键知识点，用于支撑数值分析建模、算法理解或学习诊断。,中级,3,MIT OCW 18.335 Introduction to Numerical Methods syllabus; 专家补全：按数值分析通用知识体系整理，建议人工审核,MIT OCW 18.335 Introduction to Numerical Methods syllabus; 专家补全：按数值分析通用知识体系整理，建议人工审核,0.86
T390,问题建模,Concept,数值分析,科学计算实验方法,问题建模是科学计算实验方法中的关键知识点，用于支撑数值分析建模、算法理解或学习诊断。,中级,3,MIT OCW 18.335 Introduction to Numerical Methods syllabus; 专家补全：按数值分析通用知识体系整理，建议人工审核,MIT OCW 18.335 Introduction to Numerical Methods syllabus; 专家补全：按数值分析通用知识体系整理，建议人工审核,0.86
T391,算法选择,Concept,数值分析,科学计算实验方法,算法选择是科学计算实验方法中的关键知识点，用于支撑数值分析建模、算法理解或学习诊断。,中级,3,MIT OCW 18.335 Introduction to Numerical Methods syllabus; 专家补全：按数值分析通用知识体系整理，建议人工审核,MIT OCW 18.335 Introduction to Numerical Methods syllabus; 专家补全：按数值分析通用知识体系整理，建议人工审核,0.86
T392,误差预算,Concept,数值分析,科学计算实验方法,误差预算是科学计算实验方法中的关键知识点，用于支撑数值分析建模、算法理解或学习诊断。,中级,3,MIT OCW 18.335 Introduction to Numerical Methods syllabus; 专家补全：按数值分析通用知识体系整理，建议人工审核,MIT OCW 18.335 Introduction to Numerical Methods syllabus; 专家补全：按数值分析通用知识体系整理，建议人工审核,0.86
T393,复杂度分析,Topic,数值分析,科学计算实验方法,复杂度分析是科学计算实验方法中的关键知识点，用于支撑数值分析建模、算法理解或学习诊断。,中级,3,MIT OCW 18.335 Introduction to Numerical Methods syllabus; 专家补全：按数值分析通用知识体系整理，建议人工审核,MIT OCW 18.335 Introduction to Numerical Methods syllabus; 专家补全：按数值分析通用知识体系整理，建议人工审核,0.86
T394,内存复杂度,Concept,数值分析,科学计算实验方法,内存复杂度是科学计算实验方法中的关键知识点，用于支撑数值分析建模、算法理解或学习诊断。,中级,3,MIT OCW 18.335 Introduction to Numerical Methods syllabus; 专家补全：按数值分析通用知识体系整理，建议人工审核,MIT OCW 18.335 Introduction to Numerical Methods syllabus; 专家补全：按数值分析通用知识体系整理，建议人工审核,0.86
T395,向量化实现,Concept,数值分析,科学计算实验方法,向量化实现是科学计算实验方法中的关键知识点，用于支撑数值分析建模、算法理解或学习诊断。,中级,3,MIT OCW 18.335 Introduction to Numerical Methods syllabus; 专家补全：按数值分析通用知识体系整理，建议人工审核,MIT OCW 18.335 Introduction to Numerical Methods syllabus; 专家补全：按数值分析通用知识体系整理，建议人工审核,0.86
T396,并行计算基础,Concept,数值分析,科学计算实验方法,并行计算基础是科学计算实验方法中的关键知识点，用于支撑数值分析建模、算法理解或学习诊断。,中级,3,MIT OCW 18.335 Introduction to Numerical Methods syllabus; 专家补全：按数值分析通用知识体系整理，建议人工审核,MIT OCW 18.335 Introduction to Numerical Methods syllabus; 专家补全：按数值分析通用知识体系整理，建议人工审核,0.86
T397,稀疏计算,Topic,数值分析,科学计算实验方法,稀疏计算是科学计算实验方法中的关键知识点，用于支撑数值分析建模、算法理解或学习诊断。,中级,3,MIT OCW 18.335 Introduction to Numerical Methods syllabus; 专家补全：按数值分析通用知识体系整理，建议人工审核,MIT OCW 18.335 Introduction to Numerical Methods syllabus; 专家补全：按数值分析通用知识体系整理，建议人工审核,0.86
T398,可视化诊断,Concept,数值分析,科学计算实验方法,可视化诊断是科学计算实验方法中的关键知识点，用于支撑数值分析建模、算法理解或学习诊断。,中级,3,MIT OCW 18.335 Introduction to Numerical Methods syllabus; 专家补全：按数值分析通用知识体系整理，建议人工审核,MIT OCW 18.335 Introduction to Numerical Methods syllabus; 专家补全：按数值分析通用知识体系整理，建议人工审核,0.86
T399,参数扫描,Concept,数值分析,科学计算实验方法,参数扫描是科学计算实验方法中的关键知识点，用于支撑数值分析建模、算法理解或学习诊断。,中级,3,MIT OCW 18.335 Introduction to Numerical Methods syllabus; 专家补全：按数值分析通用知识体系整理，建议人工审核,MIT OCW 18.335 Introduction to Numerical Methods syllabus; 专家补全：按数值分析通用知识体系整理，建议人工审核,0.86
T400,敏感性分析,Concept,数值分析,科学计算实验方法,敏感性分析是科学计算实验方法中的关键知识点，用于支撑数值分析建模、算法理解或学习诊断。,中级,3,MIT OCW 18.335 Introduction to Numerical Methods syllabus; 专家补全：按数值分析通用知识体系整理，建议人工审核,MIT OCW 18.335 Introduction to Numerical Methods syllabus; 专家补全：按数值分析通用知识体系整理，建议人工审核,0.86
T401,结果验证,Topic,数值分析,科学计算实验方法,结果验证是科学计算实验方法中的关键知识点，用于支撑数值分析建模、算法理解或学习诊断。,中级,3,MIT OCW 18.335 Introduction to Numerical Methods syllabus; 专家补全：按数值分析通用知识体系整理，建议人工审核,MIT OCW 18.335 Introduction to Numerical Methods syllabus; 专家补全：按数值分析通用知识体系整理，建议人工审核,0.86
T402,基准测试,Concept,数值分析,科学计算实验方法,基准测试是科学计算实验方法中的关键知识点，用于支撑数值分析建模、算法理解或学习诊断。,中级,3,MIT OCW 18.335 Introduction to Numerical Methods syllabus; 专家补全：按数值分析通用知识体系整理，建议人工审核,MIT OCW 18.335 Introduction to Numerical Methods syllabus; 专家补全：按数值分析通用知识体系整理，建议人工审核,0.86
T403,代码复现,Concept,数值分析,科学计算实验方法,代码复现是科学计算实验方法中的关键知识点，用于支撑数值分析建模、算法理解或学习诊断。,中级,3,MIT OCW 18.335 Introduction to Numerical Methods syllabus; 专家补全：按数值分析通用知识体系整理，建议人工审核,MIT OCW 18.335 Introduction to Numerical Methods syllabus; 专家补全：按数值分析通用知识体系整理，建议人工审核,0.86
T404,实验记录,Concept,数值分析,科学计算实验方法,实验记录是科学计算实验方法中的关键知识点，用于支撑数值分析建模、算法理解或学习诊断。,中级,3,MIT OCW 18.335 Introduction to Numerical Methods syllabus; 专家补全：按数值分析通用知识体系整理，建议人工审核,MIT OCW 18.335 Introduction to Numerical Methods syllabus; 专家补全：按数值分析通用知识体系整理，建议人工审核,0.86
T405,数据清洗,Topic,数值分析,科学计算实验方法,数据清洗是科学计算实验方法中的关键知识点，用于支撑数值分析建模、算法理解或学习诊断。,中级,3,MIT OCW 18.335 Introduction to Numerical Methods syllabus; 专家补全：按数值分析通用知识体系整理，建议人工审核,MIT OCW 18.335 Introduction to Numerical Methods syllabus; 专家补全：按数值分析通用知识体系整理，建议人工审核,0.86
T406,浮点调试,Concept,数值分析,科学计算实验方法,浮点调试是科学计算实验方法中的关键知识点，用于支撑数值分析建模、算法理解或学习诊断。,中级,3,MIT OCW 18.335 Introduction to Numerical Methods syllabus; 专家补全：按数值分析通用知识体系整理，建议人工审核,MIT OCW 18.335 Introduction to Numerical Methods syllabus; 专家补全：按数值分析通用知识体系整理，建议人工审核,0.86
T407,数值软件选型,Concept,数值分析,科学计算实验方法,数值软件选型是科学计算实验方法中的关键知识点，用于支撑数值分析建模、算法理解或学习诊断。,中级,3,MIT OCW 18.335 Introduction to Numerical Methods syllabus; 专家补全：按数值分析通用知识体系整理，建议人工审核,MIT OCW 18.335 Introduction to Numerical Methods syllabus; 专家补全：按数值分析通用知识体系整理，建议人工审核,0.86
T408,报告撰写,Concept,数值分析,科学计算实验方法,报告撰写是科学计算实验方法中的关键知识点，用于支撑数值分析建模、算法理解或学习诊断。,中级,3,MIT OCW 18.335 Introduction to Numerical Methods syllabus; 专家补全：按数值分析通用知识体系整理，建议人工审核,MIT OCW 18.335 Introduction to Numerical Methods syllabus; 专家补全：按数值分析通用知识体系整理，建议人工审核,0.86
T409,Python实现规范,Topic,数值分析,Python/MATLAB实现,Python实现规范是Python/MATLAB实现中的关键知识点，用于支撑数值分析建模、算法理解或学习诊断。,中级,3,SciPy optimize官方文档; SciPy integrate官方文档; MathWorks MATLAB ODE官方文档,SciPy optimize官方文档; SciPy integrate官方文档; MathWorks MATLAB ODE官方文档,0.86
T410,MATLAB实现规范,Concept,数值分析,Python/MATLAB实现,MATLAB实现规范是Python/MATLAB实现中的关键知识点，用于支撑数值分析建模、算法理解或学习诊断。,中级,3,SciPy optimize官方文档; SciPy integrate官方文档; MathWorks MATLAB ODE官方文档,SciPy optimize官方文档; SciPy integrate官方文档; MathWorks MATLAB ODE官方文档,0.86
T411,NumPy线性代数,Concept,数值分析,Python/MATLAB实现,NumPy线性代数是Python/MATLAB实现中的关键知识点，用于支撑数值分析建模、算法理解或学习诊断。,中级,3,SciPy optimize官方文档; SciPy integrate官方文档; MathWorks MATLAB ODE官方文档,SciPy optimize官方文档; SciPy integrate官方文档; MathWorks MATLAB ODE官方文档,0.86
T412,SciPy optimize接口,Concept,数值分析,Python/MATLAB实现,SciPy optimize接口是Python/MATLAB实现中的关键知识点，用于支撑数值分析建模、算法理解或学习诊断。,中级,3,SciPy optimize官方文档; SciPy integrate官方文档; MathWorks MATLAB ODE官方文档,SciPy optimize官方文档; SciPy integrate官方文档; MathWorks MATLAB ODE官方文档,0.86
T413,SciPy integrate接口,Topic,数值分析,Python/MATLAB实现,SciPy integrate接口是Python/MATLAB实现中的关键知识点，用于支撑数值分析建模、算法理解或学习诊断。,中级,3,SciPy optimize官方文档; SciPy integrate官方文档; MathWorks MATLAB ODE官方文档,SciPy optimize官方文档; SciPy integrate官方文档; MathWorks MATLAB ODE官方文档,0.86
T414,SciPy sparse接口,Concept,数值分析,Python/MATLAB实现,SciPy sparse接口是Python/MATLAB实现中的关键知识点，用于支撑数值分析建模、算法理解或学习诊断。,中级,3,SciPy optimize官方文档; SciPy integrate官方文档; MathWorks MATLAB ODE官方文档,SciPy optimize官方文档; SciPy integrate官方文档; MathWorks MATLAB ODE官方文档,0.86
T415,MATLAB ode45,Concept,数值分析,Python/MATLAB实现,MATLAB ode45是Python/MATLAB实现中的关键知识点，用于支撑数值分析建模、算法理解或学习诊断。,中级,3,SciPy optimize官方文档; SciPy integrate官方文档; MathWorks MATLAB ODE官方文档,SciPy optimize官方文档; SciPy integrate官方文档; MathWorks MATLAB ODE官方文档,0.86
T416,MATLAB fsolve,Concept,数值分析,Python/MATLAB实现,MATLAB fsolve是Python/MATLAB实现中的关键知识点，用于支撑数值分析建模、算法理解或学习诊断。,中级,3,SciPy optimize官方文档; SciPy integrate官方文档; MathWorks MATLAB ODE官方文档,SciPy optimize官方文档; SciPy integrate官方文档; MathWorks MATLAB ODE官方文档,0.86
T417,MATLAB eig,Topic,数值分析,Python/MATLAB实现,MATLAB eig是Python/MATLAB实现中的关键知识点，用于支撑数值分析建模、算法理解或学习诊断。,中级,3,SciPy optimize官方文档; SciPy integrate官方文档; MathWorks MATLAB ODE官方文档,SciPy optimize官方文档; SciPy integrate官方文档; MathWorks MATLAB ODE官方文档,0.86
T418,MATLAB sparse,Concept,数值分析,Python/MATLAB实现,MATLAB sparse是Python/MATLAB实现中的关键知识点，用于支撑数值分析建模、算法理解或学习诊断。,中级,3,SciPy optimize官方文档; SciPy integrate官方文档; MathWorks MATLAB ODE官方文档,SciPy optimize官方文档; SciPy integrate官方文档; MathWorks MATLAB ODE官方文档,0.86
T419,绘图对比,Concept,数值分析,Python/MATLAB实现,绘图对比是Python/MATLAB实现中的关键知识点，用于支撑数值分析建模、算法理解或学习诊断。,中级,3,SciPy optimize官方文档; SciPy integrate官方文档; MathWorks MATLAB ODE官方文档,SciPy optimize官方文档; SciPy integrate官方文档; MathWorks MATLAB ODE官方文档,0.86
T420,异常与警告,Concept,数值分析,Python/MATLAB实现,异常与警告是Python/MATLAB实现中的关键知识点，用于支撑数值分析建模、算法理解或学习诊断。,中级,3,SciPy optimize官方文档; SciPy integrate官方文档; MathWorks MATLAB ODE官方文档,SciPy optimize官方文档; SciPy integrate官方文档; MathWorks MATLAB ODE官方文档,0.86
T421,容差参数,Topic,数值分析,Python/MATLAB实现,容差参数是Python/MATLAB实现中的关键知识点，用于支撑数值分析建模、算法理解或学习诊断。,中级,3,SciPy optimize官方文档; SciPy integrate官方文档; MathWorks MATLAB ODE官方文档,SciPy optimize官方文档; SciPy integrate官方文档; MathWorks MATLAB ODE官方文档,0.86
T422,初值参数,Concept,数值分析,Python/MATLAB实现,初值参数是Python/MATLAB实现中的关键知识点，用于支撑数值分析建模、算法理解或学习诊断。,中级,3,SciPy optimize官方文档; SciPy integrate官方文档; MathWorks MATLAB ODE官方文档,SciPy optimize官方文档; SciPy integrate官方文档; MathWorks MATLAB ODE官方文档,0.86
T423,矩阵条件数函数,Concept,数值分析,Python/MATLAB实现,矩阵条件数函数是Python/MATLAB实现中的关键知识点，用于支撑数值分析建模、算法理解或学习诊断。,中级,3,SciPy optimize官方文档; SciPy integrate官方文档; MathWorks MATLAB ODE官方文档,SciPy optimize官方文档; SciPy integrate官方文档; MathWorks MATLAB ODE官方文档,0.86
T424,随机实验复现,Concept,数值分析,Python/MATLAB实现,随机实验复现是Python/MATLAB实现中的关键知识点，用于支撑数值分析建模、算法理解或学习诊断。,中级,3,SciPy optimize官方文档; SciPy integrate官方文档; MathWorks MATLAB ODE官方文档,SciPy optimize官方文档; SciPy integrate官方文档; MathWorks MATLAB ODE官方文档,0.86
T425,Notebook记录,Topic,数值分析,Python/MATLAB实现,Notebook记录是Python/MATLAB实现中的关键知识点，用于支撑数值分析建模、算法理解或学习诊断。,中级,3,SciPy optimize官方文档; SciPy integrate官方文档; MathWorks MATLAB ODE官方文档,SciPy optimize官方文档; SciPy integrate官方文档; MathWorks MATLAB ODE官方文档,0.86
T426,脚本批处理,Concept,数值分析,Python/MATLAB实现,脚本批处理是Python/MATLAB实现中的关键知识点，用于支撑数值分析建模、算法理解或学习诊断。,中级,3,SciPy optimize官方文档; SciPy integrate官方文档; MathWorks MATLAB ODE官方文档,SciPy optimize官方文档; SciPy integrate官方文档; MathWorks MATLAB ODE官方文档,0.86
T427,函数封装,Concept,数值分析,Python/MATLAB实现,函数封装是Python/MATLAB实现中的关键知识点，用于支撑数值分析建模、算法理解或学习诊断。,中级,3,SciPy optimize官方文档; SciPy integrate官方文档; MathWorks MATLAB ODE官方文档,SciPy optimize官方文档; SciPy integrate官方文档; MathWorks MATLAB ODE官方文档,0.86
T428,单元测试数据,Concept,数值分析,Python/MATLAB实现,单元测试数据是Python/MATLAB实现中的关键知识点，用于支撑数值分析建模、算法理解或学习诊断。,中级,3,SciPy optimize官方文档; SciPy integrate官方文档; MathWorks MATLAB ODE官方文档,SciPy optimize官方文档; SciPy integrate官方文档; MathWorks MATLAB ODE官方文档,0.86
ALG001,二分法,Algorithm,数值分析,非线性方程求根,二分法是非线性方程求根中的典型算法，可用于对应问题的数值求解或实验实现。,中级,4,本地理论/实验课程大纲与14次课件目录; 本地朱晓临《数值分析》第2版目录,本地理论/实验课程大纲与14次课件目录; 本地朱晓临《数值分析》第2版目录,0.92
ALG002,不动点迭代法（求根）,Algorithm,数值分析,非线性方程求根,不动点迭代法（求根）是非线性方程求根中的典型算法，可用于对应问题的数值求解或实验实现。,中级,4,本地理论/实验课程大纲与14次课件目录; 本地朱晓临《数值分析》第2版目录,本地理论/实验课程大纲与14次课件目录; 本地朱晓临《数值分析》第2版目录,0.92
ALG003,Newton迭代法（求根）,Algorithm,数值分析,非线性方程求根,Newton迭代法（求根）是非线性方程求根中的典型算法，可用于对应问题的数值求解或实验实现。,中级,4,本地理论/实验课程大纲与14次课件目录; 本地朱晓临《数值分析》第2版目录,本地理论/实验课程大纲与14次课件目录; 本地朱晓临《数值分析》第2版目录,0.92
ALG004,阻尼Newton法（求根）,Algorithm,数值分析,非线性方程求根,阻尼Newton法（求根）是非线性方程求根中的典型算法，可用于对应问题的数值求解或实验实现。,中级,4,本地理论/实验课程大纲与14次课件目录; 本地朱晓临《数值分析》第2版目录,本地理论/实验课程大纲与14次课件目录; 本地朱晓临《数值分析》第2版目录,0.92
ALG005,弦截法,Algorithm,数值分析,非线性方程求根,弦截法是非线性方程求根中的典型算法，可用于对应问题的数值求解或实验实现。,中级,4,本地理论/实验课程大纲与14次课件目录; 本地朱晓临《数值分析》第2版目录,本地理论/实验课程大纲与14次课件目录; 本地朱晓临《数值分析》第2版目录,0.92
ALG006,试位法,Algorithm,数值分析,非线性方程求根,试位法是非线性方程求根中的典型算法，可用于对应问题的数值求解或实验实现。,中级,4,本地理论/实验课程大纲与14次课件目录; 本地朱晓临《数值分析》第2版目录,本地理论/实验课程大纲与14次课件目录; 本地朱晓临《数值分析》第2版目录,0.92
ALG007,Muller法,Algorithm,数值分析,非线性方程求根,Muller法是非线性方程求根中的典型算法，可用于对应问题的数值求解或实验实现。,中级,4,本地理论/实验课程大纲与14次课件目录; 本地朱晓临《数值分析》第2版目录,本地理论/实验课程大纲与14次课件目录; 本地朱晓临《数值分析》第2版目录,0.92
ALG008,非线性方程组Newton法,Algorithm,数值分析,非线性方程求根,非线性方程组Newton法是非线性方程求根中的典型算法，可用于对应问题的数值求解或实验实现。,中级,4,本地理论/实验课程大纲与14次课件目录; 本地朱晓临《数值分析》第2版目录,本地理论/实验课程大纲与14次课件目录; 本地朱晓临《数值分析》第2版目录,0.92
ALG009,Broyden法,Algorithm,数值分析,非线性方程求根,Broyden法是非线性方程求根中的典型算法，可用于对应问题的数值求解或实验实现。,中级,4,本地理论/实验课程大纲与14次课件目录; 本地朱晓临《数值分析》第2版目录,本地理论/实验课程大纲与14次课件目录; 本地朱晓临《数值分析》第2版目录,0.92
ALG010,连续延拓法,Algorithm,数值分析,非线性方程求根,连续延拓法是非线性方程求根中的典型算法，可用于对应问题的数值求解或实验实现。,中级,4,本地理论/实验课程大纲与14次课件目录; 本地朱晓临《数值分析》第2版目录,本地理论/实验课程大纲与14次课件目录; 本地朱晓临《数值分析》第2版目录,0.92
ALG011,Gauss消元法,Algorithm,数值分析,线性方程组数值解法,Gauss消元法是线性方程组数值解法中的典型算法，可用于对应问题的数值求解或实验实现。,中级,4,本地理论/实验课程大纲与14次课件目录; 本地朱晓临《数值分析》第2版目录; Netlib Templates for the Solution of Linear Systems,本地理论/实验课程大纲与14次课件目录; 本地朱晓临《数值分析》第2版目录; Netlib Templates for the Solution of Linear Systems,0.92
ALG012,列主元Gauss消元法,Algorithm,数值分析,线性方程组数值解法,列主元Gauss消元法是线性方程组数值解法中的典型算法，可用于对应问题的数值求解或实验实现。,中级,4,本地理论/实验课程大纲与14次课件目录; 本地朱晓临《数值分析》第2版目录; Netlib Templates for the Solution of Linear Systems,本地理论/实验课程大纲与14次课件目录; 本地朱晓临《数值分析》第2版目录; Netlib Templates for the Solution of Linear Systems,0.92
ALG013,全主元Gauss消元法,Algorithm,数值分析,线性方程组数值解法,全主元Gauss消元法是线性方程组数值解法中的典型算法，可用于对应问题的数值求解或实验实现。,中级,4,本地理论/实验课程大纲与14次课件目录; 本地朱晓临《数值分析》第2版目录; Netlib Templates for the Solution of Linear Systems,本地理论/实验课程大纲与14次课件目录; 本地朱晓临《数值分析》第2版目录; Netlib Templates for the Solution of Linear Systems,0.92
ALG014,LU分解法,Algorithm,数值分析,线性方程组数值解法,LU分解法是线性方程组数值解法中的典型算法，可用于对应问题的数值求解或实验实现。,中级,4,本地理论/实验课程大纲与14次课件目录; 本地朱晓临《数值分析》第2版目录; Netlib Templates for the Solution of Linear Systems,本地理论/实验课程大纲与14次课件目录; 本地朱晓临《数值分析》第2版目录; Netlib Templates for the Solution of Linear Systems,0.92
ALG015,Cholesky分解法,Algorithm,数值分析,线性方程组数值解法,Cholesky分解法是线性方程组数值解法中的典型算法，可用于对应问题的数值求解或实验实现。,中级,4,本地理论/实验课程大纲与14次课件目录; 本地朱晓临《数值分析》第2版目录; Netlib Templates for the Solution of Linear Systems,本地理论/实验课程大纲与14次课件目录; 本地朱晓临《数值分析》第2版目录; Netlib Templates for the Solution of Linear Systems,0.92
ALG016,Thomas算法,Algorithm,数值分析,线性方程组数值解法,Thomas算法是线性方程组数值解法中的典型算法，可用于对应问题的数值求解或实验实现。,中级,4,本地理论/实验课程大纲与14次课件目录; 本地朱晓临《数值分析》第2版目录; Netlib Templates for the Solution of Linear Systems,本地理论/实验课程大纲与14次课件目录; 本地朱晓临《数值分析》第2版目录; Netlib Templates for the Solution of Linear Systems,0.92
ALG017,Jacobi迭代法,Algorithm,数值分析,线性方程组数值解法,Jacobi迭代法是线性方程组数值解法中的典型算法，可用于对应问题的数值求解或实验实现。,中级,4,本地理论/实验课程大纲与14次课件目录; 本地朱晓临《数值分析》第2版目录; Netlib Templates for the Solution of Linear Systems,本地理论/实验课程大纲与14次课件目录; 本地朱晓临《数值分析》第2版目录; Netlib Templates for the Solution of Linear Systems,0.92
ALG018,Gauss-Seidel迭代法,Algorithm,数值分析,线性方程组数值解法,Gauss-Seidel迭代法是线性方程组数值解法中的典型算法，可用于对应问题的数值求解或实验实现。,中级,4,本地理论/实验课程大纲与14次课件目录; 本地朱晓临《数值分析》第2版目录; Netlib Templates for the Solution of Linear Systems,本地理论/实验课程大纲与14次课件目录; 本地朱晓临《数值分析》第2版目录; Netlib Templates for the Solution of Linear Systems,0.92
ALG019,SOR迭代法,Algorithm,数值分析,线性方程组数值解法,SOR迭代法是线性方程组数值解法中的典型算法，可用于对应问题的数值求解或实验实现。,中级,4,本地理论/实验课程大纲与14次课件目录; 本地朱晓临《数值分析》第2版目录; Netlib Templates for the Solution of Linear Systems,本地理论/实验课程大纲与14次课件目录; 本地朱晓临《数值分析》第2版目录; Netlib Templates for the Solution of Linear Systems,0.92
ALG020,Richardson迭代法,Algorithm,数值分析,线性方程组数值解法,Richardson迭代法是线性方程组数值解法中的典型算法，可用于对应问题的数值求解或实验实现。,中级,4,本地理论/实验课程大纲与14次课件目录; 本地朱晓临《数值分析》第2版目录; Netlib Templates for the Solution of Linear Systems,本地理论/实验课程大纲与14次课件目录; 本地朱晓临《数值分析》第2版目录; Netlib Templates for the Solution of Linear Systems,0.92
ALG021,共轭梯度法（线性方程组）,Algorithm,数值分析,线性方程组数值解法,共轭梯度法（线性方程组）是线性方程组数值解法中的典型算法，可用于对应问题的数值求解或实验实现。,中级,4,本地理论/实验课程大纲与14次课件目录; 本地朱晓临《数值分析》第2版目录; Netlib Templates for the Solution of Linear Systems,本地理论/实验课程大纲与14次课件目录; 本地朱晓临《数值分析》第2版目录; Netlib Templates for the Solution of Linear Systems,0.92
ALG022,GMRES算法,Algorithm,数值分析,线性方程组数值解法,GMRES算法是线性方程组数值解法中的典型算法，可用于对应问题的数值求解或实验实现。,中级,4,本地理论/实验课程大纲与14次课件目录; 本地朱晓临《数值分析》第2版目录; Netlib Templates for the Solution of Linear Systems,本地理论/实验课程大纲与14次课件目录; 本地朱晓临《数值分析》第2版目录; Netlib Templates for the Solution of Linear Systems,0.92
ALG023,BiCGSTAB算法,Algorithm,数值分析,线性方程组数值解法,BiCGSTAB算法是线性方程组数值解法中的典型算法，可用于对应问题的数值求解或实验实现。,中级,4,本地理论/实验课程大纲与14次课件目录; 本地朱晓临《数值分析》第2版目录; Netlib Templates for the Solution of Linear Systems,本地理论/实验课程大纲与14次课件目录; 本地朱晓临《数值分析》第2版目录; Netlib Templates for the Solution of Linear Systems,0.92
ALG024,MINRES算法,Algorithm,数值分析,线性方程组数值解法,MINRES算法是线性方程组数值解法中的典型算法，可用于对应问题的数值求解或实验实现。,中级,4,本地理论/实验课程大纲与14次课件目录; 本地朱晓临《数值分析》第2版目录; Netlib Templates for the Solution of Linear Systems,本地理论/实验课程大纲与14次课件目录; 本地朱晓临《数值分析》第2版目录; Netlib Templates for the Solution of Linear Systems,0.92
ALG025,预条件共轭梯度法,Algorithm,数值分析,线性方程组数值解法,预条件共轭梯度法是线性方程组数值解法中的典型算法，可用于对应问题的数值求解或实验实现。,中级,4,本地理论/实验课程大纲与14次课件目录; 本地朱晓临《数值分析》第2版目录; Netlib Templates for the Solution of Linear Systems,本地理论/实验课程大纲与14次课件目录; 本地朱晓临《数值分析》第2版目录; Netlib Templates for the Solution of Linear Systems,0.92
ALG026,Lagrange插值法,Algorithm,数值分析,插值与样条,Lagrange插值法是插值与样条中的典型算法，可用于对应问题的数值求解或实验实现。,中级,4,本地理论/实验课程大纲与14次课件目录; 本地朱晓临《数值分析》第2版目录; 本地李庆扬等《数值分析》第5版目录,本地理论/实验课程大纲与14次课件目录; 本地朱晓临《数值分析》第2版目录; 本地李庆扬等《数值分析》第5版目录,0.92
ALG027,Newton插值法,Algorithm,数值分析,插值与样条,Newton插值法是插值与样条中的典型算法，可用于对应问题的数值求解或实验实现。,中级,4,本地理论/实验课程大纲与14次课件目录; 本地朱晓临《数值分析》第2版目录; 本地李庆扬等《数值分析》第5版目录,本地理论/实验课程大纲与14次课件目录; 本地朱晓临《数值分析》第2版目录; 本地李庆扬等《数值分析》第5版目录,0.92
ALG028,Aitken逐步插值法,Algorithm,数值分析,插值与样条,Aitken逐步插值法是插值与样条中的典型算法，可用于对应问题的数值求解或实验实现。,中级,4,本地理论/实验课程大纲与14次课件目录; 本地朱晓临《数值分析》第2版目录; 本地李庆扬等《数值分析》第5版目录,本地理论/实验课程大纲与14次课件目录; 本地朱晓临《数值分析》第2版目录; 本地李庆扬等《数值分析》第5版目录,0.92
ALG029,Neville算法,Algorithm,数值分析,插值与样条,Neville算法是插值与样条中的典型算法，可用于对应问题的数值求解或实验实现。,中级,4,本地理论/实验课程大纲与14次课件目录; 本地朱晓临《数值分析》第2版目录; 本地李庆扬等《数值分析》第5版目录,本地理论/实验课程大纲与14次课件目录; 本地朱晓临《数值分析》第2版目录; 本地李庆扬等《数值分析》第5版目录,0.92
ALG030,Hermite插值法,Algorithm,数值分析,插值与样条,Hermite插值法是插值与样条中的典型算法，可用于对应问题的数值求解或实验实现。,中级,4,本地理论/实验课程大纲与14次课件目录; 本地朱晓临《数值分析》第2版目录; 本地李庆扬等《数值分析》第5版目录,本地理论/实验课程大纲与14次课件目录; 本地朱晓临《数值分析》第2版目录; 本地李庆扬等《数值分析》第5版目录,0.92
ALG031,分段线性插值算法,Algorithm,数值分析,插值与样条,分段线性插值算法是插值与样条中的典型算法，可用于对应问题的数值求解或实验实现。,中级,4,本地理论/实验课程大纲与14次课件目录; 本地朱晓临《数值分析》第2版目录; 本地李庆扬等《数值分析》第5版目录,本地理论/实验课程大纲与14次课件目录; 本地朱晓临《数值分析》第2版目录; 本地李庆扬等《数值分析》第5版目录,0.92
ALG032,三次样条插值算法,Algorithm,数值分析,插值与样条,三次样条插值算法是插值与样条中的典型算法，可用于对应问题的数值求解或实验实现。,中级,4,本地理论/实验课程大纲与14次课件目录; 本地朱晓临《数值分析》第2版目录; 本地李庆扬等《数值分析》第5版目录,本地理论/实验课程大纲与14次课件目录; 本地朱晓临《数值分析》第2版目录; 本地李庆扬等《数值分析》第5版目录,0.92
ALG033,B样条构造算法,Algorithm,数值分析,插值与样条,B样条构造算法是插值与样条中的典型算法，可用于对应问题的数值求解或实验实现。,中级,4,本地理论/实验课程大纲与14次课件目录; 本地朱晓临《数值分析》第2版目录; 本地李庆扬等《数值分析》第5版目录,本地理论/实验课程大纲与14次课件目录; 本地朱晓临《数值分析》第2版目录; 本地李庆扬等《数值分析》第5版目录,0.92
ALG034,正规方程最小二乘法,Algorithm,数值分析,拟合与函数逼近,正规方程最小二乘法是拟合与函数逼近中的典型算法，可用于对应问题的数值求解或实验实现。,中级,4,本地理论/实验课程大纲与14次课件目录; 本地李庆扬等《数值分析》第5版目录,本地理论/实验课程大纲与14次课件目录; 本地李庆扬等《数值分析》第5版目录,0.92
ALG035,QR最小二乘法,Algorithm,数值分析,拟合与函数逼近,QR最小二乘法是拟合与函数逼近中的典型算法，可用于对应问题的数值求解或实验实现。,中级,4,本地理论/实验课程大纲与14次课件目录; 本地李庆扬等《数值分析》第5版目录,本地理论/实验课程大纲与14次课件目录; 本地李庆扬等《数值分析》第5版目录,0.92
ALG036,SVD最小二乘法,Algorithm,数值分析,拟合与函数逼近,SVD最小二乘法是拟合与函数逼近中的典型算法，可用于对应问题的数值求解或实验实现。,中级,4,本地理论/实验课程大纲与14次课件目录; 本地李庆扬等《数值分析》第5版目录,本地理论/实验课程大纲与14次课件目录; 本地李庆扬等《数值分析》第5版目录,0.92
ALG037,修正Gram-Schmidt算法,Algorithm,数值分析,拟合与函数逼近,修正Gram-Schmidt算法是拟合与函数逼近中的典型算法，可用于对应问题的数值求解或实验实现。,中级,4,本地理论/实验课程大纲与14次课件目录; 本地李庆扬等《数值分析》第5版目录,本地理论/实验课程大纲与14次课件目录; 本地李庆扬等《数值分析》第5版目录,0.92
ALG038,Householder QR算法,Algorithm,数值分析,拟合与函数逼近,Householder QR算法是拟合与函数逼近中的典型算法，可用于对应问题的数值求解或实验实现。,中级,4,本地理论/实验课程大纲与14次课件目录; 本地李庆扬等《数值分析》第5版目录,本地理论/实验课程大纲与14次课件目录; 本地李庆扬等《数值分析》第5版目录,0.92
ALG039,Givens QR算法,Algorithm,数值分析,拟合与函数逼近,Givens QR算法是拟合与函数逼近中的典型算法，可用于对应问题的数值求解或实验实现。,中级,4,本地理论/实验课程大纲与14次课件目录; 本地李庆扬等《数值分析》第5版目录,本地理论/实验课程大纲与14次课件目录; 本地李庆扬等《数值分析》第5版目录,0.92
ALG040,FFT算法,Algorithm,数值分析,拟合与函数逼近,FFT算法是拟合与函数逼近中的典型算法，可用于对应问题的数值求解或实验实现。,中级,4,本地理论/实验课程大纲与14次课件目录; 本地李庆扬等《数值分析》第5版目录,本地理论/实验课程大纲与14次课件目录; 本地李庆扬等《数值分析》第5版目录,0.92
ALG041,前向差分算法,Algorithm,数值分析,数值微分,前向差分算法是数值微分中的典型算法，可用于对应问题的数值求解或实验实现。,中级,4,本地朱晓临《数值分析》第2版目录; 本地李庆扬等《数值分析》第5版目录,本地朱晓临《数值分析》第2版目录; 本地李庆扬等《数值分析》第5版目录,0.92
ALG042,后向差分算法,Algorithm,数值分析,数值微分,后向差分算法是数值微分中的典型算法，可用于对应问题的数值求解或实验实现。,中级,4,本地朱晓临《数值分析》第2版目录; 本地李庆扬等《数值分析》第5版目录,本地朱晓临《数值分析》第2版目录; 本地李庆扬等《数值分析》第5版目录,0.92
ALG043,中心差分算法,Algorithm,数值分析,数值微分,中心差分算法是数值微分中的典型算法，可用于对应问题的数值求解或实验实现。,中级,4,本地朱晓临《数值分析》第2版目录; 本地李庆扬等《数值分析》第5版目录,本地朱晓临《数值分析》第2版目录; 本地李庆扬等《数值分析》第5版目录,0.92
ALG044,Richardson外推微分法,Algorithm,数值分析,数值微分,Richardson外推微分法是数值微分中的典型算法，可用于对应问题的数值求解或实验实现。,中级,4,本地朱晓临《数值分析》第2版目录; 本地李庆扬等《数值分析》第5版目录,本地朱晓临《数值分析》第2版目录; 本地李庆扬等《数值分析》第5版目录,0.92
ALG045,梯形求积法,Algorithm,数值分析,数值积分,梯形求积法是数值积分中的典型算法，可用于对应问题的数值求解或实验实现。,中级,4,本地理论/实验课程大纲与14次课件目录; 本地朱晓临《数值分析》第2版目录; SciPy integrate官方文档,本地理论/实验课程大纲与14次课件目录; 本地朱晓临《数值分析》第2版目录; SciPy integrate官方文档,0.92
ALG046,Simpson求积法,Algorithm,数值分析,数值积分,Simpson求积法是数值积分中的典型算法，可用于对应问题的数值求解或实验实现。,中级,4,本地理论/实验课程大纲与14次课件目录; 本地朱晓临《数值分析》第2版目录; SciPy integrate官方文档,本地理论/实验课程大纲与14次课件目录; 本地朱晓临《数值分析》第2版目录; SciPy integrate官方文档,0.92
ALG047,Newton-Cotes求积法,Algorithm,数值分析,数值积分,Newton-Cotes求积法是数值积分中的典型算法，可用于对应问题的数值求解或实验实现。,中级,4,本地理论/实验课程大纲与14次课件目录; 本地朱晓临《数值分析》第2版目录; SciPy integrate官方文档,本地理论/实验课程大纲与14次课件目录; 本地朱晓临《数值分析》第2版目录; SciPy integrate官方文档,0.92
ALG048,复化求积法,Algorithm,数值分析,数值积分,复化求积法是数值积分中的典型算法，可用于对应问题的数值求解或实验实现。,中级,4,本地理论/实验课程大纲与14次课件目录; 本地朱晓临《数值分析》第2版目录; SciPy integrate官方文档,本地理论/实验课程大纲与14次课件目录; 本地朱晓临《数值分析》第2版目录; SciPy integrate官方文档,0.92
ALG049,Romberg积分法,Algorithm,数值分析,数值积分,Romberg积分法是数值积分中的典型算法，可用于对应问题的数值求解或实验实现。,中级,4,本地理论/实验课程大纲与14次课件目录; 本地朱晓临《数值分析》第2版目录; SciPy integrate官方文档,本地理论/实验课程大纲与14次课件目录; 本地朱晓临《数值分析》第2版目录; SciPy integrate官方文档,0.92
ALG050,Gauss-Legendre求积法,Algorithm,数值分析,数值积分,Gauss-Legendre求积法是数值积分中的典型算法，可用于对应问题的数值求解或实验实现。,中级,4,本地理论/实验课程大纲与14次课件目录; 本地朱晓临《数值分析》第2版目录; SciPy integrate官方文档,本地理论/实验课程大纲与14次课件目录; 本地朱晓临《数值分析》第2版目录; SciPy integrate官方文档,0.92
ALG051,自适应求积法,Algorithm,数值分析,数值积分,自适应求积法是数值积分中的典型算法，可用于对应问题的数值求解或实验实现。,中级,4,本地理论/实验课程大纲与14次课件目录; 本地朱晓临《数值分析》第2版目录; SciPy integrate官方文档,本地理论/实验课程大纲与14次课件目录; 本地朱晓临《数值分析》第2版目录; SciPy integrate官方文档,0.92
ALG052,Monte Carlo积分法,Algorithm,数值分析,数值积分,Monte Carlo积分法是数值积分中的典型算法，可用于对应问题的数值求解或实验实现。,中级,4,本地理论/实验课程大纲与14次课件目录; 本地朱晓临《数值分析》第2版目录; SciPy integrate官方文档,本地理论/实验课程大纲与14次课件目录; 本地朱晓临《数值分析》第2版目录; SciPy integrate官方文档,0.92
ALG053,显式Euler法,Algorithm,数值分析,ODE初值问题数值解法,显式Euler法是ODE初值问题数值解法中的典型算法，可用于对应问题的数值求解或实验实现。,中级,4,本地理论/实验课程大纲与14次课件目录; 本地朱晓临《数值分析》第2版目录; MathWorks MATLAB ODE官方文档,本地理论/实验课程大纲与14次课件目录; 本地朱晓临《数值分析》第2版目录; MathWorks MATLAB ODE官方文档,0.92
ALG054,隐式Euler法,Algorithm,数值分析,ODE初值问题数值解法,隐式Euler法是ODE初值问题数值解法中的典型算法，可用于对应问题的数值求解或实验实现。,中级,4,本地理论/实验课程大纲与14次课件目录; 本地朱晓临《数值分析》第2版目录; MathWorks MATLAB ODE官方文档,本地理论/实验课程大纲与14次课件目录; 本地朱晓临《数值分析》第2版目录; MathWorks MATLAB ODE官方文档,0.92
ALG055,改进Euler法,Algorithm,数值分析,ODE初值问题数值解法,改进Euler法是ODE初值问题数值解法中的典型算法，可用于对应问题的数值求解或实验实现。,中级,4,本地理论/实验课程大纲与14次课件目录; 本地朱晓临《数值分析》第2版目录; MathWorks MATLAB ODE官方文档,本地理论/实验课程大纲与14次课件目录; 本地朱晓临《数值分析》第2版目录; MathWorks MATLAB ODE官方文档,0.92
ALG056,RK2方法,Algorithm,数值分析,ODE初值问题数值解法,RK2方法是ODE初值问题数值解法中的典型算法，可用于对应问题的数值求解或实验实现。,中级,4,本地理论/实验课程大纲与14次课件目录; 本地朱晓临《数值分析》第2版目录; MathWorks MATLAB ODE官方文档,本地理论/实验课程大纲与14次课件目录; 本地朱晓临《数值分析》第2版目录; MathWorks MATLAB ODE官方文档,0.92
ALG057,RK4方法,Algorithm,数值分析,ODE初值问题数值解法,RK4方法是ODE初值问题数值解法中的典型算法，可用于对应问题的数值求解或实验实现。,中级,4,本地理论/实验课程大纲与14次课件目录; 本地朱晓临《数值分析》第2版目录; MathWorks MATLAB ODE官方文档,本地理论/实验课程大纲与14次课件目录; 本地朱晓临《数值分析》第2版目录; MathWorks MATLAB ODE官方文档,0.92
ALG058,自适应Runge-Kutta法,Algorithm,数值分析,ODE初值问题数值解法,自适应Runge-Kutta法是ODE初值问题数值解法中的典型算法，可用于对应问题的数值求解或实验实现。,中级,4,本地理论/实验课程大纲与14次课件目录; 本地朱晓临《数值分析》第2版目录; MathWorks MATLAB ODE官方文档,本地理论/实验课程大纲与14次课件目录; 本地朱晓临《数值分析》第2版目录; MathWorks MATLAB ODE官方文档,0.92
ALG059,Adams-Bashforth法,Algorithm,数值分析,ODE初值问题数值解法,Adams-Bashforth法是ODE初值问题数值解法中的典型算法，可用于对应问题的数值求解或实验实现。,中级,4,本地理论/实验课程大纲与14次课件目录; 本地朱晓临《数值分析》第2版目录; MathWorks MATLAB ODE官方文档,本地理论/实验课程大纲与14次课件目录; 本地朱晓临《数值分析》第2版目录; MathWorks MATLAB ODE官方文档,0.92
ALG060,Adams-Moulton法,Algorithm,数值分析,ODE初值问题数值解法,Adams-Moulton法是ODE初值问题数值解法中的典型算法，可用于对应问题的数值求解或实验实现。,中级,4,本地理论/实验课程大纲与14次课件目录; 本地朱晓临《数值分析》第2版目录; MathWorks MATLAB ODE官方文档,本地理论/实验课程大纲与14次课件目录; 本地朱晓临《数值分析》第2版目录; MathWorks MATLAB ODE官方文档,0.92
ALG061,BDF法,Algorithm,数值分析,ODE初值问题数值解法,BDF法是ODE初值问题数值解法中的典型算法，可用于对应问题的数值求解或实验实现。,中级,4,本地理论/实验课程大纲与14次课件目录; 本地朱晓临《数值分析》第2版目录; MathWorks MATLAB ODE官方文档,本地理论/实验课程大纲与14次课件目录; 本地朱晓临《数值分析》第2版目录; MathWorks MATLAB ODE官方文档,0.92
ALG062,预测校正法,Algorithm,数值分析,ODE初值问题数值解法,预测校正法是ODE初值问题数值解法中的典型算法，可用于对应问题的数值求解或实验实现。,中级,4,本地理论/实验课程大纲与14次课件目录; 本地朱晓临《数值分析》第2版目录; MathWorks MATLAB ODE官方文档,本地理论/实验课程大纲与14次课件目录; 本地朱晓临《数值分析》第2版目录; MathWorks MATLAB ODE官方文档,0.92
ALG063,打靶法,Algorithm,数值分析,ODE边值问题数值解法,打靶法是ODE边值问题数值解法中的典型算法，可用于对应问题的数值求解或实验实现。,中级,4,本地理论/实验课程大纲与14次课件目录; 本地朱晓临《数值分析》第2版目录,本地理论/实验课程大纲与14次课件目录; 本地朱晓临《数值分析》第2版目录,0.92
ALG064,多重打靶法,Algorithm,数值分析,ODE边值问题数值解法,多重打靶法是ODE边值问题数值解法中的典型算法，可用于对应问题的数值求解或实验实现。,中级,4,本地理论/实验课程大纲与14次课件目录; 本地朱晓临《数值分析》第2版目录,本地理论/实验课程大纲与14次课件目录; 本地朱晓临《数值分析》第2版目录,0.92
ALG065,边值问题差分法,Algorithm,数值分析,ODE边值问题数值解法,边值问题差分法是ODE边值问题数值解法中的典型算法，可用于对应问题的数值求解或实验实现。,中级,4,本地理论/实验课程大纲与14次课件目录; 本地朱晓临《数值分析》第2版目录,本地理论/实验课程大纲与14次课件目录; 本地朱晓临《数值分析》第2版目录,0.92
ALG066,一维有限元法（边值问题）,Algorithm,数值分析,ODE边值问题数值解法,一维有限元法（边值问题）是ODE边值问题数值解法中的典型算法，可用于对应问题的数值求解或实验实现。,中级,4,本地理论/实验课程大纲与14次课件目录; 本地朱晓临《数值分析》第2版目录,本地理论/实验课程大纲与14次课件目录; 本地朱晓临《数值分析》第2版目录,0.92
ALG067,幂法,Algorithm,数值分析,特征值与奇异值计算,幂法是特征值与奇异值计算中的典型算法，可用于对应问题的数值求解或实验实现。,中级,4,本地朱晓临《数值分析》第2版目录; 本地潘建瑜《数值分析讲义》目录,本地朱晓临《数值分析》第2版目录; 本地潘建瑜《数值分析讲义》目录,0.92
ALG068,反幂法,Algorithm,数值分析,特征值与奇异值计算,反幂法是特征值与奇异值计算中的典型算法，可用于对应问题的数值求解或实验实现。,中级,4,本地朱晓临《数值分析》第2版目录; 本地潘建瑜《数值分析讲义》目录,本地朱晓临《数值分析》第2版目录; 本地潘建瑜《数值分析讲义》目录,0.92
ALG069,Rayleigh商迭代法,Algorithm,数值分析,特征值与奇异值计算,Rayleigh商迭代法是特征值与奇异值计算中的典型算法，可用于对应问题的数值求解或实验实现。,中级,4,本地朱晓临《数值分析》第2版目录; 本地潘建瑜《数值分析讲义》目录,本地朱晓临《数值分析》第2版目录; 本地潘建瑜《数值分析讲义》目录,0.92
ALG070,QR特征值算法,Algorithm,数值分析,特征值与奇异值计算,QR特征值算法是特征值与奇异值计算中的典型算法，可用于对应问题的数值求解或实验实现。,中级,4,本地朱晓临《数值分析》第2版目录; 本地潘建瑜《数值分析讲义》目录,本地朱晓临《数值分析》第2版目录; 本地潘建瑜《数值分析讲义》目录,0.92
ALG071,Jacobi特征值算法,Algorithm,数值分析,特征值与奇异值计算,Jacobi特征值算法是特征值与奇异值计算中的典型算法，可用于对应问题的数值求解或实验实现。,中级,4,本地朱晓临《数值分析》第2版目录; 本地潘建瑜《数值分析讲义》目录,本地朱晓临《数值分析》第2版目录; 本地潘建瑜《数值分析讲义》目录,0.92
ALG072,Lanczos算法,Algorithm,数值分析,特征值与奇异值计算,Lanczos算法是特征值与奇异值计算中的典型算法，可用于对应问题的数值求解或实验实现。,中级,4,本地朱晓临《数值分析》第2版目录; 本地潘建瑜《数值分析讲义》目录,本地朱晓临《数值分析》第2版目录; 本地潘建瑜《数值分析讲义》目录,0.92
ALG073,Arnoldi算法,Algorithm,数值分析,特征值与奇异值计算,Arnoldi算法是特征值与奇异值计算中的典型算法，可用于对应问题的数值求解或实验实现。,中级,4,本地朱晓临《数值分析》第2版目录; 本地潘建瑜《数值分析讲义》目录,本地朱晓临《数值分析》第2版目录; 本地潘建瑜《数值分析讲义》目录,0.92
ALG074,有限差分法（PDE）,Algorithm,数值分析,PDE数值方法,有限差分法（PDE）是PDE数值方法中的典型算法，可用于对应问题的数值求解或实验实现。,高级,4,MIT OCW 18.336 Numerical Methods for PDEs syllabus,MIT OCW 18.336 Numerical Methods for PDEs syllabus,0.88
ALG075,有限体积法,Algorithm,数值分析,PDE数值方法,有限体积法是PDE数值方法中的典型算法，可用于对应问题的数值求解或实验实现。,高级,4,MIT OCW 18.336 Numerical Methods for PDEs syllabus,MIT OCW 18.336 Numerical Methods for PDEs syllabus,0.88
ALG076,有限元法（PDE）,Algorithm,数值分析,PDE数值方法,有限元法（PDE）是PDE数值方法中的典型算法，可用于对应问题的数值求解或实验实现。,高级,4,MIT OCW 18.336 Numerical Methods for PDEs syllabus,MIT OCW 18.336 Numerical Methods for PDEs syllabus,0.88
ALG077,谱方法,Algorithm,数值分析,PDE数值方法,谱方法是PDE数值方法中的典型算法，可用于对应问题的数值求解或实验实现。,高级,4,MIT OCW 18.336 Numerical Methods for PDEs syllabus,MIT OCW 18.336 Numerical Methods for PDEs syllabus,0.88
ALG078,Crank-Nicolson格式,Algorithm,数值分析,PDE数值方法,Crank-Nicolson格式是PDE数值方法中的典型算法，可用于对应问题的数值求解或实验实现。,高级,4,MIT OCW 18.336 Numerical Methods for PDEs syllabus,MIT OCW 18.336 Numerical Methods for PDEs syllabus,0.88
ALG079,迎风格式,Algorithm,数值分析,PDE数值方法,迎风格式是PDE数值方法中的典型算法，可用于对应问题的数值求解或实验实现。,高级,4,MIT OCW 18.336 Numerical Methods for PDEs syllabus,MIT OCW 18.336 Numerical Methods for PDEs syllabus,0.88
ALG080,多重网格法,Algorithm,数值分析,PDE数值方法,多重网格法是PDE数值方法中的典型算法，可用于对应问题的数值求解或实验实现。,高级,4,MIT OCW 18.336 Numerical Methods for PDEs syllabus,MIT OCW 18.336 Numerical Methods for PDEs syllabus,0.88
ALG081,梯度下降法,Algorithm,数值分析,数值优化,梯度下降法是数值优化中的典型算法，可用于对应问题的数值求解或实验实现。,高级,4,MIT OCW 18.335 Introduction to Numerical Methods syllabus; SciPy optimize官方文档,MIT OCW 18.335 Introduction to Numerical Methods syllabus; SciPy optimize官方文档,0.88
ALG082,Newton法（优化）,Algorithm,数值分析,数值优化,Newton法（优化）是数值优化中的典型算法，可用于对应问题的数值求解或实验实现。,高级,4,MIT OCW 18.335 Introduction to Numerical Methods syllabus; SciPy optimize官方文档,MIT OCW 18.335 Introduction to Numerical Methods syllabus; SciPy optimize官方文档,0.88
ALG083,阻尼Newton法（优化）,Algorithm,数值分析,数值优化,阻尼Newton法（优化）是数值优化中的典型算法，可用于对应问题的数值求解或实验实现。,高级,4,MIT OCW 18.335 Introduction to Numerical Methods syllabus; SciPy optimize官方文档,MIT OCW 18.335 Introduction to Numerical Methods syllabus; SciPy optimize官方文档,0.88
ALG084,BFGS算法,Algorithm,数值分析,数值优化,BFGS算法是数值优化中的典型算法，可用于对应问题的数值求解或实验实现。,高级,4,MIT OCW 18.335 Introduction to Numerical Methods syllabus; SciPy optimize官方文档,MIT OCW 18.335 Introduction to Numerical Methods syllabus; SciPy optimize官方文档,0.88
ALG085,L-BFGS算法,Algorithm,数值分析,数值优化,L-BFGS算法是数值优化中的典型算法，可用于对应问题的数值求解或实验实现。,高级,4,MIT OCW 18.335 Introduction to Numerical Methods syllabus; SciPy optimize官方文档,MIT OCW 18.335 Introduction to Numerical Methods syllabus; SciPy optimize官方文档,0.88
ALG086,非线性共轭梯度法,Algorithm,数值分析,数值优化,非线性共轭梯度法是数值优化中的典型算法，可用于对应问题的数值求解或实验实现。,高级,4,MIT OCW 18.335 Introduction to Numerical Methods syllabus; SciPy optimize官方文档,MIT OCW 18.335 Introduction to Numerical Methods syllabus; SciPy optimize官方文档,0.88
ALG087,Gauss-Newton法,Algorithm,数值分析,数值优化,Gauss-Newton法是数值优化中的典型算法，可用于对应问题的数值求解或实验实现。,高级,4,MIT OCW 18.335 Introduction to Numerical Methods syllabus; SciPy optimize官方文档,MIT OCW 18.335 Introduction to Numerical Methods syllabus; SciPy optimize官方文档,0.88
ALG088,Levenberg-Marquardt法,Algorithm,数值分析,数值优化,Levenberg-Marquardt法是数值优化中的典型算法，可用于对应问题的数值求解或实验实现。,高级,4,MIT OCW 18.335 Introduction to Numerical Methods syllabus; SciPy optimize官方文档,MIT OCW 18.335 Introduction to Numerical Methods syllabus; SciPy optimize官方文档,0.88
ALG089,线搜索算法,Algorithm,数值分析,数值优化,线搜索算法是数值优化中的典型算法，可用于对应问题的数值求解或实验实现。,高级,4,MIT OCW 18.335 Introduction to Numerical Methods syllabus; SciPy optimize官方文档,MIT OCW 18.335 Introduction to Numerical Methods syllabus; SciPy optimize官方文档,0.88
ALG090,信赖域算法,Algorithm,数值分析,数值优化,信赖域算法是数值优化中的典型算法，可用于对应问题的数值求解或实验实现。,高级,4,MIT OCW 18.335 Introduction to Numerical Methods syllabus; SciPy optimize官方文档,MIT OCW 18.335 Introduction to Numerical Methods syllabus; SciPy optimize官方文档,0.88
F001,绝对误差公式,Formula,数值分析,误差分析与稳定性,绝对误差等于近似值与真值之差的绝对值。,中级,4,本地朱晓临《数值分析》第2版目录; 本地李庆扬等《数值分析》第5版目录,本地朱晓临《数值分析》第2版目录; 本地李庆扬等《数值分析》第5版目录,0.93
F002,相对误差公式,Formula,数值分析,误差分析与稳定性,相对误差用绝对误差相对于真值或近似值的比例表示。,中级,4,本地朱晓临《数值分析》第2版目录; 本地李庆扬等《数值分析》第5版目录,本地朱晓临《数值分析》第2版目录; 本地李庆扬等《数值分析》第5版目录,0.93
F003,机器精度定义式,Formula,数值分析,误差分析与稳定性,机器精度描述浮点系统可分辨的相对间隔。,中级,4,本地朱晓临《数值分析》第2版目录; 本地李庆扬等《数值分析》第5版目录,本地朱晓临《数值分析》第2版目录; 本地李庆扬等《数值分析》第5版目录,0.93
F004,误差传播一阶公式,Formula,数值分析,误差分析与稳定性,用一阶线性化估计输入扰动对输出的影响。,中级,4,本地朱晓临《数值分析》第2版目录; 本地李庆扬等《数值分析》第5版目录,本地朱晓临《数值分析》第2版目录; 本地李庆扬等《数值分析》第5版目录,0.93
F005,条件数定义式,Formula,数值分析,误差分析与稳定性,条件数刻画问题输入扰动对输出扰动的放大倍数。,中级,4,本地朱晓临《数值分析》第2版目录; 本地李庆扬等《数值分析》第5版目录,本地朱晓临《数值分析》第2版目录; 本地李庆扬等《数值分析》第5版目录,0.93
F006,Taylor公式,Formula,数值分析,高等数学基础,函数在局部由多项式和余项近似表示。,中级,4,本地理论/实验课程大纲与14次课件目录,本地理论/实验课程大纲与14次课件目录,0.93
F007,Taylor余项估计式,Formula,数值分析,高等数学基础,Taylor余项用于控制截断误差。,中级,4,本地理论/实验课程大纲与14次课件目录,本地理论/实验课程大纲与14次课件目录,0.93
F008,Newton求根迭代公式,Formula,数值分析,非线性方程求根,x_{k+1}=x_k-f(x_k)/f'(x_k)。,中级,4,本地理论/实验课程大纲与14次课件目录; 本地朱晓临《数值分析》第2版目录,本地理论/实验课程大纲与14次课件目录; 本地朱晓临《数值分析》第2版目录,0.93
F009,弦截法迭代公式,Formula,数值分析,非线性方程求根,用割线斜率替代导数形成两点迭代。,中级,4,本地理论/实验课程大纲与14次课件目录; 本地朱晓临《数值分析》第2版目录,本地理论/实验课程大纲与14次课件目录; 本地朱晓临《数值分析》第2版目录,0.93
F010,不动点迭代公式,Formula,数值分析,非线性方程求根,x_{k+1}=g(x_k)。,中级,4,本地理论/实验课程大纲与14次课件目录; 本地朱晓临《数值分析》第2版目录,本地理论/实验课程大纲与14次课件目录; 本地朱晓临《数值分析》第2版目录,0.93
F011,二分区间长度公式,Formula,数值分析,非线性方程求根,二分法迭代后区间长度按2的幂缩小。,中级,4,本地理论/实验课程大纲与14次课件目录; 本地朱晓临《数值分析》第2版目录,本地理论/实验课程大纲与14次课件目录; 本地朱晓临《数值分析》第2版目录,0.93
F012,Lagrange插值公式,Formula,数值分析,插值与样条,插值多项式由Lagrange基函数线性组合构成。,中级,4,本地理论/实验课程大纲与14次课件目录; 本地朱晓临《数值分析》第2版目录; 本地李庆扬等《数值分析》第5版目录,本地理论/实验课程大纲与14次课件目录; 本地朱晓临《数值分析》第2版目录; 本地李庆扬等《数值分析》第5版目录,0.93
F013,Lagrange基函数公式,Formula,数值分析,插值与样条,每个基函数在对应节点取1、其他节点取0。,中级,4,本地理论/实验课程大纲与14次课件目录; 本地朱晓临《数值分析》第2版目录; 本地李庆扬等《数值分析》第5版目录,本地理论/实验课程大纲与14次课件目录; 本地朱晓临《数值分析》第2版目录; 本地李庆扬等《数值分析》第5版目录,0.93
F014,Newton均差递推式,Formula,数值分析,插值与样条,高阶均差由低阶均差差商递推得到。,中级,4,本地理论/实验课程大纲与14次课件目录; 本地朱晓临《数值分析》第2版目录; 本地李庆扬等《数值分析》第5版目录,本地理论/实验课程大纲与14次课件目录; 本地朱晓临《数值分析》第2版目录; 本地李庆扬等《数值分析》第5版目录,0.93
F015,Newton插值多项式,Formula,数值分析,插值与样条,插值多项式以均差和节点乘积形式表示。,中级,4,本地理论/实验课程大纲与14次课件目录; 本地朱晓临《数值分析》第2版目录; 本地李庆扬等《数值分析》第5版目录,本地理论/实验课程大纲与14次课件目录; 本地朱晓临《数值分析》第2版目录; 本地李庆扬等《数值分析》第5版目录,0.93
F016,Hermite插值条件,Formula,数值分析,插值与样条,Hermite插值同时匹配函数值和导数值。,中级,4,本地理论/实验课程大纲与14次课件目录; 本地朱晓临《数值分析》第2版目录; 本地李庆扬等《数值分析》第5版目录,本地理论/实验课程大纲与14次课件目录; 本地朱晓临《数值分析》第2版目录; 本地李庆扬等《数值分析》第5版目录,0.93
F017,三次样条连续条件,Formula,数值分析,插值与样条,三次样条在节点处满足函数值和导数连续条件。,中级,4,本地理论/实验课程大纲与14次课件目录; 本地朱晓临《数值分析》第2版目录; 本地李庆扬等《数值分析》第5版目录,本地理论/实验课程大纲与14次课件目录; 本地朱晓临《数值分析》第2版目录; 本地李庆扬等《数值分析》第5版目录,0.93
F018,三次样条三对角方程,Formula,数值分析,插值与样条,样条二阶导数或矩可由三对角方程组求得。,中级,4,本地理论/实验课程大纲与14次课件目录; 本地朱晓临《数值分析》第2版目录; 本地李庆扬等《数值分析》第5版目录,本地理论/实验课程大纲与14次课件目录; 本地朱晓临《数值分析》第2版目录; 本地李庆扬等《数值分析》第5版目录,0.93
F019,最小二乘正规方程,Formula,数值分析,拟合与函数逼近,A^T A x=A^T b描述线性最小二乘的法方程。,中级,4,本地理论/实验课程大纲与14次课件目录; 本地李庆扬等《数值分析》第5版目录,本地理论/实验课程大纲与14次课件目录; 本地李庆扬等《数值分析》第5版目录,0.93
F020,正交投影条件,Formula,数值分析,拟合与函数逼近,最优残差与逼近空间正交。,中级,4,本地理论/实验课程大纲与14次课件目录; 本地李庆扬等《数值分析》第5版目录,本地理论/实验课程大纲与14次课件目录; 本地李庆扬等《数值分析》第5版目录,0.93
F021,最佳平方逼近系数公式,Formula,数值分析,拟合与函数逼近,正交基下系数由内积比值给出。,中级,4,本地理论/实验课程大纲与14次课件目录; 本地李庆扬等《数值分析》第5版目录,本地理论/实验课程大纲与14次课件目录; 本地李庆扬等《数值分析》第5版目录,0.93
F022,DFT定义式,Formula,数值分析,拟合与函数逼近,离散傅里叶变换把序列映射到频域系数。,中级,4,本地理论/实验课程大纲与14次课件目录; 本地李庆扬等《数值分析》第5版目录,本地理论/实验课程大纲与14次课件目录; 本地李庆扬等《数值分析》第5版目录,0.93
F023,前向差分公式,Formula,数值分析,数值微分,用f(x+h)-f(x)近似一阶导数。,中级,4,本地朱晓临《数值分析》第2版目录; 本地李庆扬等《数值分析》第5版目录,本地朱晓临《数值分析》第2版目录; 本地李庆扬等《数值分析》第5版目录,0.93
F024,后向差分公式,Formula,数值分析,数值微分,用f(x)-f(x-h)近似一阶导数。,中级,4,本地朱晓临《数值分析》第2版目录; 本地李庆扬等《数值分析》第5版目录,本地朱晓临《数值分析》第2版目录; 本地李庆扬等《数值分析》第5版目录,0.93
F025,中心差分公式,Formula,数值分析,数值微分,用对称差商近似一阶导数。,中级,4,本地朱晓临《数值分析》第2版目录; 本地李庆扬等《数值分析》第5版目录,本地朱晓临《数值分析》第2版目录; 本地李庆扬等《数值分析》第5版目录,0.93
F026,二阶中心差分公式,Formula,数值分析,数值微分,用三点模板近似二阶导数。,中级,4,本地朱晓临《数值分析》第2版目录; 本地李庆扬等《数值分析》第5版目录,本地朱晓临《数值分析》第2版目录; 本地李庆扬等《数值分析》第5版目录,0.93
F027,梯形求积公式,Formula,数值分析,数值积分,用端点函数值构造一次插值求积。,中级,4,本地理论/实验课程大纲与14次课件目录; 本地朱晓临《数值分析》第2版目录; SciPy integrate官方文档,本地理论/实验课程大纲与14次课件目录; 本地朱晓临《数值分析》第2版目录; SciPy integrate官方文档,0.93
F028,Simpson求积公式,Formula,数值分析,数值积分,用三点二次插值构造求积公式。,中级,4,本地理论/实验课程大纲与14次课件目录; 本地朱晓临《数值分析》第2版目录; SciPy integrate官方文档,本地理论/实验课程大纲与14次课件目录; 本地朱晓临《数值分析》第2版目录; SciPy integrate官方文档,0.93
F029,Newton-Cotes一般公式,Formula,数值分析,数值积分,等距节点插值型求积的一般表达。,中级,4,本地理论/实验课程大纲与14次课件目录; 本地朱晓临《数值分析》第2版目录; SciPy integrate官方文档,本地理论/实验课程大纲与14次课件目录; 本地朱晓临《数值分析》第2版目录; SciPy integrate官方文档,0.93
F030,复化梯形公式,Formula,数值分析,数值积分,把积分区间分割后应用梯形公式求和。,中级,4,本地理论/实验课程大纲与14次课件目录; 本地朱晓临《数值分析》第2版目录; SciPy integrate官方文档,本地理论/实验课程大纲与14次课件目录; 本地朱晓临《数值分析》第2版目录; SciPy integrate官方文档,0.93
F031,复化Simpson公式,Formula,数值分析,数值积分,在偶数子区间上复合应用Simpson公式。,中级,4,本地理论/实验课程大纲与14次课件目录; 本地朱晓临《数值分析》第2版目录; SciPy integrate官方文档,本地理论/实验课程大纲与14次课件目录; 本地朱晓临《数值分析》第2版目录; SciPy integrate官方文档,0.93
F032,Romberg递推公式,Formula,数值分析,数值积分,用Richardson外推提高复化梯形结果阶数。,中级,4,本地理论/实验课程大纲与14次课件目录; 本地朱晓临《数值分析》第2版目录; SciPy integrate官方文档,本地理论/实验课程大纲与14次课件目录; 本地朱晓临《数值分析》第2版目录; SciPy integrate官方文档,0.93
F033,Gauss求积公式,Formula,数值分析,数值积分,以正交多项式零点为节点构造高代数精度求积。,中级,4,本地理论/实验课程大纲与14次课件目录; 本地朱晓临《数值分析》第2版目录; SciPy integrate官方文档,本地理论/实验课程大纲与14次课件目录; 本地朱晓临《数值分析》第2版目录; SciPy integrate官方文档,0.93
F034,显式Euler公式,Formula,数值分析,ODE初值问题数值解法,"y_{n+1}=y_n+h f(t_n,y_n)。",中级,4,本地理论/实验课程大纲与14次课件目录; 本地朱晓临《数值分析》第2版目录; MathWorks MATLAB ODE官方文档,本地理论/实验课程大纲与14次课件目录; 本地朱晓临《数值分析》第2版目录; MathWorks MATLAB ODE官方文档,0.93
F035,隐式Euler公式,Formula,数值分析,ODE初值问题数值解法,"y_{n+1}=y_n+h f(t_{n+1},y_{n+1})。",中级,4,本地理论/实验课程大纲与14次课件目录; 本地朱晓临《数值分析》第2版目录; MathWorks MATLAB ODE官方文档,本地理论/实验课程大纲与14次课件目录; 本地朱晓临《数值分析》第2版目录; MathWorks MATLAB ODE官方文档,0.93
F036,改进Euler公式,Formula,数值分析,ODE初值问题数值解法,用预测斜率和校正斜率平均推进。,中级,4,本地理论/实验课程大纲与14次课件目录; 本地朱晓临《数值分析》第2版目录; MathWorks MATLAB ODE官方文档,本地理论/实验课程大纲与14次课件目录; 本地朱晓临《数值分析》第2版目录; MathWorks MATLAB ODE官方文档,0.93
F037,RK4公式,Formula,数值分析,ODE初值问题数值解法,四阶段Runge-Kutta加权平均推进公式。,中级,4,本地理论/实验课程大纲与14次课件目录; 本地朱晓临《数值分析》第2版目录; MathWorks MATLAB ODE官方文档,本地理论/实验课程大纲与14次课件目录; 本地朱晓临《数值分析》第2版目录; MathWorks MATLAB ODE官方文档,0.93
F038,Adams-Bashforth二步公式,Formula,数值分析,ODE初值问题数值解法,显式二步线性多步公式。,中级,4,本地理论/实验课程大纲与14次课件目录; 本地朱晓临《数值分析》第2版目录; MathWorks MATLAB ODE官方文档,本地理论/实验课程大纲与14次课件目录; 本地朱晓临《数值分析》第2版目录; MathWorks MATLAB ODE官方文档,0.93
F039,BDF二步公式,Formula,数值分析,ODE初值问题数值解法,隐式后向差分二步公式。,中级,4,本地理论/实验课程大纲与14次课件目录; 本地朱晓临《数值分析》第2版目录; MathWorks MATLAB ODE官方文档,本地理论/实验课程大纲与14次课件目录; 本地朱晓临《数值分析》第2版目录; MathWorks MATLAB ODE官方文档,0.93
F040,差分边值离散公式,Formula,数值分析,ODE边值问题数值解法,用中心差分近似二阶导数并形成代数方程组。,中级,4,本地理论/实验课程大纲与14次课件目录; 本地朱晓临《数值分析》第2版目录,本地理论/实验课程大纲与14次课件目录; 本地朱晓临《数值分析》第2版目录,0.93
F041,有限元刚度矩阵公式,Formula,数值分析,ODE边值问题数值解法,刚度矩阵由基函数导数内积装配。,中级,4,本地理论/实验课程大纲与14次课件目录; 本地朱晓临《数值分析》第2版目录,本地理论/实验课程大纲与14次课件目录; 本地朱晓临《数值分析》第2版目录,0.93
F042,幂法迭代公式,Formula,数值分析,特征值与奇异值计算,反复矩阵乘法并归一化以逼近主特征向量。,中级,4,本地朱晓临《数值分析》第2版目录; 本地潘建瑜《数值分析讲义》目录,本地朱晓临《数值分析》第2版目录; 本地潘建瑜《数值分析讲义》目录,0.93
F043,Rayleigh商公式,Formula,数值分析,特征值与奇异值计算,x^T A x / x^T x给出特征值近似。,中级,4,本地朱晓临《数值分析》第2版目录; 本地潘建瑜《数值分析讲义》目录,本地朱晓临《数值分析》第2版目录; 本地潘建瑜《数值分析讲义》目录,0.93
F044,QR迭代公式,Formula,数值分析,特征值与奇异值计算,"A_k=Q_k R_k, A_{k+1}=R_k Q_k。",中级,4,本地朱晓临《数值分析》第2版目录; 本地潘建瑜《数值分析讲义》目录,本地朱晓临《数值分析》第2版目录; 本地潘建瑜《数值分析讲义》目录,0.93
F045,SVD分解式,Formula,数值分析,特征值与奇异值计算,A=U Sigma V^T。,中级,4,本地朱晓临《数值分析》第2版目录; 本地潘建瑜《数值分析讲义》目录,本地朱晓临《数值分析》第2版目录; 本地潘建瑜《数值分析讲义》目录,0.93
F046,有限差分热方程格式,Formula,数值分析,PDE数值方法,显式热方程差分格式体现时间和空间离散。,高级,4,MIT OCW 18.336 Numerical Methods for PDEs syllabus,MIT OCW 18.336 Numerical Methods for PDEs syllabus,0.88
F047,Poisson五点差分格式,Formula,数值分析,PDE数值方法,二维Poisson方程的标准五点模板。,高级,4,MIT OCW 18.336 Numerical Methods for PDEs syllabus,MIT OCW 18.336 Numerical Methods for PDEs syllabus,0.88
F048,CFL数条件,Formula,数值分析,PDE数值方法,时间步长与空间步长需满足稳定性限制。,高级,4,MIT OCW 18.336 Numerical Methods for PDEs syllabus,MIT OCW 18.336 Numerical Methods for PDEs syllabus,0.88
F049,有限体积通量平衡式,Formula,数值分析,PDE数值方法,控制体上的通量守恒离散表达。,高级,4,MIT OCW 18.336 Numerical Methods for PDEs syllabus,MIT OCW 18.336 Numerical Methods for PDEs syllabus,0.88
F050,弱形式积分式,Formula,数值分析,PDE数值方法,PDE乘测试函数并积分得到弱形式。,高级,4,MIT OCW 18.336 Numerical Methods for PDEs syllabus,MIT OCW 18.336 Numerical Methods for PDEs syllabus,0.88
F051,梯度下降更新式,Formula,数值分析,数值优化,x_{k+1}=x_k-alpha grad f(x_k)。,高级,4,MIT OCW 18.335 Introduction to Numerical Methods syllabus; SciPy optimize官方文档,MIT OCW 18.335 Introduction to Numerical Methods syllabus; SciPy optimize官方文档,0.88
F052,Newton优化步公式,Formula,数值分析,数值优化,Hessian方程给出Newton方向。,高级,4,MIT OCW 18.335 Introduction to Numerical Methods syllabus; SciPy optimize官方文档,MIT OCW 18.335 Introduction to Numerical Methods syllabus; SciPy optimize官方文档,0.88
F053,BFGS更新公式,Formula,数值分析,数值优化,拟牛顿矩阵满足割线条件并保持正定。,高级,4,MIT OCW 18.335 Introduction to Numerical Methods syllabus; SciPy optimize官方文档,MIT OCW 18.335 Introduction to Numerical Methods syllabus; SciPy optimize官方文档,0.88
F054,KKT条件公式组,Formula,数值分析,数值优化,约束优化的一阶必要条件组。,高级,4,MIT OCW 18.335 Introduction to Numerical Methods syllabus; SciPy optimize官方文档,MIT OCW 18.335 Introduction to Numerical Methods syllabus; SciPy optimize官方文档,0.88
F055,Gauss-Newton正规方程,Formula,数值分析,数值优化,J^T J p=-J^T r给出非线性最小二乘步。,高级,4,MIT OCW 18.335 Introduction to Numerical Methods syllabus; SciPy optimize官方文档,MIT OCW 18.335 Introduction to Numerical Methods syllabus; SciPy optimize官方文档,0.88
THM001,压缩映射定理,Theorem,数值分析,非线性方程求根,压缩映射在完备空间中存在唯一不动点并可迭代逼近。,中级,4,本地理论/实验课程大纲与14次课件目录; 本地朱晓临《数值分析》第2版目录,本地理论/实验课程大纲与14次课件目录; 本地朱晓临《数值分析》第2版目录,0.93
THM002,介值定理,Theorem,数值分析,非线性方程求根,连续函数符号变化保证区间内存在实根。,中级,4,本地理论/实验课程大纲与14次课件目录; 本地朱晓临《数值分析》第2版目录,本地理论/实验课程大纲与14次课件目录; 本地朱晓临《数值分析》第2版目录,0.93
THM003,Newton局部二次收敛定理,Theorem,数值分析,非线性方程求根,适当光滑和非奇异条件下Newton法局部二次收敛。,中级,4,本地理论/实验课程大纲与14次课件目录; 本地朱晓临《数值分析》第2版目录,本地理论/实验课程大纲与14次课件目录; 本地朱晓临《数值分析》第2版目录,0.93
THM004,LU分解存在定理,Theorem,数值分析,线性方程组数值解法,满足主子式非零等条件时矩阵存在LU分解。,中级,4,本地理论/实验课程大纲与14次课件目录; 本地朱晓临《数值分析》第2版目录; Netlib Templates for the Solution of Linear Systems,本地理论/实验课程大纲与14次课件目录; 本地朱晓临《数值分析》第2版目录; Netlib Templates for the Solution of Linear Systems,0.93
THM005,Cholesky分解定理,Theorem,数值分析,线性方程组数值解法,对称正定矩阵存在唯一正对角Cholesky分解。,中级,4,本地理论/实验课程大纲与14次课件目录; 本地朱晓临《数值分析》第2版目录; Netlib Templates for the Solution of Linear Systems,本地理论/实验课程大纲与14次课件目录; 本地朱晓临《数值分析》第2版目录; Netlib Templates for the Solution of Linear Systems,0.93
THM006,迭代法谱半径收敛定理,Theorem,数值分析,线性方程组数值解法,定常线性迭代收敛当且仅当迭代矩阵谱半径小于1。,中级,4,本地理论/实验课程大纲与14次课件目录; 本地朱晓临《数值分析》第2版目录; Netlib Templates for the Solution of Linear Systems,本地理论/实验课程大纲与14次课件目录; 本地朱晓临《数值分析》第2版目录; Netlib Templates for the Solution of Linear Systems,0.93
THM007,Gershgorin圆盘定理,Theorem,数值分析,特征值与奇异值计算,特征值位于Gershgorin圆盘并集内。,中级,4,本地朱晓临《数值分析》第2版目录; 本地潘建瑜《数值分析讲义》目录,本地朱晓临《数值分析》第2版目录; 本地潘建瑜《数值分析讲义》目录,0.93
THM008,向量范数等价定理,Theorem,数值分析,线性代数基础,有限维空间任意两个范数等价。,中级,4,本地理论/实验课程大纲与14次课件目录,本地理论/实验课程大纲与14次课件目录,0.93
THM009,插值多项式唯一性定理,Theorem,数值分析,插值与样条,n+1个互异节点确定唯一n次插值多项式。,中级,4,本地理论/实验课程大纲与14次课件目录; 本地朱晓临《数值分析》第2版目录; 本地李庆扬等《数值分析》第5版目录,本地理论/实验课程大纲与14次课件目录; 本地朱晓临《数值分析》第2版目录; 本地李庆扬等《数值分析》第5版目录,0.93
THM010,插值误差定理,Theorem,数值分析,插值与样条,插值误差由高阶导数和节点多项式控制。,中级,4,本地理论/实验课程大纲与14次课件目录; 本地朱晓临《数值分析》第2版目录; 本地李庆扬等《数值分析》第5版目录,本地理论/实验课程大纲与14次课件目录; 本地朱晓临《数值分析》第2版目录; 本地李庆扬等《数值分析》第5版目录,0.93
THM011,Weierstrass逼近定理,Theorem,数值分析,拟合与函数逼近,连续函数可由多项式在闭区间上一致逼近。,中级,4,本地理论/实验课程大纲与14次课件目录; 本地李庆扬等《数值分析》第5版目录,本地理论/实验课程大纲与14次课件目录; 本地李庆扬等《数值分析》第5版目录,0.93
THM012,最小二乘投影定理,Theorem,数值分析,拟合与函数逼近,Hilbert空间中最佳平方逼近满足正交投影条件。,中级,4,本地理论/实验课程大纲与14次课件目录; 本地李庆扬等《数值分析》第5版目录,本地理论/实验课程大纲与14次课件目录; 本地李庆扬等《数值分析》第5版目录,0.93
THM013,Gauss求积精度定理,Theorem,数值分析,数值积分,n点Gauss求积对最高2n-1次多项式精确。,中级,4,本地理论/实验课程大纲与14次课件目录; 本地朱晓临《数值分析》第2版目录; SciPy integrate官方文档,本地理论/实验课程大纲与14次课件目录; 本地朱晓临《数值分析》第2版目录; SciPy integrate官方文档,0.93
THM014,Richardson外推阶提升原理,Theorem,数值分析,数值微分,已知误差展开时可组合不同步长消去低阶误差项。,中级,4,本地朱晓临《数值分析》第2版目录; 本地李庆扬等《数值分析》第5版目录,本地朱晓临《数值分析》第2版目录; 本地李庆扬等《数值分析》第5版目录,0.93
THM015,Dahlquist等价定理,Theorem,数值分析,ODE初值问题数值解法,线性多步法在适定条件下相容性与零稳定性推出收敛。,中级,4,本地理论/实验课程大纲与14次课件目录; 本地朱晓临《数值分析》第2版目录; MathWorks MATLAB ODE官方文档,本地理论/实验课程大纲与14次课件目录; 本地朱晓临《数值分析》第2版目录; MathWorks MATLAB ODE官方文档,0.93
THM016,Lax等价定理,Theorem,数值分析,PDE数值方法,线性适定初值问题中一致性与稳定性等价于收敛性。,高级,4,MIT OCW 18.336 Numerical Methods for PDEs syllabus,MIT OCW 18.336 Numerical Methods for PDEs syllabus,0.88
THM017,Cea引理,Theorem,数值分析,PDE数值方法,有限元近似误差由最佳逼近误差控制。,高级,4,MIT OCW 18.336 Numerical Methods for PDEs syllabus,MIT OCW 18.336 Numerical Methods for PDEs syllabus,0.88
THM018,谱定理,Theorem,数值分析,特征值与奇异值计算,实对称矩阵可正交对角化。,中级,4,本地朱晓临《数值分析》第2版目录; 本地潘建瑜《数值分析讲义》目录,本地朱晓临《数值分析》第2版目录; 本地潘建瑜《数值分析讲义》目录,0.93
THM019,SVD存在定理,Theorem,数值分析,特征值与奇异值计算,任意矩阵存在奇异值分解。,中级,4,本地朱晓临《数值分析》第2版目录; 本地潘建瑜《数值分析讲义》目录,本地朱晓临《数值分析》第2版目录; 本地潘建瑜《数值分析讲义》目录,0.93
THM020,一阶最优性定理,Theorem,数值分析,数值优化,无约束可微优化的局部极小点满足梯度为零。,高级,4,MIT OCW 18.335 Introduction to Numerical Methods syllabus; SciPy optimize官方文档,MIT OCW 18.335 Introduction to Numerical Methods syllabus; SciPy optimize官方文档,0.88
THM021,二阶充分条件,Theorem,数值分析,数值优化,Hessian正定可保证严格局部极小。,高级,4,MIT OCW 18.335 Introduction to Numerical Methods syllabus; SciPy optimize官方文档,MIT OCW 18.335 Introduction to Numerical Methods syllabus; SciPy optimize官方文档,0.88
THM022,KKT必要条件定理,Theorem,数值分析,数值优化,约束优化在约束资格条件下满足KKT必要条件。,高级,4,MIT OCW 18.335 Introduction to Numerical Methods syllabus; SciPy optimize官方文档,MIT OCW 18.335 Introduction to Numerical Methods syllabus; SciPy optimize官方文档,0.88
THM023,凸优化全局最优定理,Theorem,数值分析,数值优化,凸问题中任一局部最优也是全局最优。,高级,4,MIT OCW 18.335 Introduction to Numerical Methods syllabus; SciPy optimize官方文档,MIT OCW 18.335 Introduction to Numerical Methods syllabus; SciPy optimize官方文档,0.88
THM024,共轭梯度有限步收敛定理,Theorem,数值分析,线性方程组数值解法,精确算术下CG至多n步求解n维SPD线性系统。,中级,4,本地理论/实验课程大纲与14次课件目录; 本地朱晓临《数值分析》第2版目录; Netlib Templates for the Solution of Linear Systems,本地理论/实验课程大纲与14次课件目录; 本地朱晓临《数值分析》第2版目录; Netlib Templates for the Solution of Linear Systems,0.93
ERR001,ET舍入误差放大,ErrorType,数值分析,学习诊断与测评,舍入误差被病态问题或不稳定算法放大。,诊断,5,专家补全：按数值分析通用知识体系整理，建议人工审核,原创错因分类，依据数值分析常见作业、实验和考试错误整理。,0.74
ERR002,ET截断阶数误判,ErrorType,数值分析,学习诊断与测评,将局部截断误差阶数或全局阶数判断错误。,诊断,5,专家补全：按数值分析通用知识体系整理，建议人工审核,原创错因分类，依据数值分析常见作业、实验和考试错误整理。,0.74
ERR003,ET绝对相对误差混淆,ErrorType,数值分析,学习诊断与测评,不能区分绝对误差、相对误差和误差限。,诊断,5,专家补全：按数值分析通用知识体系整理，建议人工审核,原创错因分类，依据数值分析常见作业、实验和考试错误整理。,0.74
ERR004,ET有效数字判断错误,ErrorType,数值分析,学习诊断与测评,有效数字与相对误差关系使用不当。,诊断,5,专家补全：按数值分析通用知识体系整理，建议人工审核,原创错因分类，依据数值分析常见作业、实验和考试错误整理。,0.74
ERR005,ET灾难性消去忽视,ErrorType,数值分析,学习诊断与测评,相近数相减造成显著有效数字损失。,诊断,5,专家补全：按数值分析通用知识体系整理，建议人工审核,原创错因分类，依据数值分析常见作业、实验和考试错误整理。,0.74
ERR006,ET停止准则过松,ErrorType,数值分析,学习诊断与测评,残差或步长停止准则不能保证目标精度。,诊断,5,专家补全：按数值分析通用知识体系整理，建议人工审核,原创错因分类，依据数值分析常见作业、实验和考试错误整理。,0.74
ERR007,ET二分初始区间错误,ErrorType,数值分析,学习诊断与测评,未检查连续性或端点异号条件。,诊断,5,专家补全：按数值分析通用知识体系整理，建议人工审核,原创错因分类，依据数值分析常见作业、实验和考试错误整理。,0.74
ERR008,ETNewton导数条件忽视,ErrorType,数值分析,学习诊断与测评,Newton法中忽视导数为零或Jacobian奇异。,诊断,5,专家补全：按数值分析通用知识体系整理，建议人工审核,原创错因分类，依据数值分析常见作业、实验和考试错误整理。,0.74
ERR009,ET不动点收敛条件误用,ErrorType,数值分析,学习诊断与测评,未验证压缩条件或迭代函数选择不当。,诊断,5,专家补全：按数值分析通用知识体系整理，建议人工审核,原创错因分类，依据数值分析常见作业、实验和考试错误整理。,0.74
ERR010,ET多重根收敛阶误判,ErrorType,数值分析,学习诊断与测评,把多重根附近Newton法仍当作二次收敛。,诊断,5,专家补全：按数值分析通用知识体系整理，建议人工审核,原创错因分类，依据数值分析常见作业、实验和考试错误整理。,0.74
ERR011,ET主元选择遗漏,ErrorType,数值分析,学习诊断与测评,Gauss消元不选主元导致数值不稳定。,诊断,5,专家补全：按数值分析通用知识体系整理，建议人工审核,原创错因分类，依据数值分析常见作业、实验和考试错误整理。,0.74
ERR012,ET矩阵条件数忽视,ErrorType,数值分析,学习诊断与测评,求解线性系统时未评估条件数和误差放大。,诊断,5,专家补全：按数值分析通用知识体系整理，建议人工审核,原创错因分类，依据数值分析常见作业、实验和考试错误整理。,0.74
ERR013,ET迭代收敛性未检验,ErrorType,数值分析,学习诊断与测评,线性迭代未检查谱半径、对角占优或SPD条件。,诊断,5,专家补全：按数值分析通用知识体系整理，建议人工审核,原创错因分类，依据数值分析常见作业、实验和考试错误整理。,0.74
ERR014,ET松弛因子选择不当,ErrorType,数值分析,学习诊断与测评,SOR松弛因子越界或未调参。,诊断,5,专家补全：按数值分析通用知识体系整理，建议人工审核,原创错因分类，依据数值分析常见作业、实验和考试错误整理。,0.74
ERR015,ET预条件误配,ErrorType,数值分析,学习诊断与测评,预条件器与矩阵结构不匹配。,诊断,5,专家补全：按数值分析通用知识体系整理，建议人工审核,原创错因分类，依据数值分析常见作业、实验和考试错误整理。,0.74
ERR016,ET插值节点选择不当,ErrorType,数值分析,学习诊断与测评,高次等距插值导致振荡或精度差。,诊断,5,专家补全：按数值分析通用知识体系整理，建议人工审核,原创错因分类，依据数值分析常见作业、实验和考试错误整理。,0.74
ERR017,ET均差表构造错误,ErrorType,数值分析,学习诊断与测评,Newton插值中均差阶次或节点顺序出错。,诊断,5,专家补全：按数值分析通用知识体系整理，建议人工审核,原创错因分类，依据数值分析常见作业、实验和考试错误整理。,0.74
ERR018,ETHermite条件遗漏,ErrorType,数值分析,学习诊断与测评,Hermite插值只匹配函数值而遗漏导数条件。,诊断,5,专家补全：按数值分析通用知识体系整理，建议人工审核,原创错因分类，依据数值分析常见作业、实验和考试错误整理。,0.74
ERR019,ET样条边界条件混淆,ErrorType,数值分析,学习诊断与测评,自然、夹持等样条边界条件混用。,诊断,5,专家补全：按数值分析通用知识体系整理，建议人工审核,原创错因分类，依据数值分析常见作业、实验和考试错误整理。,0.74
ERR020,ET正规方程病态放大,ErrorType,数值分析,学习诊断与测评,最小二乘直接用正规方程放大条件数。,诊断,5,专家补全：按数值分析通用知识体系整理，建议人工审核,原创错因分类，依据数值分析常见作业、实验和考试错误整理。,0.74
ERR021,ET拟合过度,ErrorType,数值分析,学习诊断与测评,模型自由度过高导致过拟合。,诊断,5,专家补全：按数值分析通用知识体系整理，建议人工审核,原创错因分类，依据数值分析常见作业、实验和考试错误整理。,0.74
ERR022,ET拟合不足,ErrorType,数值分析,学习诊断与测评,基函数或模型过简单导致欠拟合。,诊断,5,专家补全：按数值分析通用知识体系整理，建议人工审核,原创错因分类，依据数值分析常见作业、实验和考试错误整理。,0.74
ERR023,ET数值微分步长不当,ErrorType,数值分析,学习诊断与测评,步长过大截断误差大，过小舍入误差大。,诊断,5,专家补全：按数值分析通用知识体系整理，建议人工审核,原创错因分类，依据数值分析常见作业、实验和考试错误整理。,0.74
ERR024,ET边界差分模板误用,ErrorType,数值分析,学习诊断与测评,在边界点使用不适合的中心差分模板。,诊断,5,专家补全：按数值分析通用知识体系整理，建议人工审核,原创错因分类，依据数值分析常见作业、实验和考试错误整理。,0.74
ERR025,ET求积公式适用条件误判,ErrorType,数值分析,学习诊断与测评,误用开型/闭型或低阶公式处理非光滑积分。,诊断,5,专家补全：按数值分析通用知识体系整理，建议人工审核,原创错因分类，依据数值分析常见作业、实验和考试错误整理。,0.74
ERR026,ET复化步长设置不当,ErrorType,数值分析,学习诊断与测评,复化求积中步长与误差目标不匹配。,诊断,5,专家补全：按数值分析通用知识体系整理，建议人工审核,原创错因分类，依据数值分析常见作业、实验和考试错误整理。,0.74
ERR027,ETGauss节点权重混淆,ErrorType,数值分析,学习诊断与测评,Gauss求积中节点、权重或权函数匹配错误。,诊断,5,专家补全：按数值分析通用知识体系整理，建议人工审核,原创错因分类，依据数值分析常见作业、实验和考试错误整理。,0.74
ERR028,ETODE稳定区域忽视,ErrorType,数值分析,学习诊断与测评,显式法求解刚性问题时忽视稳定区域。,诊断,5,专家补全：按数值分析通用知识体系整理，建议人工审核,原创错因分类，依据数值分析常见作业、实验和考试错误整理。,0.74
ERR029,ET局部全局误差混淆,ErrorType,数值分析,学习诊断与测评,把ODE局部截断误差当作全局误差。,诊断,5,专家补全：按数值分析通用知识体系整理，建议人工审核,原创错因分类，依据数值分析常见作业、实验和考试错误整理。,0.74
ERR030,ET隐式方法非线性求解失败,ErrorType,数值分析,学习诊断与测评,隐式ODE步进中未正确求解非线性方程。,诊断,5,专家补全：按数值分析通用知识体系整理，建议人工审核,原创错因分类，依据数值分析常见作业、实验和考试错误整理。,0.74
ERR031,ET边值打靶初值敏感,ErrorType,数值分析,学习诊断与测评,打靶法对初始斜率敏感而未做稳定处理。,诊断,5,专家补全：按数值分析通用知识体系整理，建议人工审核,原创错因分类，依据数值分析常见作业、实验和考试错误整理。,0.74
ERR032,ET特征值收敛到错误特征对,ErrorType,数值分析,学习诊断与测评,幂法或反幂法因初值/位移导致目标特征值错误。,诊断,5,专家补全：按数值分析通用知识体系整理，建议人工审核,原创错因分类，依据数值分析常见作业、实验和考试错误整理。,0.74
ERR033,ETQR预处理缺失,ErrorType,数值分析,学习诊断与测评,特征值QR算法未先Hessenberg化导致效率低。,诊断,5,专家补全：按数值分析通用知识体系整理，建议人工审核,原创错因分类，依据数值分析常见作业、实验和考试错误整理。,0.74
ERR034,ETPDE稳定性条件违反,ErrorType,数值分析,学习诊断与测评,PDE显式格式违反CFL或稳定性条件。,诊断,5,专家补全：按数值分析通用知识体系整理，建议人工审核,原创错因分类，依据数值分析常见作业、实验和考试错误整理。,0.74
ERR035,ETPDE边界条件离散错误,ErrorType,数值分析,学习诊断与测评,边界条件离散与方程模板不一致。,诊断,5,专家补全：按数值分析通用知识体系整理，建议人工审核,原创错因分类，依据数值分析常见作业、实验和考试错误整理。,0.74
ERR036,ETFEM弱形式构造错误,ErrorType,数值分析,学习诊断与测评,有限元弱形式、试探函数或边界项处理错误。,诊断,5,专家补全：按数值分析通用知识体系整理，建议人工审核,原创错因分类，依据数值分析常见作业、实验和考试错误整理。,0.74
ERR037,ET优化梯度方向符号错误,ErrorType,数值分析,学习诊断与测评,把上升方向当作下降方向。,诊断,5,专家补全：按数值分析通用知识体系整理，建议人工审核,原创错因分类，依据数值分析常见作业、实验和考试错误整理。,0.74
ERR038,ET线搜索条件误用,ErrorType,数值分析,学习诊断与测评,Armijo或Wolfe条件实现错误。,诊断,5,专家补全：按数值分析通用知识体系整理，建议人工审核,原创错因分类，依据数值分析常见作业、实验和考试错误整理。,0.74
ERR039,ETKKT条件遗漏,ErrorType,数值分析,学习诊断与测评,约束优化中遗漏互补松弛或可行性条件。,诊断,5,专家补全：按数值分析通用知识体系整理，建议人工审核,原创错因分类，依据数值分析常见作业、实验和考试错误整理。,0.74
ERR040,ET实现容差不一致,ErrorType,数值分析,学习诊断与测评,Python/MATLAB容差、数据类型或默认参数未统一。,诊断,5,专家补全：按数值分析通用知识体系整理，建议人工审核,原创错因分类，依据数值分析常见作业、实验和考试错误整理。,0.74
PRE001,微积分先修要求,Prerequisite,数值分析,高等数学基础,学习误差分析、数值微分、数值积分和ODE方法前应掌握极限、导数、积分与Taylor展开。,先修,2,本地理论/实验课程大纲与14次课件目录,本地理论/实验课程大纲与14次课件目录; 专家补全：按数值分析通用知识体系整理，建议人工审核,0.84
PRE002,多元微积分先修要求,Prerequisite,数值分析,高等数学基础,学习优化、非线性方程组和PDE方法前应掌握偏导数、梯度和Hessian。,先修,2,本地理论/实验课程大纲与14次课件目录,本地理论/实验课程大纲与14次课件目录; 专家补全：按数值分析通用知识体系整理，建议人工审核,0.84
PRE003,微分方程先修要求,Prerequisite,数值分析,高等数学基础,学习ODE/PDE数值方法前应理解初值问题、边值问题和方程类型。,先修,2,本地理论/实验课程大纲与14次课件目录,本地理论/实验课程大纲与14次课件目录; 专家补全：按数值分析通用知识体系整理，建议人工审核,0.84
PRE004,线性代数先修要求,Prerequisite,数值分析,线性代数基础,学习线性系统、最小二乘、特征值和有限元离散前应掌握矩阵、范数和分解。,先修,2,本地理论/实验课程大纲与14次课件目录,本地理论/实验课程大纲与14次课件目录; 专家补全：按数值分析通用知识体系整理，建议人工审核,0.84
PRE005,矩阵分解先修要求,Prerequisite,数值分析,线性代数基础,学习直接法、最小二乘和特征值算法前应理解LU、QR、Cholesky和SVD。,先修,2,本地理论/实验课程大纲与14次课件目录,本地理论/实验课程大纲与14次课件目录; 专家补全：按数值分析通用知识体系整理，建议人工审核,0.84
PRE006,矩阵谱理论先修要求,Prerequisite,数值分析,线性代数基础,学习迭代法收敛、特征值算法和稳定性分析前应掌握特征值、谱半径和Rayleigh商。,先修,2,本地理论/实验课程大纲与14次课件目录,本地理论/实验课程大纲与14次课件目录; 专家补全：按数值分析通用知识体系整理，建议人工审核,0.84
PRE007,程序设计先修要求,Prerequisite,数值分析,程序设计与数值软件基础,学习科学计算实验前应掌握数组、循环、函数、容差和可复现实验。,先修,2,本地理论/实验课程大纲与14次课件目录,本地理论/实验课程大纲与14次课件目录; 专家补全：按数值分析通用知识体系整理，建议人工审核,0.84
PRE008,Python数值计算先修要求,Prerequisite,数值分析,程序设计与数值软件基础,使用Python实现图谱算法前应熟悉NumPy、SciPy、向量化和绘图。,先修,2,本地理论/实验课程大纲与14次课件目录,本地理论/实验课程大纲与14次课件目录; 专家补全：按数值分析通用知识体系整理，建议人工审核,0.84
PRE009,MATLAB数值计算先修要求,Prerequisite,数值分析,程序设计与数值软件基础,使用MATLAB实现ODE、线性代数和优化实验前应熟悉矩阵语法和函数句柄。,先修,2,本地理论/实验课程大纲与14次课件目录,本地理论/实验课程大纲与14次课件目录; 专家补全：按数值分析通用知识体系整理，建议人工审核,0.84
PRE010,误差分析先修要求,Prerequisite,数值分析,误差分析与稳定性,进入高级算法前应掌握误差来源、舍入误差、截断误差、条件数和稳定性。,先修,2,本地朱晓临《数值分析》第2版目录; 本地李庆扬等《数值分析》第5版目录,本地朱晓临《数值分析》第2版目录; 本地李庆扬等《数值分析》第5版目录; 专家补全：按数值分析通用知识体系整理，建议人工审核,0.84
PRE011,数值线性代数先修要求,Prerequisite,数值分析,线性方程组数值解法,学习PDE离散、优化和大规模科学计算前应掌握稀疏线性系统与Krylov方法。,先修,2,本地理论/实验课程大纲与14次课件目录; 本地朱晓临《数值分析》第2版目录; Netlib Templates for the Solution of Linear Systems,本地理论/实验课程大纲与14次课件目录; 本地朱晓临《数值分析》第2版目录; Netlib Templates for the Solution of Linear Systems; 专家补全：按数值分析通用知识体系整理，建议人工审核,0.84
PRE012,插值与逼近先修要求,Prerequisite,数值分析,插值与样条,学习Newton-Cotes求积、数值微分外推和谱方法前应理解插值多项式和正交多项式。,先修,2,本地理论/实验课程大纲与14次课件目录; 本地朱晓临《数值分析》第2版目录; 本地李庆扬等《数值分析》第5版目录,本地理论/实验课程大纲与14次课件目录; 本地朱晓临《数值分析》第2版目录; 本地李庆扬等《数值分析》第5版目录; 专家补全：按数值分析通用知识体系整理，建议人工审核,0.84
EXP001,二分法与Newton法求根实验,Experiment,数值分析,科学计算实验方法,二分法与Newton法求根实验用于把算法、误差分析和程序实现连接起来。,实践,5,本地理论/实验课程大纲与14次课件目录; 专家补全：按数值分析通用知识体系整理，建议人工审核,本地实验课程大纲强调上机程序作业，实验主题按学科级图谱扩展。,0.78
EXP002,非线性方程组Newton实验,Experiment,数值分析,科学计算实验方法,非线性方程组Newton实验用于把算法、误差分析和程序实现连接起来。,实践,5,本地理论/实验课程大纲与14次课件目录; 专家补全：按数值分析通用知识体系整理，建议人工审核,本地实验课程大纲强调上机程序作业，实验主题按学科级图谱扩展。,0.78
EXP003,Gauss消元与主元选择实验,Experiment,数值分析,科学计算实验方法,Gauss消元与主元选择实验用于把算法、误差分析和程序实现连接起来。,实践,5,本地理论/实验课程大纲与14次课件目录; 专家补全：按数值分析通用知识体系整理，建议人工审核,本地实验课程大纲强调上机程序作业，实验主题按学科级图谱扩展。,0.78
EXP004,LU与Cholesky分解实验,Experiment,数值分析,科学计算实验方法,LU与Cholesky分解实验用于把算法、误差分析和程序实现连接起来。,实践,5,本地理论/实验课程大纲与14次课件目录; 专家补全：按数值分析通用知识体系整理，建议人工审核,本地实验课程大纲强调上机程序作业，实验主题按学科级图谱扩展。,0.78
EXP005,Jacobi与Gauss-Seidel迭代实验,Experiment,数值分析,科学计算实验方法,Jacobi与Gauss-Seidel迭代实验用于把算法、误差分析和程序实现连接起来。,实践,5,本地理论/实验课程大纲与14次课件目录; 专家补全：按数值分析通用知识体系整理，建议人工审核,本地实验课程大纲强调上机程序作业，实验主题按学科级图谱扩展。,0.78
EXP006,SOR松弛因子实验,Experiment,数值分析,科学计算实验方法,SOR松弛因子实验用于把算法、误差分析和程序实现连接起来。,实践,5,本地理论/实验课程大纲与14次课件目录; 专家补全：按数值分析通用知识体系整理，建议人工审核,本地实验课程大纲强调上机程序作业，实验主题按学科级图谱扩展。,0.78
EXP007,共轭梯度与预条件实验,Experiment,数值分析,科学计算实验方法,共轭梯度与预条件实验用于把算法、误差分析和程序实现连接起来。,实践,5,本地理论/实验课程大纲与14次课件目录; 专家补全：按数值分析通用知识体系整理，建议人工审核,本地实验课程大纲强调上机程序作业，实验主题按学科级图谱扩展。,0.78
EXP008,GMRES大规模稀疏系统实验,Experiment,数值分析,科学计算实验方法,GMRES大规模稀疏系统实验用于把算法、误差分析和程序实现连接起来。,实践,5,本地理论/实验课程大纲与14次课件目录; 专家补全：按数值分析通用知识体系整理，建议人工审核,本地实验课程大纲强调上机程序作业，实验主题按学科级图谱扩展。,0.78
EXP009,Lagrange与Newton插值实验,Experiment,数值分析,科学计算实验方法,Lagrange与Newton插值实验用于把算法、误差分析和程序实现连接起来。,实践,5,本地理论/实验课程大纲与14次课件目录; 专家补全：按数值分析通用知识体系整理，建议人工审核,本地实验课程大纲强调上机程序作业，实验主题按学科级图谱扩展。,0.78
EXP010,Hermite与三次样条实验,Experiment,数值分析,科学计算实验方法,Hermite与三次样条实验用于把算法、误差分析和程序实现连接起来。,实践,5,本地理论/实验课程大纲与14次课件目录; 专家补全：按数值分析通用知识体系整理，建议人工审核,本地实验课程大纲强调上机程序作业，实验主题按学科级图谱扩展。,0.78
EXP011,Runge现象与Chebyshev节点实验,Experiment,数值分析,科学计算实验方法,Runge现象与Chebyshev节点实验用于把算法、误差分析和程序实现连接起来。,实践,5,本地理论/实验课程大纲与14次课件目录; 专家补全：按数值分析通用知识体系整理，建议人工审核,本地实验课程大纲强调上机程序作业，实验主题按学科级图谱扩展。,0.78
EXP012,最小二乘曲线拟合实验,Experiment,数值分析,科学计算实验方法,最小二乘曲线拟合实验用于把算法、误差分析和程序实现连接起来。,实践,5,本地理论/实验课程大纲与14次课件目录; 专家补全：按数值分析通用知识体系整理，建议人工审核,本地实验课程大纲强调上机程序作业，实验主题按学科级图谱扩展。,0.78
EXP013,SVD最小二乘与病态拟合实验,Experiment,数值分析,科学计算实验方法,SVD最小二乘与病态拟合实验用于把算法、误差分析和程序实现连接起来。,实践,5,本地理论/实验课程大纲与14次课件目录; 专家补全：按数值分析通用知识体系整理，建议人工审核,本地实验课程大纲强调上机程序作业，实验主题按学科级图谱扩展。,0.78
EXP014,FFT信号逼近实验,Experiment,数值分析,科学计算实验方法,FFT信号逼近实验用于把算法、误差分析和程序实现连接起来。,实践,5,本地理论/实验课程大纲与14次课件目录; 专家补全：按数值分析通用知识体系整理，建议人工审核,本地实验课程大纲强调上机程序作业，实验主题按学科级图谱扩展。,0.78
EXP015,差分微分步长实验,Experiment,数值分析,科学计算实验方法,差分微分步长实验用于把算法、误差分析和程序实现连接起来。,实践,5,本地理论/实验课程大纲与14次课件目录; 专家补全：按数值分析通用知识体系整理，建议人工审核,本地实验课程大纲强调上机程序作业，实验主题按学科级图谱扩展。,0.78
EXP016,Newton-Cotes与复化求积实验,Experiment,数值分析,科学计算实验方法,Newton-Cotes与复化求积实验用于把算法、误差分析和程序实现连接起来。,实践,5,本地理论/实验课程大纲与14次课件目录; 专家补全：按数值分析通用知识体系整理，建议人工审核,本地实验课程大纲强调上机程序作业，实验主题按学科级图谱扩展。,0.78
EXP017,Romberg与Gauss求积实验,Experiment,数值分析,科学计算实验方法,Romberg与Gauss求积实验用于把算法、误差分析和程序实现连接起来。,实践,5,本地理论/实验课程大纲与14次课件目录; 专家补全：按数值分析通用知识体系整理，建议人工审核,本地实验课程大纲强调上机程序作业，实验主题按学科级图谱扩展。,0.78
EXP018,自适应积分实验,Experiment,数值分析,科学计算实验方法,自适应积分实验用于把算法、误差分析和程序实现连接起来。,实践,5,本地理论/实验课程大纲与14次课件目录; 专家补全：按数值分析通用知识体系整理，建议人工审核,本地实验课程大纲强调上机程序作业，实验主题按学科级图谱扩展。,0.78
EXP019,ODE Euler与RK4实验,Experiment,数值分析,科学计算实验方法,ODE Euler与RK4实验用于把算法、误差分析和程序实现连接起来。,实践,5,本地理论/实验课程大纲与14次课件目录; 专家补全：按数值分析通用知识体系整理，建议人工审核,本地实验课程大纲强调上机程序作业，实验主题按学科级图谱扩展。,0.78
EXP020,刚性ODE隐式方法实验,Experiment,数值分析,科学计算实验方法,刚性ODE隐式方法实验用于把算法、误差分析和程序实现连接起来。,实践,5,本地理论/实验课程大纲与14次课件目录; 专家补全：按数值分析通用知识体系整理，建议人工审核,本地实验课程大纲强调上机程序作业，实验主题按学科级图谱扩展。,0.78
EXP021,自适应Runge-Kutta实验,Experiment,数值分析,科学计算实验方法,自适应Runge-Kutta实验用于把算法、误差分析和程序实现连接起来。,实践,5,本地理论/实验课程大纲与14次课件目录; 专家补全：按数值分析通用知识体系整理，建议人工审核,本地实验课程大纲强调上机程序作业，实验主题按学科级图谱扩展。,0.78
EXP022,ODE边值打靶实验,Experiment,数值分析,科学计算实验方法,ODE边值打靶实验用于把算法、误差分析和程序实现连接起来。,实践,5,本地理论/实验课程大纲与14次课件目录; 专家补全：按数值分析通用知识体系整理，建议人工审核,本地实验课程大纲强调上机程序作业，实验主题按学科级图谱扩展。,0.78
EXP023,边值问题差分实验,Experiment,数值分析,科学计算实验方法,边值问题差分实验用于把算法、误差分析和程序实现连接起来。,实践,5,本地理论/实验课程大纲与14次课件目录; 专家补全：按数值分析通用知识体系整理，建议人工审核,本地实验课程大纲强调上机程序作业，实验主题按学科级图谱扩展。,0.78
EXP024,一维有限元边值实验,Experiment,数值分析,科学计算实验方法,一维有限元边值实验用于把算法、误差分析和程序实现连接起来。,实践,5,本地理论/实验课程大纲与14次课件目录; 专家补全：按数值分析通用知识体系整理，建议人工审核,本地实验课程大纲强调上机程序作业，实验主题按学科级图谱扩展。,0.78
EXP025,幂法与反幂法实验,Experiment,数值分析,科学计算实验方法,幂法与反幂法实验用于把算法、误差分析和程序实现连接起来。,实践,5,本地理论/实验课程大纲与14次课件目录; 专家补全：按数值分析通用知识体系整理，建议人工审核,本地实验课程大纲强调上机程序作业，实验主题按学科级图谱扩展。,0.78
EXP026,QR特征值实验,Experiment,数值分析,科学计算实验方法,QR特征值实验用于把算法、误差分析和程序实现连接起来。,实践,5,本地理论/实验课程大纲与14次课件目录; 专家补全：按数值分析通用知识体系整理，建议人工审核,本地实验课程大纲强调上机程序作业，实验主题按学科级图谱扩展。,0.78
EXP027,Lanczos低秩近似实验,Experiment,数值分析,科学计算实验方法,Lanczos低秩近似实验用于把算法、误差分析和程序实现连接起来。,实践,5,本地理论/实验课程大纲与14次课件目录; 专家补全：按数值分析通用知识体系整理，建议人工审核,本地实验课程大纲强调上机程序作业，实验主题按学科级图谱扩展。,0.78
EXP028,热方程有限差分实验,Experiment,数值分析,科学计算实验方法,热方程有限差分实验用于把算法、误差分析和程序实现连接起来。,实践,5,本地理论/实验课程大纲与14次课件目录; 专家补全：按数值分析通用知识体系整理，建议人工审核,本地实验课程大纲强调上机程序作业，实验主题按学科级图谱扩展。,0.78
EXP029,守恒律有限体积实验,Experiment,数值分析,科学计算实验方法,守恒律有限体积实验用于把算法、误差分析和程序实现连接起来。,实践,5,本地理论/实验课程大纲与14次课件目录; 专家补全：按数值分析通用知识体系整理，建议人工审核,本地实验课程大纲强调上机程序作业，实验主题按学科级图谱扩展。,0.78
EXP030,Poisson有限元实验,Experiment,数值分析,科学计算实验方法,Poisson有限元实验用于把算法、误差分析和程序实现连接起来。,实践,5,本地理论/实验课程大纲与14次课件目录; 专家补全：按数值分析通用知识体系整理，建议人工审核,本地实验课程大纲强调上机程序作业，实验主题按学科级图谱扩展。,0.78
EXP031,PDE多重网格实验,Experiment,数值分析,科学计算实验方法,PDE多重网格实验用于把算法、误差分析和程序实现连接起来。,实践,5,本地理论/实验课程大纲与14次课件目录; 专家补全：按数值分析通用知识体系整理，建议人工审核,本地实验课程大纲强调上机程序作业，实验主题按学科级图谱扩展。,0.78
EXP032,梯度下降与线搜索实验,Experiment,数值分析,科学计算实验方法,梯度下降与线搜索实验用于把算法、误差分析和程序实现连接起来。,实践,5,本地理论/实验课程大纲与14次课件目录; 专家补全：按数值分析通用知识体系整理，建议人工审核,本地实验课程大纲强调上机程序作业，实验主题按学科级图谱扩展。,0.78
EXP033,Newton优化与BFGS实验,Experiment,数值分析,科学计算实验方法,Newton优化与BFGS实验用于把算法、误差分析和程序实现连接起来。,实践,5,本地理论/实验课程大纲与14次课件目录; 专家补全：按数值分析通用知识体系整理，建议人工审核,本地实验课程大纲强调上机程序作业，实验主题按学科级图谱扩展。,0.78
EXP034,非线性最小二乘实验,Experiment,数值分析,科学计算实验方法,非线性最小二乘实验用于把算法、误差分析和程序实现连接起来。,实践,5,本地理论/实验课程大纲与14次课件目录; 专家补全：按数值分析通用知识体系整理，建议人工审核,本地实验课程大纲强调上机程序作业，实验主题按学科级图谱扩展。,0.78
EXP035,Python/MATLAB容差对比实验,Experiment,数值分析,科学计算实验方法,Python/MATLAB容差对比实验用于把算法、误差分析和程序实现连接起来。,实践,5,本地理论/实验课程大纲与14次课件目录; 专家补全：按数值分析通用知识体系整理，建议人工审核,本地实验课程大纲强调上机程序作业，实验主题按学科级图谱扩展。,0.78
RES001,00《数值分析》课程导学.pptx,Resource,数值分析,学习资源与证据源,课程目标、教材和参考资料。,资源,1,local,课程目标、教材和参考资料。,0.90
RES002,01-14数值分析授课课件,Resource,数值分析,学习资源与证据源,覆盖本地课程核心章节与讲授顺序。,资源,1,local,覆盖本地课程核心章节与讲授顺序。,0.90
RES003,48522008_数值分析_课程大纲(理论课程）.docx,Resource,数值分析,学习资源与证据源,课程章节、重点难点和学时安排。,资源,1,local,课程章节、重点难点和学时安排。,0.90
RES004,48522008_数值分析_课程大纲(实验课程）.docx,Resource,数值分析,学习资源与证据源,实验项目和编程实践安排。,资源,1,local,实验项目和编程实践安排。,0.90
RES005,朱晓临《数值分析》第2版,Resource,数值分析,学习资源与证据源,与本地课程大纲高度对齐的主教材。,资源,1,local,与本地课程大纲高度对齐的主教材。,0.90
RES006,李庆扬等《数值分析》第5版,Resource,数值分析,学习资源与证据源,补充函数逼近、FFT和经典数值分析结构。,资源,1,local,补充函数逼近、FFT和经典数值分析结构。,0.90
RES007,潘建瑜《数值分析讲义》,Resource,数值分析,学习资源与证据源,补充线性代数、QR/SVD、特征值和现代数值线性代数。,资源,1,local,补充线性代数、QR/SVD、特征值和现代数值线性代数。,0.90
RES008,MIT OCW 18.335,Resource,数值分析,学习资源与证据源,补充学科级数值方法和科学计算背景。,资源,1,external/generated,补充学科级数值方法和科学计算背景。,0.90
RES009,MIT OCW 18.336,Resource,数值分析,学习资源与证据源,补充PDE数值方法范围。,资源,1,external/generated,补充PDE数值方法范围。,0.90
RES010,SciPy optimize官方文档,Resource,数值分析,学习资源与证据源,优化、求根、最小二乘和实现接口。,资源,1,external/generated,优化、求根、最小二乘和实现接口。,0.90
RES011,SciPy integrate官方文档,Resource,数值分析,学习资源与证据源,积分和ODE求解实现接口。,资源,1,external/generated,积分和ODE求解实现接口。,0.90
RES012,MathWorks MATLAB ODE官方文档,Resource,数值分析,学习资源与证据源,MATLAB ODE求解器与实现说明。,资源,1,external/generated,MATLAB ODE求解器与实现说明。,0.90
RES013,Netlib Templates,Resource,数值分析,学习资源与证据源,迭代线性系统模板和Krylov方法。,资源,1,external/generated,迭代线性系统模板和Krylov方法。,0.90
RES014,原创诊断题库V1,Resource,数值分析,学习资源与证据源,原创短诊断题，不复制教材题。,资源,1,external/generated,原创短诊断题，不复制教材题。,0.78
RES015,原创错因规则V1,Resource,数值分析,学习资源与证据源,从错因到补学节点的推荐规则。,资源,1,external/generated,从错因到补学节点的推荐规则。,0.78
Q001,诊断题001,Question,数值分析,学习诊断与测评,给定真值和近似值，要求分别计算绝对误差和相对误差。,中级,6,generated,原创短诊断题，用于知识点掌握与错因识别，不复制教材原题。,0.76
Q002,诊断题002,Question,数值分析,学习诊断与测评,判断一个近似数保留了几位有效数字，并说明依据。,中级,6,generated,原创短诊断题，用于知识点掌握与错因识别，不复制教材原题。,0.76
Q003,诊断题003,Question,数值分析,学习诊断与测评,识别相近数相减导致精度损失的表达式并提出改写方案。,高级,6,generated,原创短诊断题，用于知识点掌握与错因识别，不复制教材原题。,0.76
Q004,诊断题004,Question,数值分析,学习诊断与测评,检查二分法初始区间是否满足连续与异号条件。,中级,6,generated,原创短诊断题，用于知识点掌握与错因识别，不复制教材原题。,0.76
Q005,诊断题005,Question,数值分析,学习诊断与测评,分析Newton迭代在导数接近零时可能失败的原因。,中级,6,generated,原创短诊断题，用于知识点掌握与错因识别，不复制教材原题。,0.76
Q006,诊断题006,Question,数值分析,学习诊断与测评,判断给定迭代函数是否满足局部压缩条件。,高级,6,generated,原创短诊断题，用于知识点掌握与错因识别，不复制教材原题。,0.76
Q007,诊断题007,Question,数值分析,学习诊断与测评,解释多重根会怎样影响Newton法收敛阶。,中级,6,generated,原创短诊断题，用于知识点掌握与错因识别，不复制教材原题。,0.76
Q008,诊断题008,Question,数值分析,学习诊断与测评,比较不选主元和列主元消元的数值稳定性。,中级,6,generated,原创短诊断题，用于知识点掌握与错因识别，不复制教材原题。,0.76
Q009,诊断题009,Question,数值分析,学习诊断与测评,由条件数估计线性系统解的相对误差放大。,高级,6,generated,原创短诊断题，用于知识点掌握与错因识别，不复制教材原题。,0.76
Q010,诊断题010,Question,数值分析,学习诊断与测评,利用迭代矩阵谱半径判断Jacobi法是否收敛。,中级,6,generated,原创短诊断题，用于知识点掌握与错因识别，不复制教材原题。,0.76
Q011,诊断题011,Question,数值分析,学习诊断与测评,判断给定松弛因子是否可能用于SOR迭代。,中级,6,generated,原创短诊断题，用于知识点掌握与错因识别，不复制教材原题。,0.76
Q012,诊断题012,Question,数值分析,学习诊断与测评,比较等距节点和Chebyshev节点对高次插值振荡的影响。,高级,6,generated,原创短诊断题，用于知识点掌握与错因识别，不复制教材原题。,0.76
Q013,诊断题013,Question,数值分析,学习诊断与测评,补全三阶均差表并指出节点顺序的作用。,中级,6,generated,原创短诊断题，用于知识点掌握与错因识别，不复制教材原题。,0.76
Q014,诊断题014,Question,数值分析,学习诊断与测评,判断Hermite插值条件中缺少的是函数值还是导数值。,中级,6,generated,原创短诊断题，用于知识点掌握与错因识别，不复制教材原题。,0.76
Q015,诊断题015,Question,数值分析,学习诊断与测评,区分自然样条和夹持样条的边界条件。,高级,6,generated,原创短诊断题，用于知识点掌握与错因识别，不复制教材原题。,0.76
Q016,诊断题016,Question,数值分析,学习诊断与测评,说明正规方程为什么可能放大最小二乘问题病态性。,中级,6,generated,原创短诊断题，用于知识点掌握与错因识别，不复制教材原题。,0.76
Q017,诊断题017,Question,数值分析,学习诊断与测评,识别训练误差低而验证误差高的拟合情形。,中级,6,generated,原创短诊断题，用于知识点掌握与错因识别，不复制教材原题。,0.76
Q018,诊断题018,Question,数值分析,学习诊断与测评,说明模型过简单时残差结构会呈现什么特征。,高级,6,generated,原创短诊断题，用于知识点掌握与错因识别，不复制教材原题。,0.76
Q019,诊断题019,Question,数值分析,学习诊断与测评,分析差分步长过大和过小分别带来的误差。,中级,6,generated,原创短诊断题，用于知识点掌握与错因识别，不复制教材原题。,0.76
Q020,诊断题020,Question,数值分析,学习诊断与测评,选择边界点处合适的一侧差分模板。,中级,6,generated,原创短诊断题，用于知识点掌握与错因识别，不复制教材原题。,0.76
Q021,诊断题021,Question,数值分析,学习诊断与测评,判断非光滑函数是否适合直接使用高阶Newton-Cotes公式。,高级,6,generated,原创短诊断题，用于知识点掌握与错因识别，不复制教材原题。,0.76
Q022,诊断题022,Question,数值分析,学习诊断与测评,根据误差目标选择复化求积步长。,中级,6,generated,原创短诊断题，用于知识点掌握与错因识别，不复制教材原题。,0.76
Q023,诊断题023,Question,数值分析,学习诊断与测评,识别Gauss求积节点、权重与权函数的匹配关系。,中级,6,generated,原创短诊断题，用于知识点掌握与错因识别，不复制教材原题。,0.76
Q024,诊断题024,Question,数值分析,学习诊断与测评,判断显式Euler法求解刚性问题时步长是否稳定。,高级,6,generated,原创短诊断题，用于知识点掌握与错因识别，不复制教材原题。,0.76
Q025,诊断题025,Question,数值分析,学习诊断与测评,区分RK4的局部截断误差阶和全局误差阶。,中级,6,generated,原创短诊断题，用于知识点掌握与错因识别，不复制教材原题。,0.76
Q026,诊断题026,Question,数值分析,学习诊断与测评,说明隐式Euler每一步为什么可能需要非线性方程求解。,中级,6,generated,原创短诊断题，用于知识点掌握与错因识别，不复制教材原题。,0.76
Q027,诊断题027,Question,数值分析,学习诊断与测评,分析打靶法中初始斜率敏感带来的数值风险。,高级,6,generated,原创短诊断题，用于知识点掌握与错因识别，不复制教材原题。,0.76
Q028,诊断题028,Question,数值分析,学习诊断与测评,判断幂法会收敛到哪个特征值及其条件。,中级,6,generated,原创短诊断题，用于知识点掌握与错因识别，不复制教材原题。,0.76
Q029,诊断题029,Question,数值分析,学习诊断与测评,说明Hessenberg化对QR特征值算法效率的作用。,中级,6,generated,原创短诊断题，用于知识点掌握与错因识别，不复制教材原题。,0.76
Q030,诊断题030,Question,数值分析,学习诊断与测评,判断热方程差分格式的稳定性限制。,高级,6,generated,原创短诊断题，用于知识点掌握与错因识别，不复制教材原题。,0.76
Q031,诊断题031,Question,数值分析,学习诊断与测评,构造含Dirichlet边界条件的差分方程并检查边界项。,中级,6,generated,原创短诊断题，用于知识点掌握与错因识别，不复制教材原题。,0.76
Q032,诊断题032,Question,数值分析,学习诊断与测评,从强形式写出一维Poisson问题的弱形式。,中级,6,generated,原创短诊断题，用于知识点掌握与错因识别，不复制教材原题。,0.76
Q033,诊断题033,Question,数值分析,学习诊断与测评,判断给定更新方向是否为下降方向。,高级,6,generated,原创短诊断题，用于知识点掌握与错因识别，不复制教材原题。,0.76
Q034,诊断题034,Question,数值分析,学习诊断与测评,检查一个步长是否满足Armijo充分下降条件。,中级,6,generated,原创短诊断题，用于知识点掌握与错因识别，不复制教材原题。,0.76
Q035,诊断题035,Question,数值分析,学习诊断与测评,列出简单不等式约束优化问题的KKT条件。,中级,6,generated,原创短诊断题，用于知识点掌握与错因识别，不复制教材原题。,0.76
Q036,诊断题036,Question,数值分析,学习诊断与测评,比较不同优化容差参数对停止结果的影响。,高级,6,generated,原创短诊断题，用于知识点掌握与错因识别，不复制教材原题。,0.76
Q037,诊断题037,Question,数值分析,学习诊断与测评,给定真值和近似值，要求分别计算绝对误差和相对误差。（变式2：更换数据或初始条件）,中级,6,generated,原创短诊断题，用于知识点掌握与错因识别，不复制教材原题。,0.76
Q038,诊断题038,Question,数值分析,学习诊断与测评,判断一个近似数保留了几位有效数字，并说明依据。（变式2：更换数据或初始条件）,中级,6,generated,原创短诊断题，用于知识点掌握与错因识别，不复制教材原题。,0.76
Q039,诊断题039,Question,数值分析,学习诊断与测评,识别相近数相减导致精度损失的表达式并提出改写方案。（变式2：更换数据或初始条件）,高级,6,generated,原创短诊断题，用于知识点掌握与错因识别，不复制教材原题。,0.76
Q040,诊断题040,Question,数值分析,学习诊断与测评,检查二分法初始区间是否满足连续与异号条件。（变式2：更换数据或初始条件）,中级,6,generated,原创短诊断题，用于知识点掌握与错因识别，不复制教材原题。,0.76
Q041,诊断题041,Question,数值分析,学习诊断与测评,分析Newton迭代在导数接近零时可能失败的原因。（变式2：更换数据或初始条件）,中级,6,generated,原创短诊断题，用于知识点掌握与错因识别，不复制教材原题。,0.76
Q042,诊断题042,Question,数值分析,学习诊断与测评,判断给定迭代函数是否满足局部压缩条件。（变式2：更换数据或初始条件）,高级,6,generated,原创短诊断题，用于知识点掌握与错因识别，不复制教材原题。,0.76
Q043,诊断题043,Question,数值分析,学习诊断与测评,解释多重根会怎样影响Newton法收敛阶。（变式2：更换数据或初始条件）,中级,6,generated,原创短诊断题，用于知识点掌握与错因识别，不复制教材原题。,0.76
Q044,诊断题044,Question,数值分析,学习诊断与测评,比较不选主元和列主元消元的数值稳定性。（变式2：更换数据或初始条件）,中级,6,generated,原创短诊断题，用于知识点掌握与错因识别，不复制教材原题。,0.76
Q045,诊断题045,Question,数值分析,学习诊断与测评,由条件数估计线性系统解的相对误差放大。（变式2：更换数据或初始条件）,高级,6,generated,原创短诊断题，用于知识点掌握与错因识别，不复制教材原题。,0.76
Q046,诊断题046,Question,数值分析,学习诊断与测评,利用迭代矩阵谱半径判断Jacobi法是否收敛。（变式2：更换数据或初始条件）,中级,6,generated,原创短诊断题，用于知识点掌握与错因识别，不复制教材原题。,0.76
Q047,诊断题047,Question,数值分析,学习诊断与测评,判断给定松弛因子是否可能用于SOR迭代。（变式2：更换数据或初始条件）,中级,6,generated,原创短诊断题，用于知识点掌握与错因识别，不复制教材原题。,0.76
Q048,诊断题048,Question,数值分析,学习诊断与测评,比较等距节点和Chebyshev节点对高次插值振荡的影响。（变式2：更换数据或初始条件）,高级,6,generated,原创短诊断题，用于知识点掌握与错因识别，不复制教材原题。,0.76
Q049,诊断题049,Question,数值分析,学习诊断与测评,补全三阶均差表并指出节点顺序的作用。（变式2：更换数据或初始条件）,中级,6,generated,原创短诊断题，用于知识点掌握与错因识别，不复制教材原题。,0.76
Q050,诊断题050,Question,数值分析,学习诊断与测评,判断Hermite插值条件中缺少的是函数值还是导数值。（变式2：更换数据或初始条件）,中级,6,generated,原创短诊断题，用于知识点掌握与错因识别，不复制教材原题。,0.76
Q051,诊断题051,Question,数值分析,学习诊断与测评,区分自然样条和夹持样条的边界条件。（变式2：更换数据或初始条件）,高级,6,generated,原创短诊断题，用于知识点掌握与错因识别，不复制教材原题。,0.76
Q052,诊断题052,Question,数值分析,学习诊断与测评,说明正规方程为什么可能放大最小二乘问题病态性。（变式2：更换数据或初始条件）,中级,6,generated,原创短诊断题，用于知识点掌握与错因识别，不复制教材原题。,0.76
Q053,诊断题053,Question,数值分析,学习诊断与测评,识别训练误差低而验证误差高的拟合情形。（变式2：更换数据或初始条件）,中级,6,generated,原创短诊断题，用于知识点掌握与错因识别，不复制教材原题。,0.76
Q054,诊断题054,Question,数值分析,学习诊断与测评,说明模型过简单时残差结构会呈现什么特征。（变式2：更换数据或初始条件）,高级,6,generated,原创短诊断题，用于知识点掌握与错因识别，不复制教材原题。,0.76
Q055,诊断题055,Question,数值分析,学习诊断与测评,分析差分步长过大和过小分别带来的误差。（变式2：更换数据或初始条件）,中级,6,generated,原创短诊断题，用于知识点掌握与错因识别，不复制教材原题。,0.76
Q056,诊断题056,Question,数值分析,学习诊断与测评,选择边界点处合适的一侧差分模板。（变式2：更换数据或初始条件）,中级,6,generated,原创短诊断题，用于知识点掌握与错因识别，不复制教材原题。,0.76
Q057,诊断题057,Question,数值分析,学习诊断与测评,判断非光滑函数是否适合直接使用高阶Newton-Cotes公式。（变式2：更换数据或初始条件）,高级,6,generated,原创短诊断题，用于知识点掌握与错因识别，不复制教材原题。,0.76
Q058,诊断题058,Question,数值分析,学习诊断与测评,根据误差目标选择复化求积步长。（变式2：更换数据或初始条件）,中级,6,generated,原创短诊断题，用于知识点掌握与错因识别，不复制教材原题。,0.76
Q059,诊断题059,Question,数值分析,学习诊断与测评,识别Gauss求积节点、权重与权函数的匹配关系。（变式2：更换数据或初始条件）,中级,6,generated,原创短诊断题，用于知识点掌握与错因识别，不复制教材原题。,0.76
Q060,诊断题060,Question,数值分析,学习诊断与测评,判断显式Euler法求解刚性问题时步长是否稳定。（变式2：更换数据或初始条件）,高级,6,generated,原创短诊断题，用于知识点掌握与错因识别，不复制教材原题。,0.76
Q061,诊断题061,Question,数值分析,学习诊断与测评,区分RK4的局部截断误差阶和全局误差阶。（变式2：更换数据或初始条件）,中级,6,generated,原创短诊断题，用于知识点掌握与错因识别，不复制教材原题。,0.76
Q062,诊断题062,Question,数值分析,学习诊断与测评,说明隐式Euler每一步为什么可能需要非线性方程求解。（变式2：更换数据或初始条件）,中级,6,generated,原创短诊断题，用于知识点掌握与错因识别，不复制教材原题。,0.76
Q063,诊断题063,Question,数值分析,学习诊断与测评,分析打靶法中初始斜率敏感带来的数值风险。（变式2：更换数据或初始条件）,高级,6,generated,原创短诊断题，用于知识点掌握与错因识别，不复制教材原题。,0.76
Q064,诊断题064,Question,数值分析,学习诊断与测评,判断幂法会收敛到哪个特征值及其条件。（变式2：更换数据或初始条件）,中级,6,generated,原创短诊断题，用于知识点掌握与错因识别，不复制教材原题。,0.76
Q065,诊断题065,Question,数值分析,学习诊断与测评,说明Hessenberg化对QR特征值算法效率的作用。（变式2：更换数据或初始条件）,中级,6,generated,原创短诊断题，用于知识点掌握与错因识别，不复制教材原题。,0.76
Q066,诊断题066,Question,数值分析,学习诊断与测评,判断热方程差分格式的稳定性限制。（变式2：更换数据或初始条件）,高级,6,generated,原创短诊断题，用于知识点掌握与错因识别，不复制教材原题。,0.76
Q067,诊断题067,Question,数值分析,学习诊断与测评,构造含Dirichlet边界条件的差分方程并检查边界项。（变式2：更换数据或初始条件）,中级,6,generated,原创短诊断题，用于知识点掌握与错因识别，不复制教材原题。,0.76
Q068,诊断题068,Question,数值分析,学习诊断与测评,从强形式写出一维Poisson问题的弱形式。（变式2：更换数据或初始条件）,中级,6,generated,原创短诊断题，用于知识点掌握与错因识别，不复制教材原题。,0.76
Q069,诊断题069,Question,数值分析,学习诊断与测评,判断给定更新方向是否为下降方向。（变式2：更换数据或初始条件）,高级,6,generated,原创短诊断题，用于知识点掌握与错因识别，不复制教材原题。,0.76
Q070,诊断题070,Question,数值分析,学习诊断与测评,检查一个步长是否满足Armijo充分下降条件。（变式2：更换数据或初始条件）,中级,6,generated,原创短诊断题，用于知识点掌握与错因识别，不复制教材原题。,0.76
Q071,诊断题071,Question,数值分析,学习诊断与测评,列出简单不等式约束优化问题的KKT条件。（变式2：更换数据或初始条件）,中级,6,generated,原创短诊断题，用于知识点掌握与错因识别，不复制教材原题。,0.76
Q072,诊断题072,Question,数值分析,学习诊断与测评,比较不同优化容差参数对停止结果的影响。（变式2：更换数据或初始条件）,高级,6,generated,原创短诊断题，用于知识点掌握与错因识别，不复制教材原题。,0.76
Q073,诊断题073,Question,数值分析,学习诊断与测评,给定真值和近似值，要求分别计算绝对误差和相对误差。（变式3：更换数据或初始条件）,中级,6,generated,原创短诊断题，用于知识点掌握与错因识别，不复制教材原题。,0.76
Q074,诊断题074,Question,数值分析,学习诊断与测评,判断一个近似数保留了几位有效数字，并说明依据。（变式3：更换数据或初始条件）,中级,6,generated,原创短诊断题，用于知识点掌握与错因识别，不复制教材原题。,0.76
Q075,诊断题075,Question,数值分析,学习诊断与测评,识别相近数相减导致精度损失的表达式并提出改写方案。（变式3：更换数据或初始条件）,高级,6,generated,原创短诊断题，用于知识点掌握与错因识别，不复制教材原题。,0.76
Q076,诊断题076,Question,数值分析,学习诊断与测评,检查二分法初始区间是否满足连续与异号条件。（变式3：更换数据或初始条件）,中级,6,generated,原创短诊断题，用于知识点掌握与错因识别，不复制教材原题。,0.76
Q077,诊断题077,Question,数值分析,学习诊断与测评,分析Newton迭代在导数接近零时可能失败的原因。（变式3：更换数据或初始条件）,中级,6,generated,原创短诊断题，用于知识点掌握与错因识别，不复制教材原题。,0.76
Q078,诊断题078,Question,数值分析,学习诊断与测评,判断给定迭代函数是否满足局部压缩条件。（变式3：更换数据或初始条件）,高级,6,generated,原创短诊断题，用于知识点掌握与错因识别，不复制教材原题。,0.76
Q079,诊断题079,Question,数值分析,学习诊断与测评,解释多重根会怎样影响Newton法收敛阶。（变式3：更换数据或初始条件）,中级,6,generated,原创短诊断题，用于知识点掌握与错因识别，不复制教材原题。,0.76
Q080,诊断题080,Question,数值分析,学习诊断与测评,比较不选主元和列主元消元的数值稳定性。（变式3：更换数据或初始条件）,中级,6,generated,原创短诊断题，用于知识点掌握与错因识别，不复制教材原题。,0.76
Q081,诊断题081,Question,数值分析,学习诊断与测评,由条件数估计线性系统解的相对误差放大。（变式3：更换数据或初始条件）,高级,6,generated,原创短诊断题，用于知识点掌握与错因识别，不复制教材原题。,0.76
Q082,诊断题082,Question,数值分析,学习诊断与测评,利用迭代矩阵谱半径判断Jacobi法是否收敛。（变式3：更换数据或初始条件）,中级,6,generated,原创短诊断题，用于知识点掌握与错因识别，不复制教材原题。,0.76
Q083,诊断题083,Question,数值分析,学习诊断与测评,判断给定松弛因子是否可能用于SOR迭代。（变式3：更换数据或初始条件）,中级,6,generated,原创短诊断题，用于知识点掌握与错因识别，不复制教材原题。,0.76
Q084,诊断题084,Question,数值分析,学习诊断与测评,比较等距节点和Chebyshev节点对高次插值振荡的影响。（变式3：更换数据或初始条件）,高级,6,generated,原创短诊断题，用于知识点掌握与错因识别，不复制教材原题。,0.76
Q085,诊断题085,Question,数值分析,学习诊断与测评,补全三阶均差表并指出节点顺序的作用。（变式3：更换数据或初始条件）,中级,6,generated,原创短诊断题，用于知识点掌握与错因识别，不复制教材原题。,0.76
Q086,诊断题086,Question,数值分析,学习诊断与测评,判断Hermite插值条件中缺少的是函数值还是导数值。（变式3：更换数据或初始条件）,中级,6,generated,原创短诊断题，用于知识点掌握与错因识别，不复制教材原题。,0.76
Q087,诊断题087,Question,数值分析,学习诊断与测评,区分自然样条和夹持样条的边界条件。（变式3：更换数据或初始条件）,高级,6,generated,原创短诊断题，用于知识点掌握与错因识别，不复制教材原题。,0.76
Q088,诊断题088,Question,数值分析,学习诊断与测评,说明正规方程为什么可能放大最小二乘问题病态性。（变式3：更换数据或初始条件）,中级,6,generated,原创短诊断题，用于知识点掌握与错因识别，不复制教材原题。,0.76
Q089,诊断题089,Question,数值分析,学习诊断与测评,围绕“Taylor公式”，设计一个小型数值情境，判断应使用的定义、公式或算法步骤，并说明理由。,高级,6,generated_usability_repair,原创诊断题，用于V1-A可用性修复，不复制教材题。,0.78
Q090,诊断题090,Question,数值分析,学习诊断与测评,给出“Taylor公式”的一个典型误用场景，判断错误来源并写出修正思路。,高级,6,generated_usability_repair,原创诊断题，用于V1-A可用性修复，不复制教材题。,0.78
Q091,诊断题091,Question,数值分析,学习诊断与测评,围绕“Taylor余项估计式”，设计一个小型数值情境，判断应使用的定义、公式或算法步骤，并说明理由。,高级,6,generated_usability_repair,原创诊断题，用于V1-A可用性修复，不复制教材题。,0.78
Q092,诊断题092,Question,数值分析,学习诊断与测评,给出“Taylor余项估计式”的一个典型误用场景，判断错误来源并写出修正思路。,高级,6,generated_usability_repair,原创诊断题，用于V1-A可用性修复，不复制教材题。,0.78
Q093,诊断题093,Question,数值分析,学习诊断与测评,围绕“极限”，设计一个小型数值情境，判断应使用的定义、公式或算法步骤，并说明理由。,中级,6,generated_usability_repair,原创诊断题，用于V1-A可用性修复，不复制教材题。,0.78
Q094,诊断题094,Question,数值分析,学习诊断与测评,给出“极限”的一个典型误用场景，判断错误来源并写出修正思路。,中级,6,generated_usability_repair,原创诊断题，用于V1-A可用性修复，不复制教材题。,0.78
Q095,诊断题095,Question,数值分析,学习诊断与测评,围绕“梯度（多元函数）”，设计一个小型数值情境，判断应使用的定义、公式或算法步骤，并说明理由。,中级,6,generated_usability_repair,原创诊断题，用于V1-A可用性修复，不复制教材题。,0.78
Q096,诊断题096,Question,数值分析,学习诊断与测评,给出“梯度（多元函数）”的一个典型误用场景，判断错误来源并写出修正思路。,中级,6,generated_usability_repair,原创诊断题，用于V1-A可用性修复，不复制教材题。,0.78
Q097,诊断题097,Question,数值分析,学习诊断与测评,围绕“积分”，设计一个小型数值情境，判断应使用的定义、公式或算法步骤，并说明理由。,中级,6,generated_usability_repair,原创诊断题，用于V1-A可用性修复，不复制教材题。,0.78
Q098,诊断题098,Question,数值分析,学习诊断与测评,给出“积分”的一个典型误用场景，判断错误来源并写出修正思路。,中级,6,generated_usability_repair,原创诊断题，用于V1-A可用性修复，不复制教材题。,0.78
Q099,诊断题099,Question,数值分析,学习诊断与测评,围绕“Lipschitz连续”，设计一个小型数值情境，判断应使用的定义、公式或算法步骤，并说明理由。,中级,6,generated_usability_repair,原创诊断题，用于V1-A可用性修复，不复制教材题。,0.78
Q100,诊断题100,Question,数值分析,学习诊断与测评,给出“Lipschitz连续”的一个典型误用场景，判断错误来源并写出修正思路。,中级,6,generated_usability_repair,原创诊断题，用于V1-A可用性修复，不复制教材题。,0.78
Q101,诊断题101,Question,数值分析,学习诊断与测评,围绕“渐近阶”，设计一个小型数值情境，判断应使用的定义、公式或算法步骤，并说明理由。,中级,6,generated_usability_repair,原创诊断题，用于V1-A可用性修复，不复制教材题。,0.78
Q102,诊断题102,Question,数值分析,学习诊断与测评,给出“渐近阶”的一个典型误用场景，判断错误来源并写出修正思路。,中级,6,generated_usability_repair,原创诊断题，用于V1-A可用性修复，不复制教材题。,0.78
Q103,诊断题103,Question,数值分析,学习诊断与测评,围绕“弱导数”，设计一个小型数值情境，判断应使用的定义、公式或算法步骤，并说明理由。,中级,6,generated_usability_repair,原创诊断题，用于V1-A可用性修复，不复制教材题。,0.78
Q104,诊断题104,Question,数值分析,学习诊断与测评,给出“弱导数”的一个典型误用场景，判断错误来源并写出修正思路。,中级,6,generated_usability_repair,原创诊断题，用于V1-A可用性修复，不复制教材题。,0.78
Q105,诊断题105,Question,数值分析,学习诊断与测评,围绕“连续性”，设计一个小型数值情境，判断应使用的定义、公式或算法步骤，并说明理由。,中级,6,generated_usability_repair,原创诊断题，用于V1-A可用性修复，不复制教材题。,0.78
Q106,诊断题106,Question,数值分析,学习诊断与测评,给出“连续性”的一个典型误用场景，判断错误来源并写出修正思路。,中级,6,generated_usability_repair,原创诊断题，用于V1-A可用性修复，不复制教材题。,0.78
Q107,诊断题107,Question,数值分析,学习诊断与测评,围绕“导数”，设计一个小型数值情境，判断应使用的定义、公式或算法步骤，并说明理由。,中级,6,generated_usability_repair,原创诊断题，用于V1-A可用性修复，不复制教材题。,0.78
Q108,诊断题108,Question,数值分析,学习诊断与测评,给出“导数”的一个典型误用场景，判断错误来源并写出修正思路。,中级,6,generated_usability_repair,原创诊断题，用于V1-A可用性修复，不复制教材题。,0.78
Q109,诊断题109,Question,数值分析,学习诊断与测评,围绕“偏导数”，设计一个小型数值情境，判断应使用的定义、公式或算法步骤，并说明理由。,中级,6,generated_usability_repair,原创诊断题，用于V1-A可用性修复，不复制教材题。,0.78
Q110,诊断题110,Question,数值分析,学习诊断与测评,给出“偏导数”的一个典型误用场景，判断错误来源并写出修正思路。,中级,6,generated_usability_repair,原创诊断题，用于V1-A可用性修复，不复制教材题。,0.78
Q111,诊断题111,Question,数值分析,学习诊断与测评,围绕“Hessian矩阵（多元函数）”，设计一个小型数值情境，判断应使用的定义、公式或算法步骤，并说明理由。,中级,6,generated_usability_repair,原创诊断题，用于V1-A可用性修复，不复制教材题。,0.78
Q112,诊断题112,Question,数值分析,学习诊断与测评,给出“Hessian矩阵（多元函数）”的一个典型误用场景，判断错误来源并写出修正思路。,中级,6,generated_usability_repair,原创诊断题，用于V1-A可用性修复，不复制教材题。,0.78
Q113,诊断题113,Question,数值分析,学习诊断与测评,围绕“向量范数等价定理”，设计一个小型数值情境，判断应使用的定义、公式或算法步骤，并说明理由。,高级,6,generated_usability_repair,原创诊断题，用于V1-A可用性修复，不复制教材题。,0.78
Q114,诊断题114,Question,数值分析,学习诊断与测评,给出“向量范数等价定理”的一个典型误用场景，判断错误来源并写出修正思路。,高级,6,generated_usability_repair,原创诊断题，用于V1-A可用性修复，不复制教材题。,0.78
Q115,诊断题115,Question,数值分析,学习诊断与测评,围绕“向量”，设计一个小型数值情境，判断应使用的定义、公式或算法步骤，并说明理由。,中级,6,generated_usability_repair,原创诊断题，用于V1-A可用性修复，不复制教材题。,0.78
Q116,诊断题116,Question,数值分析,学习诊断与测评,给出“向量”的一个典型误用场景，判断错误来源并写出修正思路。,中级,6,generated_usability_repair,原创诊断题，用于V1-A可用性修复，不复制教材题。,0.78
Q117,诊断题117,Question,数值分析,学习诊断与测评,围绕“矩阵秩”，设计一个小型数值情境，判断应使用的定义、公式或算法步骤，并说明理由。,中级,6,generated_usability_repair,原创诊断题，用于V1-A可用性修复，不复制教材题。,0.78
Q118,诊断题118,Question,数值分析,学习诊断与测评,给出“矩阵秩”的一个典型误用场景，判断错误来源并写出修正思路。,中级,6,generated_usability_repair,原创诊断题，用于V1-A可用性修复，不复制教材题。,0.78
Q119,诊断题119,Question,数值分析,学习诊断与测评,围绕“对角占优矩阵”，设计一个小型数值情境，判断应使用的定义、公式或算法步骤，并说明理由。,中级,6,generated_usability_repair,原创诊断题，用于V1-A可用性修复，不复制教材题。,0.78
Q120,诊断题120,Question,数值分析,学习诊断与测评,给出“对角占优矩阵”的一个典型误用场景，判断错误来源并写出修正思路。,中级,6,generated_usability_repair,原创诊断题，用于V1-A可用性修复，不复制教材题。,0.78
Q121,诊断题121,Question,数值分析,学习诊断与测评,围绕“谱半径”，设计一个小型数值情境，判断应使用的定义、公式或算法步骤，并说明理由。,中级,6,generated_usability_repair,原创诊断题，用于V1-A可用性修复，不复制教材题。,0.78
Q122,诊断题122,Question,数值分析,学习诊断与测评,给出“谱半径”的一个典型误用场景，判断错误来源并写出修正思路。,中级,6,generated_usability_repair,原创诊断题，用于V1-A可用性修复，不复制教材题。,0.78
Q123,诊断题123,Question,数值分析,学习诊断与测评,围绕“奇异值”，设计一个小型数值情境，判断应使用的定义、公式或算法步骤，并说明理由。,中级,6,generated_usability_repair,原创诊断题，用于V1-A可用性修复，不复制教材题。,0.78
Q124,诊断题124,Question,数值分析,学习诊断与测评,给出“奇异值”的一个典型误用场景，判断错误来源并写出修正思路。,中级,6,generated_usability_repair,原创诊断题，用于V1-A可用性修复，不复制教材题。,0.78
Q125,诊断题125,Question,数值分析,学习诊断与测评,围绕“子空间”，设计一个小型数值情境，判断应使用的定义、公式或算法步骤，并说明理由。,中级,6,generated_usability_repair,原创诊断题，用于V1-A可用性修复，不复制教材题。,0.78
Q126,诊断题126,Question,数值分析,学习诊断与测评,给出“子空间”的一个典型误用场景，判断错误来源并写出修正思路。,中级,6,generated_usability_repair,原创诊断题，用于V1-A可用性修复，不复制教材题。,0.78
Q127,诊断题127,Question,数值分析,学习诊断与测评,围绕“LU分解”，设计一个小型数值情境，判断应使用的定义、公式或算法步骤，并说明理由。,中级,6,generated_usability_repair,原创诊断题，用于V1-A可用性修复，不复制教材题。,0.78
Q128,诊断题128,Question,数值分析,学习诊断与测评,给出“LU分解”的一个典型误用场景，判断错误来源并写出修正思路。,中级,6,generated_usability_repair,原创诊断题，用于V1-A可用性修复，不复制教材题。,0.78
Q129,诊断题129,Question,数值分析,学习诊断与测评,围绕“Givens变换”，设计一个小型数值情境，判断应使用的定义、公式或算法步骤，并说明理由。,中级,6,generated_usability_repair,原创诊断题，用于V1-A可用性修复，不复制教材题。,0.78
Q130,诊断题130,Question,数值分析,学习诊断与测评,给出“Givens变换”的一个典型误用场景，判断错误来源并写出修正思路。,中级,6,generated_usability_repair,原创诊断题，用于V1-A可用性修复，不复制教材题。,0.78
Q131,诊断题131,Question,数值分析,学习诊断与测评,围绕“三对角矩阵”，设计一个小型数值情境，判断应使用的定义、公式或算法步骤，并说明理由。,中级,6,generated_usability_repair,原创诊断题，用于V1-A可用性修复，不复制教材题。,0.78
Q132,诊断题132,Question,数值分析,学习诊断与测评,给出“三对角矩阵”的一个典型误用场景，判断错误来源并写出修正思路。,中级,6,generated_usability_repair,原创诊断题，用于V1-A可用性修复，不复制教材题。,0.78
Q133,诊断题133,Question,数值分析,学习诊断与测评,围绕“矩阵”，设计一个小型数值情境，判断应使用的定义、公式或算法步骤，并说明理由。,中级,6,generated_usability_repair,原创诊断题，用于V1-A可用性修复，不复制教材题。,0.78
Q134,诊断题134,Question,数值分析,学习诊断与测评,给出“矩阵”的一个典型误用场景，判断错误来源并写出修正思路。,中级,6,generated_usability_repair,原创诊断题，用于V1-A可用性修复，不复制教材题。,0.78
Q135,诊断题135,Question,数值分析,学习诊断与测评,围绕“线性方程组（基础）”，设计一个小型数值情境，判断应使用的定义、公式或算法步骤，并说明理由。,中级,6,generated_usability_repair,原创诊断题，用于V1-A可用性修复，不复制教材题。,0.78
Q136,诊断题136,Question,数值分析,学习诊断与测评,给出“线性方程组（基础）”的一个典型误用场景，判断错误来源并写出修正思路。,中级,6,generated_usability_repair,原创诊断题，用于V1-A可用性修复，不复制教材题。,0.78
Q137,诊断题137,Question,数值分析,学习诊断与测评,围绕“浮点数表示”，设计一个小型数值情境，判断应使用的定义、公式或算法步骤，并说明理由。,中级,6,generated_usability_repair,原创诊断题，用于V1-A可用性修复，不复制教材题。,0.78
Q138,诊断题138,Question,数值分析,学习诊断与测评,给出“浮点数表示”的一个典型误用场景，判断错误来源并写出修正思路。,中级,6,generated_usability_repair,原创诊断题，用于V1-A可用性修复，不复制教材题。,0.78
Q139,诊断题139,Question,数值分析,学习诊断与测评,围绕“MATLAB矩阵语法”，设计一个小型数值情境，判断应使用的定义、公式或算法步骤，并说明理由。,中级,6,generated_usability_repair,原创诊断题，用于V1-A可用性修复，不复制教材题。,0.78
Q140,诊断题140,Question,数值分析,学习诊断与测评,给出“MATLAB矩阵语法”的一个典型误用场景，判断错误来源并写出修正思路。,中级,6,generated_usability_repair,原创诊断题，用于V1-A可用性修复，不复制教材题。,0.78
Q141,诊断题141,Question,数值分析,学习诊断与测评,围绕“数值容差”，设计一个小型数值情境，判断应使用的定义、公式或算法步骤，并说明理由。,中级,6,generated_usability_repair,原创诊断题，用于V1-A可用性修复，不复制教材题。,0.78
Q142,诊断题142,Question,数值分析,学习诊断与测评,给出“数值容差”的一个典型误用场景，判断错误来源并写出修正思路。,中级,6,generated_usability_repair,原创诊断题，用于V1-A可用性修复，不复制教材题。,0.78
Q143,诊断题143,Question,数值分析,学习诊断与测评,围绕“单元测试”，设计一个小型数值情境，判断应使用的定义、公式或算法步骤，并说明理由。,中级,6,generated_usability_repair,原创诊断题，用于V1-A可用性修复，不复制教材题。,0.78
Q144,诊断题144,Question,数值分析,学习诊断与测评,给出“单元测试”的一个典型误用场景，判断错误来源并写出修正思路。,中级,6,generated_usability_repair,原创诊断题，用于V1-A可用性修复，不复制教材题。,0.78
Q145,诊断题145,Question,数值分析,学习诊断与测评,围绕“数据类型转换”，设计一个小型数值情境，判断应使用的定义、公式或算法步骤，并说明理由。,中级,6,generated_usability_repair,原创诊断题，用于V1-A可用性修复，不复制教材题。,0.78
Q146,诊断题146,Question,数值分析,学习诊断与测评,给出“数据类型转换”的一个典型误用场景，判断错误来源并写出修正思路。,中级,6,generated_usability_repair,原创诊断题，用于V1-A可用性修复，不复制教材题。,0.78
Q147,诊断题147,Question,数值分析,学习诊断与测评,围绕“数组与矩阵存储”，设计一个小型数值情境，判断应使用的定义、公式或算法步骤，并说明理由。,中级,6,generated_usability_repair,原创诊断题，用于V1-A可用性修复，不复制教材题。,0.78
Q148,诊断题148,Question,数值分析,学习诊断与测评,给出“数组与矩阵存储”的一个典型误用场景，判断错误来源并写出修正思路。,中级,6,generated_usability_repair,原创诊断题，用于V1-A可用性修复，不复制教材题。,0.78
Q149,诊断题149,Question,数值分析,学习诊断与测评,围绕“NumPy数组”，设计一个小型数值情境，判断应使用的定义、公式或算法步骤，并说明理由。,中级,6,generated_usability_repair,原创诊断题，用于V1-A可用性修复，不复制教材题。,0.78
Q150,诊断题150,Question,数值分析,学习诊断与测评,给出“NumPy数组”的一个典型误用场景，判断错误来源并写出修正思路。,中级,6,generated_usability_repair,原创诊断题，用于V1-A可用性修复，不复制教材题。,0.78
Q151,诊断题151,Question,数值分析,学习诊断与测评,围绕“SciPy求解器”，设计一个小型数值情境，判断应使用的定义、公式或算法步骤，并说明理由。,中级,6,generated_usability_repair,原创诊断题，用于V1-A可用性修复，不复制教材题。,0.78
Q152,诊断题152,Question,数值分析,学习诊断与测评,给出“SciPy求解器”的一个典型误用场景，判断错误来源并写出修正思路。,中级,6,generated_usability_repair,原创诊断题，用于V1-A可用性修复，不复制教材题。,0.78
Q153,诊断题153,Question,数值分析,学习诊断与测评,围绕“向量化计算”，设计一个小型数值情境，判断应使用的定义、公式或算法步骤，并说明理由。,中级,6,generated_usability_repair,原创诊断题，用于V1-A可用性修复，不复制教材题。,0.78
Q154,诊断题154,Question,数值分析,学习诊断与测评,给出“向量化计算”的一个典型误用场景，判断错误来源并写出修正思路。,中级,6,generated_usability_repair,原创诊断题，用于V1-A可用性修复，不复制教材题。,0.78
Q155,诊断题155,Question,数值分析,学习诊断与测评,围绕“函数句柄”，设计一个小型数值情境，判断应使用的定义、公式或算法步骤，并说明理由。,中级,6,generated_usability_repair,原创诊断题，用于V1-A可用性修复，不复制教材题。,0.78
Q156,诊断题156,Question,数值分析,学习诊断与测评,给出“函数句柄”的一个典型误用场景，判断错误来源并写出修正思路。,中级,6,generated_usability_repair,原创诊断题，用于V1-A可用性修复，不复制教材题。,0.78
Q157,诊断题157,Question,数值分析,学习诊断与测评,围绕“循环与条件”，设计一个小型数值情境，判断应使用的定义、公式或算法步骤，并说明理由。,中级,6,generated_usability_repair,原创诊断题，用于V1-A可用性修复，不复制教材题。,0.78
Q158,诊断题158,Question,数值分析,学习诊断与测评,给出“循环与条件”的一个典型误用场景，判断错误来源并写出修正思路。,中级,6,generated_usability_repair,原创诊断题，用于V1-A可用性修复，不复制教材题。,0.78
Q159,诊断题159,Question,数值分析,学习诊断与测评,围绕“异常处理”，设计一个小型数值情境，判断应使用的定义、公式或算法步骤，并说明理由。,中级,6,generated_usability_repair,原创诊断题，用于V1-A可用性修复，不复制教材题。,0.78
Q160,诊断题160,Question,数值分析,学习诊断与测评,给出“异常处理”的一个典型误用场景，判断错误来源并写出修正思路。,中级,6,generated_usability_repair,原创诊断题，用于V1-A可用性修复，不复制教材题。,0.78
Q161,诊断题161,Question,数值分析,学习诊断与测评,围绕“前向差分算法”，设计一个小型数值情境，判断应使用的定义、公式或算法步骤，并说明理由。,高级,6,generated_usability_repair,原创诊断题，用于V1-A可用性修复，不复制教材题。,0.78
Q162,诊断题162,Question,数值分析,学习诊断与测评,给出“前向差分算法”的一个典型误用场景，判断错误来源并写出修正思路。,高级,6,generated_usability_repair,原创诊断题，用于V1-A可用性修复，不复制教材题。,0.78
Q163,诊断题163,Question,数值分析,学习诊断与测评,围绕“后向差分算法”，设计一个小型数值情境，判断应使用的定义、公式或算法步骤，并说明理由。,高级,6,generated_usability_repair,原创诊断题，用于V1-A可用性修复，不复制教材题。,0.78
Q164,诊断题164,Question,数值分析,学习诊断与测评,给出“后向差分算法”的一个典型误用场景，判断错误来源并写出修正思路。,高级,6,generated_usability_repair,原创诊断题，用于V1-A可用性修复，不复制教材题。,0.78
Q165,诊断题165,Question,数值分析,学习诊断与测评,围绕“中心差分算法”，设计一个小型数值情境，判断应使用的定义、公式或算法步骤，并说明理由。,高级,6,generated_usability_repair,原创诊断题，用于V1-A可用性修复，不复制教材题。,0.78
Q166,诊断题166,Question,数值分析,学习诊断与测评,给出“中心差分算法”的一个典型误用场景，判断错误来源并写出修正思路。,高级,6,generated_usability_repair,原创诊断题，用于V1-A可用性修复，不复制教材题。,0.78
Q167,诊断题167,Question,数值分析,学习诊断与测评,围绕“Richardson外推微分法”，设计一个小型数值情境，判断应使用的定义、公式或算法步骤，并说明理由。,高级,6,generated_usability_repair,原创诊断题，用于V1-A可用性修复，不复制教材题。,0.78
Q168,诊断题168,Question,数值分析,学习诊断与测评,给出“Richardson外推微分法”的一个典型误用场景，判断错误来源并写出修正思路。,高级,6,generated_usability_repair,原创诊断题，用于V1-A可用性修复，不复制教材题。,0.78
Q169,诊断题169,Question,数值分析,学习诊断与测评,围绕“前向差分公式”，设计一个小型数值情境，判断应使用的定义、公式或算法步骤，并说明理由。,高级,6,generated_usability_repair,原创诊断题，用于V1-A可用性修复，不复制教材题。,0.78
Q170,诊断题170,Question,数值分析,学习诊断与测评,给出“前向差分公式”的一个典型误用场景，判断错误来源并写出修正思路。,高级,6,generated_usability_repair,原创诊断题，用于V1-A可用性修复，不复制教材题。,0.78
Q171,诊断题171,Question,数值分析,学习诊断与测评,围绕“后向差分公式”，设计一个小型数值情境，判断应使用的定义、公式或算法步骤，并说明理由。,高级,6,generated_usability_repair,原创诊断题，用于V1-A可用性修复，不复制教材题。,0.78
Q172,诊断题172,Question,数值分析,学习诊断与测评,给出“后向差分公式”的一个典型误用场景，判断错误来源并写出修正思路。,高级,6,generated_usability_repair,原创诊断题，用于V1-A可用性修复，不复制教材题。,0.78
Q173,诊断题173,Question,数值分析,学习诊断与测评,围绕“中心差分公式”，设计一个小型数值情境，判断应使用的定义、公式或算法步骤，并说明理由。,高级,6,generated_usability_repair,原创诊断题，用于V1-A可用性修复，不复制教材题。,0.78
Q174,诊断题174,Question,数值分析,学习诊断与测评,给出“中心差分公式”的一个典型误用场景，判断错误来源并写出修正思路。,高级,6,generated_usability_repair,原创诊断题，用于V1-A可用性修复，不复制教材题。,0.78
Q175,诊断题175,Question,数值分析,学习诊断与测评,围绕“二阶中心差分公式”，设计一个小型数值情境，判断应使用的定义、公式或算法步骤，并说明理由。,高级,6,generated_usability_repair,原创诊断题，用于V1-A可用性修复，不复制教材题。,0.78
Q176,诊断题176,Question,数值分析,学习诊断与测评,给出“二阶中心差分公式”的一个典型误用场景，判断错误来源并写出修正思路。,高级,6,generated_usability_repair,原创诊断题，用于V1-A可用性修复，不复制教材题。,0.78
Q177,诊断题177,Question,数值分析,学习诊断与测评,围绕“Richardson外推阶提升原理”，设计一个小型数值情境，判断应使用的定义、公式或算法步骤，并说明理由。,高级,6,generated_usability_repair,原创诊断题，用于V1-A可用性修复，不复制教材题。,0.78
Q178,诊断题178,Question,数值分析,学习诊断与测评,给出“Richardson外推阶提升原理”的一个典型误用场景，判断错误来源并写出修正思路。,高级,6,generated_usability_repair,原创诊断题，用于V1-A可用性修复，不复制教材题。,0.78
Q179,诊断题179,Question,数值分析,学习诊断与测评,围绕“数值微分问题”，设计一个小型数值情境，判断应使用的定义、公式或算法步骤，并说明理由。,中级,6,generated_usability_repair,原创诊断题，用于V1-A可用性修复，不复制教材题。,0.78
Q180,诊断题180,Question,数值分析,学习诊断与测评,给出“数值微分问题”的一个典型误用场景，判断错误来源并写出修正思路。,中级,6,generated_usability_repair,原创诊断题，用于V1-A可用性修复，不复制教材题。,0.78
Q181,诊断题181,Question,数值分析,学习诊断与测评,围绕“中心差分”，设计一个小型数值情境，判断应使用的定义、公式或算法步骤，并说明理由。,中级,6,generated_usability_repair,原创诊断题，用于V1-A可用性修复，不复制教材题。,0.78
Q182,诊断题182,Question,数值分析,学习诊断与测评,给出“中心差分”的一个典型误用场景，判断错误来源并写出修正思路。,中级,6,generated_usability_repair,原创诊断题，用于V1-A可用性修复，不复制教材题。,0.78
Q183,诊断题183,Question,数值分析,学习诊断与测评,围绕“Richardson外推”，设计一个小型数值情境，判断应使用的定义、公式或算法步骤，并说明理由。,中级,6,generated_usability_repair,原创诊断题，用于V1-A可用性修复，不复制教材题。,0.78
Q184,诊断题184,Question,数值分析,学习诊断与测评,给出“Richardson外推”的一个典型误用场景，判断错误来源并写出修正思路。,中级,6,generated_usability_repair,原创诊断题，用于V1-A可用性修复，不复制教材题。,0.78
Q185,诊断题185,Question,数值分析,学习诊断与测评,围绕“打靶法”，设计一个小型数值情境，判断应使用的定义、公式或算法步骤，并说明理由。,高级,6,generated_usability_repair,原创诊断题，用于V1-A可用性修复，不复制教材题。,0.78
Q186,诊断题186,Question,数值分析,学习诊断与测评,给出“打靶法”的一个典型误用场景，判断错误来源并写出修正思路。,高级,6,generated_usability_repair,原创诊断题，用于V1-A可用性修复，不复制教材题。,0.78
Q187,诊断题187,Question,数值分析,学习诊断与测评,围绕“多重打靶法”，设计一个小型数值情境，判断应使用的定义、公式或算法步骤，并说明理由。,高级,6,generated_usability_repair,原创诊断题，用于V1-A可用性修复，不复制教材题。,0.78
Q188,诊断题188,Question,数值分析,学习诊断与测评,给出“多重打靶法”的一个典型误用场景，判断错误来源并写出修正思路。,高级,6,generated_usability_repair,原创诊断题，用于V1-A可用性修复，不复制教材题。,0.78
Q189,诊断题189,Question,数值分析,学习诊断与测评,围绕“边值问题差分法”，设计一个小型数值情境，判断应使用的定义、公式或算法步骤，并说明理由。,高级,6,generated_usability_repair,原创诊断题，用于V1-A可用性修复，不复制教材题。,0.78
Q190,诊断题190,Question,数值分析,学习诊断与测评,给出“边值问题差分法”的一个典型误用场景，判断错误来源并写出修正思路。,高级,6,generated_usability_repair,原创诊断题，用于V1-A可用性修复，不复制教材题。,0.78
Q191,诊断题191,Question,数值分析,学习诊断与测评,围绕“一维有限元法（边值问题）”，设计一个小型数值情境，判断应使用的定义、公式或算法步骤，并说明理由。,高级,6,generated_usability_repair,原创诊断题，用于V1-A可用性修复，不复制教材题。,0.78
Q192,诊断题192,Question,数值分析,学习诊断与测评,给出“一维有限元法（边值问题）”的一个典型误用场景，判断错误来源并写出修正思路。,高级,6,generated_usability_repair,原创诊断题，用于V1-A可用性修复，不复制教材题。,0.78
Q193,诊断题193,Question,数值分析,学习诊断与测评,围绕“差分边值离散公式”，设计一个小型数值情境，判断应使用的定义、公式或算法步骤，并说明理由。,高级,6,generated_usability_repair,原创诊断题，用于V1-A可用性修复，不复制教材题。,0.78
Q194,诊断题194,Question,数值分析,学习诊断与测评,给出“差分边值离散公式”的一个典型误用场景，判断错误来源并写出修正思路。,高级,6,generated_usability_repair,原创诊断题，用于V1-A可用性修复，不复制教材题。,0.78
Q195,诊断题195,Question,数值分析,学习诊断与测评,围绕“有限元刚度矩阵公式”，设计一个小型数值情境，判断应使用的定义、公式或算法步骤，并说明理由。,高级,6,generated_usability_repair,原创诊断题，用于V1-A可用性修复，不复制教材题。,0.78
Q196,诊断题196,Question,数值分析,学习诊断与测评,给出“有限元刚度矩阵公式”的一个典型误用场景，判断错误来源并写出修正思路。,高级,6,generated_usability_repair,原创诊断题，用于V1-A可用性修复，不复制教材题。,0.78
Q197,诊断题197,Question,数值分析,学习诊断与测评,围绕“边值问题”，设计一个小型数值情境，判断应使用的定义、公式或算法步骤，并说明理由。,中级,6,generated_usability_repair,原创诊断题，用于V1-A可用性修复，不复制教材题。,0.78
Q198,诊断题198,Question,数值分析,学习诊断与测评,给出“边值问题”的一个典型误用场景，判断错误来源并写出修正思路。,中级,6,generated_usability_repair,原创诊断题，用于V1-A可用性修复，不复制教材题。,0.78
Q199,诊断题199,Question,数值分析,学习诊断与测评,围绕“边值差分离散”，设计一个小型数值情境，判断应使用的定义、公式或算法步骤，并说明理由。,中级,6,generated_usability_repair,原创诊断题，用于V1-A可用性修复，不复制教材题。,0.78
Q200,诊断题200,Question,数值分析,学习诊断与测评,给出“边值差分离散”的一个典型误用场景，判断错误来源并写出修正思路。,中级,6,generated_usability_repair,原创诊断题，用于V1-A可用性修复，不复制教材题。,0.78
Q201,诊断题201,Question,数值分析,学习诊断与测评,围绕“边值有限元弱形式”，设计一个小型数值情境，判断应使用的定义、公式或算法步骤，并说明理由。,中级,6,generated_usability_repair,原创诊断题，用于V1-A可用性修复，不复制教材题。,0.78
Q202,诊断题202,Question,数值分析,学习诊断与测评,给出“边值有限元弱形式”的一个典型误用场景，判断错误来源并写出修正思路。,中级,6,generated_usability_repair,原创诊断题，用于V1-A可用性修复，不复制教材题。,0.78
Q203,诊断题203,Question,数值分析,学习诊断与测评,围绕“刚度矩阵”，设计一个小型数值情境，判断应使用的定义、公式或算法步骤，并说明理由。,中级,6,generated_usability_repair,原创诊断题，用于V1-A可用性修复，不复制教材题。,0.78
Q204,诊断题204,Question,数值分析,学习诊断与测评,给出“刚度矩阵”的一个典型误用场景，判断错误来源并写出修正思路。,中级,6,generated_usability_repair,原创诊断题，用于V1-A可用性修复，不复制教材题。,0.78
Q205,诊断题205,Question,数值分析,学习诊断与测评,围绕“混合边界条件”，设计一个小型数值情境，判断应使用的定义、公式或算法步骤，并说明理由。,中级,6,generated_usability_repair,原创诊断题，用于V1-A可用性修复，不复制教材题。,0.78
Q206,诊断题206,Question,数值分析,学习诊断与测评,给出“混合边界条件”的一个典型误用场景，判断错误来源并写出修正思路。,中级,6,generated_usability_repair,原创诊断题，用于V1-A可用性修复，不复制教材题。,0.78
Q207,诊断题207,Question,数值分析,学习诊断与测评,围绕“两点边值问题”，设计一个小型数值情境，判断应使用的定义、公式或算法步骤，并说明理由。,中级,6,generated_usability_repair,原创诊断题，用于V1-A可用性修复，不复制教材题。,0.78
Q208,诊断题208,Question,数值分析,学习诊断与测评,给出“两点边值问题”的一个典型误用场景，判断错误来源并写出修正思路。,中级,6,generated_usability_repair,原创诊断题，用于V1-A可用性修复，不复制教材题。,0.78
Q209,诊断题209,Question,数值分析,学习诊断与测评,围绕“幂法”，设计一个小型数值情境，判断应使用的定义、公式或算法步骤，并说明理由。,高级,6,generated_usability_repair,原创诊断题，用于V1-A可用性修复，不复制教材题。,0.78
Q210,诊断题210,Question,数值分析,学习诊断与测评,给出“幂法”的一个典型误用场景，判断错误来源并写出修正思路。,高级,6,generated_usability_repair,原创诊断题，用于V1-A可用性修复，不复制教材题。,0.78
Q211,诊断题211,Question,数值分析,学习诊断与测评,围绕“反幂法”，设计一个小型数值情境，判断应使用的定义、公式或算法步骤，并说明理由。,高级,6,generated_usability_repair,原创诊断题，用于V1-A可用性修复，不复制教材题。,0.78
Q212,诊断题212,Question,数值分析,学习诊断与测评,给出“反幂法”的一个典型误用场景，判断错误来源并写出修正思路。,高级,6,generated_usability_repair,原创诊断题，用于V1-A可用性修复，不复制教材题。,0.78
Q213,诊断题213,Question,数值分析,学习诊断与测评,围绕“Rayleigh商迭代法”，设计一个小型数值情境，判断应使用的定义、公式或算法步骤，并说明理由。,高级,6,generated_usability_repair,原创诊断题，用于V1-A可用性修复，不复制教材题。,0.78
Q214,诊断题214,Question,数值分析,学习诊断与测评,给出“Rayleigh商迭代法”的一个典型误用场景，判断错误来源并写出修正思路。,高级,6,generated_usability_repair,原创诊断题，用于V1-A可用性修复，不复制教材题。,0.78
Q215,诊断题215,Question,数值分析,学习诊断与测评,围绕“QR特征值算法”，设计一个小型数值情境，判断应使用的定义、公式或算法步骤，并说明理由。,高级,6,generated_usability_repair,原创诊断题，用于V1-A可用性修复，不复制教材题。,0.78
Q216,诊断题216,Question,数值分析,学习诊断与测评,给出“QR特征值算法”的一个典型误用场景，判断错误来源并写出修正思路。,高级,6,generated_usability_repair,原创诊断题，用于V1-A可用性修复，不复制教材题。,0.78
Q217,诊断题217,Question,数值分析,学习诊断与测评,围绕“Jacobi特征值算法”，设计一个小型数值情境，判断应使用的定义、公式或算法步骤，并说明理由。,高级,6,generated_usability_repair,原创诊断题，用于V1-A可用性修复，不复制教材题。,0.78
Q218,诊断题218,Question,数值分析,学习诊断与测评,给出“Jacobi特征值算法”的一个典型误用场景，判断错误来源并写出修正思路。,高级,6,generated_usability_repair,原创诊断题，用于V1-A可用性修复，不复制教材题。,0.78
Q219,诊断题219,Question,数值分析,学习诊断与测评,围绕“Lanczos算法”，设计一个小型数值情境，判断应使用的定义、公式或算法步骤，并说明理由。,高级,6,generated_usability_repair,原创诊断题，用于V1-A可用性修复，不复制教材题。,0.78
Q220,诊断题220,Question,数值分析,学习诊断与测评,给出“Lanczos算法”的一个典型误用场景，判断错误来源并写出修正思路。,高级,6,generated_usability_repair,原创诊断题，用于V1-A可用性修复，不复制教材题。,0.78
Q221,诊断题221,Question,数值分析,学习诊断与测评,围绕“Arnoldi算法”，设计一个小型数值情境，判断应使用的定义、公式或算法步骤，并说明理由。,高级,6,generated_usability_repair,原创诊断题，用于V1-A可用性修复，不复制教材题。,0.78
Q222,诊断题222,Question,数值分析,学习诊断与测评,给出“Arnoldi算法”的一个典型误用场景，判断错误来源并写出修正思路。,高级,6,generated_usability_repair,原创诊断题，用于V1-A可用性修复，不复制教材题。,0.78
Q223,诊断题223,Question,数值分析,学习诊断与测评,围绕“幂法迭代公式”，设计一个小型数值情境，判断应使用的定义、公式或算法步骤，并说明理由。,高级,6,generated_usability_repair,原创诊断题，用于V1-A可用性修复，不复制教材题。,0.78
Q224,诊断题224,Question,数值分析,学习诊断与测评,给出“幂法迭代公式”的一个典型误用场景，判断错误来源并写出修正思路。,高级,6,generated_usability_repair,原创诊断题，用于V1-A可用性修复，不复制教材题。,0.78
Q225,诊断题225,Question,数值分析,学习诊断与测评,围绕“Rayleigh商公式”，设计一个小型数值情境，判断应使用的定义、公式或算法步骤，并说明理由。,高级,6,generated_usability_repair,原创诊断题，用于V1-A可用性修复，不复制教材题。,0.78
Q226,诊断题226,Question,数值分析,学习诊断与测评,给出“Rayleigh商公式”的一个典型误用场景，判断错误来源并写出修正思路。,高级,6,generated_usability_repair,原创诊断题，用于V1-A可用性修复，不复制教材题。,0.78
Q227,诊断题227,Question,数值分析,学习诊断与测评,围绕“QR迭代公式”，设计一个小型数值情境，判断应使用的定义、公式或算法步骤，并说明理由。,高级,6,generated_usability_repair,原创诊断题，用于V1-A可用性修复，不复制教材题。,0.78
Q228,诊断题228,Question,数值分析,学习诊断与测评,给出“QR迭代公式”的一个典型误用场景，判断错误来源并写出修正思路。,高级,6,generated_usability_repair,原创诊断题，用于V1-A可用性修复，不复制教材题。,0.78
Q229,诊断题229,Question,数值分析,学习诊断与测评,围绕“SVD分解式”，设计一个小型数值情境，判断应使用的定义、公式或算法步骤，并说明理由。,高级,6,generated_usability_repair,原创诊断题，用于V1-A可用性修复，不复制教材题。,0.78
Q230,诊断题230,Question,数值分析,学习诊断与测评,给出“SVD分解式”的一个典型误用场景，判断错误来源并写出修正思路。,高级,6,generated_usability_repair,原创诊断题，用于V1-A可用性修复，不复制教材题。,0.78
Q231,诊断题231,Question,数值分析,学习诊断与测评,围绕“Gershgorin圆盘定理”，设计一个小型数值情境，判断应使用的定义、公式或算法步骤，并说明理由。,高级,6,generated_usability_repair,原创诊断题，用于V1-A可用性修复，不复制教材题。,0.78
Q232,诊断题232,Question,数值分析,学习诊断与测评,给出“Gershgorin圆盘定理”的一个典型误用场景，判断错误来源并写出修正思路。,高级,6,generated_usability_repair,原创诊断题，用于V1-A可用性修复，不复制教材题。,0.78
Q233,诊断题233,Question,数值分析,学习诊断与测评,围绕“Python实现规范”，设计一个小型数值情境，判断应使用的定义、公式或算法步骤，并说明理由。,中级,6,generated_usability_repair,原创诊断题，用于V1-A可用性修复，不复制教材题。,0.78
Q234,诊断题234,Question,数值分析,学习诊断与测评,给出“Python实现规范”的一个典型误用场景，判断错误来源并写出修正思路。,中级,6,generated_usability_repair,原创诊断题，用于V1-A可用性修复，不复制教材题。,0.78
Q235,诊断题235,Question,数值分析,学习诊断与测评,围绕“SciPy integrate接口”，设计一个小型数值情境，判断应使用的定义、公式或算法步骤，并说明理由。,中级,6,generated_usability_repair,原创诊断题，用于V1-A可用性修复，不复制教材题。,0.78
Q236,诊断题236,Question,数值分析,学习诊断与测评,给出“SciPy integrate接口”的一个典型误用场景，判断错误来源并写出修正思路。,中级,6,generated_usability_repair,原创诊断题，用于V1-A可用性修复，不复制教材题。,0.78
Q237,诊断题237,Question,数值分析,学习诊断与测评,围绕“MATLAB eig”，设计一个小型数值情境，判断应使用的定义、公式或算法步骤，并说明理由。,中级,6,generated_usability_repair,原创诊断题，用于V1-A可用性修复，不复制教材题。,0.78
Q238,诊断题238,Question,数值分析,学习诊断与测评,给出“MATLAB eig”的一个典型误用场景，判断错误来源并写出修正思路。,中级,6,generated_usability_repair,原创诊断题，用于V1-A可用性修复，不复制教材题。,0.78
Q239,诊断题239,Question,数值分析,学习诊断与测评,围绕“容差参数”，设计一个小型数值情境，判断应使用的定义、公式或算法步骤，并说明理由。,中级,6,generated_usability_repair,原创诊断题，用于V1-A可用性修复，不复制教材题。,0.78
Q240,诊断题240,Question,数值分析,学习诊断与测评,给出“容差参数”的一个典型误用场景，判断错误来源并写出修正思路。,中级,6,generated_usability_repair,原创诊断题，用于V1-A可用性修复，不复制教材题。,0.78
Q241,诊断题241,Question,数值分析,学习诊断与测评,围绕“Notebook记录”，设计一个小型数值情境，判断应使用的定义、公式或算法步骤，并说明理由。,中级,6,generated_usability_repair,原创诊断题，用于V1-A可用性修复，不复制教材题。,0.78
Q242,诊断题242,Question,数值分析,学习诊断与测评,给出“Notebook记录”的一个典型误用场景，判断错误来源并写出修正思路。,中级,6,generated_usability_repair,原创诊断题，用于V1-A可用性修复，不复制教材题。,0.78
Q243,诊断题243,Question,数值分析,学习诊断与测评,围绕“MATLAB实现规范”，设计一个小型数值情境，判断应使用的定义、公式或算法步骤，并说明理由。,中级,6,generated_usability_repair,原创诊断题，用于V1-A可用性修复，不复制教材题。,0.78
Q244,诊断题244,Question,数值分析,学习诊断与测评,给出“MATLAB实现规范”的一个典型误用场景，判断错误来源并写出修正思路。,中级,6,generated_usability_repair,原创诊断题，用于V1-A可用性修复，不复制教材题。,0.78
Q245,诊断题245,Question,数值分析,学习诊断与测评,围绕“NumPy线性代数”，设计一个小型数值情境，判断应使用的定义、公式或算法步骤，并说明理由。,中级,6,generated_usability_repair,原创诊断题，用于V1-A可用性修复，不复制教材题。,0.78
Q246,诊断题246,Question,数值分析,学习诊断与测评,给出“NumPy线性代数”的一个典型误用场景，判断错误来源并写出修正思路。,中级,6,generated_usability_repair,原创诊断题，用于V1-A可用性修复，不复制教材题。,0.78
Q247,诊断题247,Question,数值分析,学习诊断与测评,围绕“SciPy optimize接口”，设计一个小型数值情境，判断应使用的定义、公式或算法步骤，并说明理由。,中级,6,generated_usability_repair,原创诊断题，用于V1-A可用性修复，不复制教材题。,0.78
Q248,诊断题248,Question,数值分析,学习诊断与测评,给出“SciPy optimize接口”的一个典型误用场景，判断错误来源并写出修正思路。,中级,6,generated_usability_repair,原创诊断题，用于V1-A可用性修复，不复制教材题。,0.78
Q249,诊断题249,Question,数值分析,学习诊断与测评,围绕“SciPy sparse接口”，设计一个小型数值情境，判断应使用的定义、公式或算法步骤，并说明理由。,中级,6,generated_usability_repair,原创诊断题，用于V1-A可用性修复，不复制教材题。,0.78
Q250,诊断题250,Question,数值分析,学习诊断与测评,给出“SciPy sparse接口”的一个典型误用场景，判断错误来源并写出修正思路。,中级,6,generated_usability_repair,原创诊断题，用于V1-A可用性修复，不复制教材题。,0.78
Q251,诊断题251,Question,数值分析,学习诊断与测评,围绕“MATLAB ode45”，设计一个小型数值情境，判断应使用的定义、公式或算法步骤，并说明理由。,中级,6,generated_usability_repair,原创诊断题，用于V1-A可用性修复，不复制教材题。,0.78
Q252,诊断题252,Question,数值分析,学习诊断与测评,给出“MATLAB ode45”的一个典型误用场景，判断错误来源并写出修正思路。,中级,6,generated_usability_repair,原创诊断题，用于V1-A可用性修复，不复制教材题。,0.78
Q253,诊断题253,Question,数值分析,学习诊断与测评,围绕“MATLAB fsolve”，设计一个小型数值情境，判断应使用的定义、公式或算法步骤，并说明理由。,中级,6,generated_usability_repair,原创诊断题，用于V1-A可用性修复，不复制教材题。,0.78
Q254,诊断题254,Question,数值分析,学习诊断与测评,给出“MATLAB fsolve”的一个典型误用场景，判断错误来源并写出修正思路。,中级,6,generated_usability_repair,原创诊断题，用于V1-A可用性修复，不复制教材题。,0.78
Q255,诊断题255,Question,数值分析,学习诊断与测评,围绕“MATLAB sparse”，设计一个小型数值情境，判断应使用的定义、公式或算法步骤，并说明理由。,中级,6,generated_usability_repair,原创诊断题，用于V1-A可用性修复，不复制教材题。,0.78
Q256,诊断题256,Question,数值分析,学习诊断与测评,给出“MATLAB sparse”的一个典型误用场景，判断错误来源并写出修正思路。,中级,6,generated_usability_repair,原创诊断题，用于V1-A可用性修复，不复制教材题。,0.78
Q257,诊断题257,Question,数值分析,学习诊断与测评,围绕“科学计算流程”，设计一个小型数值情境，判断应使用的定义、公式或算法步骤，并说明理由。,中级,6,generated_usability_repair,原创诊断题，用于V1-A可用性修复，不复制教材题。,0.78
Q258,诊断题258,Question,数值分析,学习诊断与测评,给出“科学计算流程”的一个典型误用场景，判断错误来源并写出修正思路。,中级,6,generated_usability_repair,原创诊断题，用于V1-A可用性修复，不复制教材题。,0.78
Q259,诊断题259,Question,数值分析,学习诊断与测评,围绕“复杂度分析”，设计一个小型数值情境，判断应使用的定义、公式或算法步骤，并说明理由。,中级,6,generated_usability_repair,原创诊断题，用于V1-A可用性修复，不复制教材题。,0.78
Q260,诊断题260,Question,数值分析,学习诊断与测评,给出“复杂度分析”的一个典型误用场景，判断错误来源并写出修正思路。,中级,6,generated_usability_repair,原创诊断题，用于V1-A可用性修复，不复制教材题。,0.78
Q261,诊断题261,Question,数值分析,学习诊断与测评,围绕“稀疏计算”，设计一个小型数值情境，判断应使用的定义、公式或算法步骤，并说明理由。,中级,6,generated_usability_repair,原创诊断题，用于V1-A可用性修复，不复制教材题。,0.78
Q262,诊断题262,Question,数值分析,学习诊断与测评,给出“稀疏计算”的一个典型误用场景，判断错误来源并写出修正思路。,中级,6,generated_usability_repair,原创诊断题，用于V1-A可用性修复，不复制教材题。,0.78
Q263,诊断题263,Question,数值分析,学习诊断与测评,围绕“结果验证”，设计一个小型数值情境，判断应使用的定义、公式或算法步骤，并说明理由。,中级,6,generated_usability_repair,原创诊断题，用于V1-A可用性修复，不复制教材题。,0.78
Q264,诊断题264,Question,数值分析,学习诊断与测评,给出“结果验证”的一个典型误用场景，判断错误来源并写出修正思路。,中级,6,generated_usability_repair,原创诊断题，用于V1-A可用性修复，不复制教材题。,0.78
Q265,诊断题265,Question,数值分析,学习诊断与测评,围绕“数据清洗”，设计一个小型数值情境，判断应使用的定义、公式或算法步骤，并说明理由。,中级,6,generated_usability_repair,原创诊断题，用于V1-A可用性修复，不复制教材题。,0.78
Q266,诊断题266,Question,数值分析,学习诊断与测评,给出“数据清洗”的一个典型误用场景，判断错误来源并写出修正思路。,中级,6,generated_usability_repair,原创诊断题，用于V1-A可用性修复，不复制教材题。,0.78
Q267,诊断题267,Question,数值分析,学习诊断与测评,围绕“问题建模”，设计一个小型数值情境，判断应使用的定义、公式或算法步骤，并说明理由。,中级,6,generated_usability_repair,原创诊断题，用于V1-A可用性修复，不复制教材题。,0.78
Q268,诊断题268,Question,数值分析,学习诊断与测评,给出“问题建模”的一个典型误用场景，判断错误来源并写出修正思路。,中级,6,generated_usability_repair,原创诊断题，用于V1-A可用性修复，不复制教材题。,0.78
Q269,诊断题269,Question,数值分析,学习诊断与测评,围绕“算法选择”，设计一个小型数值情境，判断应使用的定义、公式或算法步骤，并说明理由。,中级,6,generated_usability_repair,原创诊断题，用于V1-A可用性修复，不复制教材题。,0.78
Q270,诊断题270,Question,数值分析,学习诊断与测评,给出“算法选择”的一个典型误用场景，判断错误来源并写出修正思路。,中级,6,generated_usability_repair,原创诊断题，用于V1-A可用性修复，不复制教材题。,0.78
Q271,诊断题271,Question,数值分析,学习诊断与测评,围绕“误差预算”，设计一个小型数值情境，判断应使用的定义、公式或算法步骤，并说明理由。,中级,6,generated_usability_repair,原创诊断题，用于V1-A可用性修复，不复制教材题。,0.78
Q272,诊断题272,Question,数值分析,学习诊断与测评,给出“误差预算”的一个典型误用场景，判断错误来源并写出修正思路。,中级,6,generated_usability_repair,原创诊断题，用于V1-A可用性修复，不复制教材题。,0.78
Q273,诊断题273,Question,数值分析,学习诊断与测评,围绕“内存复杂度”，设计一个小型数值情境，判断应使用的定义、公式或算法步骤，并说明理由。,中级,6,generated_usability_repair,原创诊断题，用于V1-A可用性修复，不复制教材题。,0.78
Q274,诊断题274,Question,数值分析,学习诊断与测评,给出“内存复杂度”的一个典型误用场景，判断错误来源并写出修正思路。,中级,6,generated_usability_repair,原创诊断题，用于V1-A可用性修复，不复制教材题。,0.78
Q275,诊断题275,Question,数值分析,学习诊断与测评,围绕“向量化实现”，设计一个小型数值情境，判断应使用的定义、公式或算法步骤，并说明理由。,中级,6,generated_usability_repair,原创诊断题，用于V1-A可用性修复，不复制教材题。,0.78
Q276,诊断题276,Question,数值分析,学习诊断与测评,给出“向量化实现”的一个典型误用场景，判断错误来源并写出修正思路。,中级,6,generated_usability_repair,原创诊断题，用于V1-A可用性修复，不复制教材题。,0.78
Q277,诊断题277,Question,数值分析,学习诊断与测评,围绕“并行计算基础”，设计一个小型数值情境，判断应使用的定义、公式或算法步骤，并说明理由。,中级,6,generated_usability_repair,原创诊断题，用于V1-A可用性修复，不复制教材题。,0.78
Q278,诊断题278,Question,数值分析,学习诊断与测评,给出“并行计算基础”的一个典型误用场景，判断错误来源并写出修正思路。,中级,6,generated_usability_repair,原创诊断题，用于V1-A可用性修复，不复制教材题。,0.78
Q279,诊断题279,Question,数值分析,学习诊断与测评,围绕“可视化诊断”，设计一个小型数值情境，判断应使用的定义、公式或算法步骤，并说明理由。,中级,6,generated_usability_repair,原创诊断题，用于V1-A可用性修复，不复制教材题。,0.78
Q280,诊断题280,Question,数值分析,学习诊断与测评,给出“可视化诊断”的一个典型误用场景，判断错误来源并写出修正思路。,中级,6,generated_usability_repair,原创诊断题，用于V1-A可用性修复，不复制教材题。,0.78
Q281,诊断题281,Question,数值分析,学习诊断与测评,围绕“显式Euler法”，设计一个小型数值情境，判断应使用的定义、公式或算法步骤，并说明理由。,高级,6,generated_usability_repair,原创诊断题，用于V1-A可用性修复，不复制教材题。,0.78
Q282,诊断题282,Question,数值分析,学习诊断与测评,给出“显式Euler法”的一个典型误用场景，判断错误来源并写出修正思路。,高级,6,generated_usability_repair,原创诊断题，用于V1-A可用性修复，不复制教材题。,0.78
Q283,诊断题283,Question,数值分析,学习诊断与测评,围绕“隐式Euler法”，设计一个小型数值情境，判断应使用的定义、公式或算法步骤，并说明理由。,高级,6,generated_usability_repair,原创诊断题，用于V1-A可用性修复，不复制教材题。,0.78
Q284,诊断题284,Question,数值分析,学习诊断与测评,给出“隐式Euler法”的一个典型误用场景，判断错误来源并写出修正思路。,高级,6,generated_usability_repair,原创诊断题，用于V1-A可用性修复，不复制教材题。,0.78
Q285,诊断题285,Question,数值分析,学习诊断与测评,围绕“改进Euler法”，设计一个小型数值情境，判断应使用的定义、公式或算法步骤，并说明理由。,高级,6,generated_usability_repair,原创诊断题，用于V1-A可用性修复，不复制教材题。,0.78
Q286,诊断题286,Question,数值分析,学习诊断与测评,给出“改进Euler法”的一个典型误用场景，判断错误来源并写出修正思路。,高级,6,generated_usability_repair,原创诊断题，用于V1-A可用性修复，不复制教材题。,0.78
Q287,诊断题287,Question,数值分析,学习诊断与测评,围绕“RK2方法”，设计一个小型数值情境，判断应使用的定义、公式或算法步骤，并说明理由。,高级,6,generated_usability_repair,原创诊断题，用于V1-A可用性修复，不复制教材题。,0.78
Q288,诊断题288,Question,数值分析,学习诊断与测评,给出“RK2方法”的一个典型误用场景，判断错误来源并写出修正思路。,高级,6,generated_usability_repair,原创诊断题，用于V1-A可用性修复，不复制教材题。,0.78
ALG091,Brent法（求根）,Algorithm,数值分析,非线性方程求根,结合二分、割线和反二次插值思想的稳健一元方程求根方法，常用于有符号变化区间的根定位。,中级,5,SciPy root_scalar; SciPy root finding,SciPy root_scalar/root-finding 官方文档列出 brentq/brenth 等有括区间求根方法。,0.87
Q289,诊断题289,Question,数值分析,学习诊断与测评,围绕“Brent法（求根）”的V1-C补充诊断题。,中级,5,generated_v1c_web_enrichment,原创诊断题，用于V1-C官方资料补充节点的覆盖，不复制外部题目。,0.76
ALG092,Ridder法,Algorithm,数值分析,非线性方程求根,利用指数型插值改进有括区间求根的算法，常作为一元标量方程求根方法之一。,中级,5,SciPy root_scalar,SciPy root_scalar 官方文档列出 ridder 作为标量方程求根方法。,0.84
Q290,诊断题290,Question,数值分析,学习诊断与测评,围绕“Ridder法”的V1-C补充诊断题。,中级,5,generated_v1c_web_enrichment,原创诊断题，用于V1-C官方资料补充节点的覆盖，不复制外部题目。,0.76
T429,root_scalar接口,Concept,数值分析,Python/MATLAB实现,SciPy 中统一调用一元标量方程求根算法的接口，可选择 bisect、brentq、newton、secant 等方法。,中级,5,SciPy root_scalar,SciPy root_scalar 官方文档说明该接口用于寻找标量函数的根，并支持多种方法。,0.88
Q291,诊断题291,Question,数值分析,学习诊断与测评,围绕“root_scalar接口”的V1-C补充诊断题。,中级,5,generated_v1c_web_enrichment,原创诊断题，用于V1-C官方资料补充节点的覆盖，不复制外部题目。,0.76
ALG093,Newton-Krylov法,Algorithm,数值分析,非线性方程求根,面向大规模非线性方程组的 Newton 型方法，用 Krylov 迭代近似求解 Newton 修正方程。,高级,7,SciPy root finding; Netlib Templates,SciPy optimize 文档包含 newton_krylov；Netlib Templates 覆盖 Krylov 迭代线性系统背景。,0.84
Q292,诊断题292,Question,数值分析,学习诊断与测评,围绕“Newton-Krylov法”的V1-C补充诊断题。,高级,7,generated_v1c_web_enrichment,原创诊断题，用于V1-C官方资料补充节点的覆盖，不复制外部题目。,0.76
T430,solve_ivp接口,Concept,数值分析,Python/MATLAB实现,SciPy 中求解 ODE 初值问题的统一接口，支持 RK45、DOP853、Radau、BDF、LSODA 等方法。,中级,5,SciPy solve_ivp,SciPy solve_ivp 官方文档列出多种显式、隐式和自动切换 ODE 求解器。,0.88
Q293,诊断题293,Question,数值分析,学习诊断与测评,围绕“solve_ivp接口”的V1-C补充诊断题。,中级,5,generated_v1c_web_enrichment,原创诊断题，用于V1-C官方资料补充节点的覆盖，不复制外部题目。,0.76
ALG094,DOP853方法,Algorithm,数值分析,ODE初值问题数值解法,高阶显式 Runge-Kutta 方法，适合非刚性 ODE 的高精度积分。,高级,7,SciPy solve_ivp,SciPy solve_ivp 官方文档列出 DOP853 作为显式 Runge-Kutta 方法。,0.86
Q294,诊断题294,Question,数值分析,学习诊断与测评,围绕“DOP853方法”的V1-C补充诊断题。,高级,7,generated_v1c_web_enrichment,原创诊断题，用于V1-C官方资料补充节点的覆盖，不复制外部题目。,0.76
ALG095,Radau IIA方法,Algorithm,数值分析,ODE初值问题数值解法,隐式 Runge-Kutta 方法，常用于刚性 ODE 初值问题。,高级,7,SciPy solve_ivp,SciPy solve_ivp 官方文档列出 Radau 作为隐式 Runge-Kutta 刚性求解器。,0.87
Q295,诊断题295,Question,数值分析,学习诊断与测评,围绕“Radau IIA方法”的V1-C补充诊断题。,高级,7,generated_v1c_web_enrichment,原创诊断题，用于V1-C官方资料补充节点的覆盖，不复制外部题目。,0.76
ALG096,LSODA方法,Algorithm,数值分析,ODE初值问题数值解法,可在非刚性 Adams 方法和刚性 BDF 方法之间自动切换的 ODE 求解器。,高级,7,SciPy solve_ivp,SciPy solve_ivp 官方文档列出 LSODA，并说明其可自动检测刚性并切换方法。,0.86
Q296,诊断题296,Question,数值分析,学习诊断与测评,围绕“LSODA方法”的V1-C补充诊断题。,高级,7,generated_v1c_web_enrichment,原创诊断题，用于V1-C官方资料补充节点的覆盖，不复制外部题目。,0.76
T431,稠密输出,Concept,数值分析,ODE初值问题数值解法,ODE 求解中在离散步长之间构造连续近似解，用于插值、事件定位和可视化。,中级,6,SciPy solve_ivp,SciPy solve_ivp 官方文档包含 dense_output 选项，用于生成连续解。,0.84
Q297,诊断题297,Question,数值分析,学习诊断与测评,围绕“稠密输出”的V1-C补充诊断题。,中级,6,generated_v1c_web_enrichment,原创诊断题，用于V1-C官方资料补充节点的覆盖，不复制外部题目。,0.76
T432,minimize接口,Concept,数值分析,Python/MATLAB实现,SciPy 中无约束和约束优化的统一最小化接口，可调用 BFGS、L-BFGS-B、SLSQP、trust-constr 等方法。,中级,5,SciPy minimize,SciPy minimize 官方文档列出多个无约束、边界约束和一般约束优化方法。,0.88
Q298,诊断题298,Question,数值分析,学习诊断与测评,围绕“minimize接口”的V1-C补充诊断题。,中级,5,generated_v1c_web_enrichment,原创诊断题，用于V1-C官方资料补充节点的覆盖，不复制外部题目。,0.76
ALG097,L-BFGS-B算法,Algorithm,数值分析,数值优化,处理简单边界约束的大规模拟 Newton 优化方法，是 L-BFGS 的边界约束版本。,高级,7,SciPy minimize,SciPy minimize 官方文档列出 L-BFGS-B 作为带边界约束的最小化方法。,0.86
Q299,诊断题299,Question,数值分析,学习诊断与测评,围绕“L-BFGS-B算法”的V1-C补充诊断题。,高级,7,generated_v1c_web_enrichment,原创诊断题，用于V1-C官方资料补充节点的覆盖，不复制外部题目。,0.76
ALG098,SLSQP算法,Algorithm,数值分析,数值优化,序列最小二乘二次规划方法，用于带边界和一般约束的非线性优化。,高级,7,SciPy minimize,SciPy minimize 官方文档列出 SLSQP 作为约束最小化方法。,0.86
Q300,诊断题300,Question,数值分析,学习诊断与测评,围绕“SLSQP算法”的V1-C补充诊断题。,高级,7,generated_v1c_web_enrichment,原创诊断题，用于V1-C官方资料补充节点的覆盖，不复制外部题目。,0.76
ALG099,trust-constr算法,Algorithm,数值分析,数值优化,信赖域约束优化方法，用于处理非线性约束、边界约束和稀疏结构。,高级,8,SciPy minimize,SciPy minimize 官方文档列出 trust-constr 作为约束优化方法。,0.86
Q301,诊断题301,Question,数值分析,学习诊断与测评,围绕“trust-constr算法”的V1-C补充诊断题。,高级,8,generated_v1c_web_enrichment,原创诊断题，用于V1-C官方资料补充节点的覆盖，不复制外部题目。,0.76
T433,有界约束,Concept,数值分析,数值优化,对优化变量设置上下界的约束形式，是 L-BFGS-B、SLSQP、trust-constr 等方法常见输入。,中级,5,SciPy minimize,SciPy minimize 官方文档中多种方法支持 bounds 或 bounds/constraints。,0.84
Q302,诊断题302,Question,数值分析,学习诊断与测评,围绕“有界约束”的V1-C补充诊断题。,中级,5,generated_v1c_web_enrichment,原创诊断题，用于V1-C官方资料补充节点的覆盖，不复制外部题目。,0.76
T434,非线性约束,Concept,数值分析,数值优化,优化问题中由非线性函数定义的等式或不等式约束。,高级,7,SciPy minimize,SciPy minimize 官方文档包含约束优化方法和 constraints 入口。,0.84
Q303,诊断题303,Question,数值分析,学习诊断与测评,围绕“非线性约束”的V1-C补充诊断题。,高级,7,generated_v1c_web_enrichment,原创诊断题，用于V1-C官方资料补充节点的覆盖，不复制外部题目。,0.76
T435,sparse.linalg接口,Concept,数值分析,Python/MATLAB实现,SciPy 稀疏线性代数接口，包含稀疏矩阵求解、迭代线性系统和特征值计算。,中级,6,SciPy sparse linalg,SciPy sparse.linalg 官方文档聚合稀疏线性代数求解器和迭代方法。,0.86
Q304,诊断题304,Question,数值分析,学习诊断与测评,围绕“sparse.linalg接口”的V1-C补充诊断题。,中级,6,generated_v1c_web_enrichment,原创诊断题，用于V1-C官方资料补充节点的覆盖，不复制外部题目。,0.76
T436,重启GMRES,Concept,数值分析,线性方程组数值解法,GMRES 中为控制内存和正交化成本而周期性重新开始 Krylov 子空间构造的策略。,高级,7,SciPy sparse linalg; Netlib Templates,SciPy sparse.linalg GMRES 接口包含 restart 参数；Netlib Templates 覆盖 GMRES 方法背景。,0.84
Q305,诊断题305,Question,数值分析,学习诊断与测评,围绕“重启GMRES”的V1-C补充诊断题。,高级,7,generated_v1c_web_enrichment,原创诊断题，用于V1-C官方资料补充节点的覆盖，不复制外部题目。,0.76
ALG100,稀疏直接求解器,Algorithm,数值分析,线性方程组数值解法,利用稀疏矩阵结构进行直接分解和求解的线性方程组方法，适合中等规模稀疏系统。,高级,7,SciPy sparse linalg,SciPy sparse.linalg 官方文档包含 spsolve 等稀疏直接求解入口。,0.84
Q306,诊断题306,Question,数值分析,学习诊断与测评,围绕“稀疏直接求解器”的V1-C补充诊断题。,高级,7,generated_v1c_web_enrichment,原创诊断题，用于V1-C官方资料补充节点的覆盖，不复制外部题目。,0.76
T437,方法线,Concept,数值分析,PDE数值方法,先对 PDE 空间变量离散，再得到 ODE 系统并用时间推进方法求解的半离散思想。,高级,7,MIT OCW 18.336; SciPy solve_ivp,MIT OCW 18.336 覆盖 PDE 数值方法；方法线把空间离散与 ODE 时间积分连接起来。,0.82
Q307,诊断题307,Question,数值分析,学习诊断与测评,围绕“方法线”的V1-C补充诊断题。,高级,7,generated_v1c_web_enrichment,原创诊断题，用于V1-C官方资料补充节点的覆盖，不复制外部题目。,0.76
T438,算子分裂,Concept,数值分析,PDE数值方法,将复杂演化问题拆成若干较简单算子分别推进的数值策略。,高级,8,MIT OCW 18.336,MIT OCW 18.336 作为 PDE 数值方法课程，可支撑有限差分、时间推进和高级 PDE 离散策略扩展。,0.78
Q308,诊断题308,Question,数值分析,学习诊断与测评,围绕“算子分裂”的V1-C补充诊断题。,高级,8,generated_v1c_web_enrichment,原创诊断题，用于V1-C官方资料补充节点的覆盖，不复制外部题目。,0.76
