edge_id,from,to,relation,confidence,evidence
E0001,S_NUMERICAL_ANALYSIS,M_PRE_CALCULUS,contains,0.92,本地理论/实验课程大纲与14次课件目录
E0002,M_PRE_CALCULUS,S_NUMERICAL_ANALYSIS,belongs_to,0.92,本地理论/实验课程大纲与14次课件目录
E0003,S_NUMERICAL_ANALYSIS,M_PRE_LINEAR_ALGEBRA,contains,0.92,本地理论/实验课程大纲与14次课件目录
E0004,M_PRE_LINEAR_ALGEBRA,S_NUMERICAL_ANALYSIS,belongs_to,0.92,本地理论/实验课程大纲与14次课件目录
E0005,S_NUMERICAL_ANALYSIS,M_PRE_PROGRAMMING,contains,0.88,本地理论/实验课程大纲与14次课件目录
E0006,M_PRE_PROGRAMMING,S_NUMERICAL_ANALYSIS,belongs_to,0.88,本地理论/实验课程大纲与14次课件目录
E0007,S_NUMERICAL_ANALYSIS,M_ERROR_ANALYSIS,contains,0.96,本地朱晓临《数值分析》第2版目录; 本地李庆扬等《数值分析》第5版目录
E0008,M_ERROR_ANALYSIS,S_NUMERICAL_ANALYSIS,belongs_to,0.96,本地朱晓临《数值分析》第2版目录; 本地李庆扬等《数值分析》第5版目录
E0009,S_NUMERICAL_ANALYSIS,M_NONLINEAR_ROOT,contains,0.95,本地理论/实验课程大纲与14次课件目录; 本地朱晓临《数值分析》第2版目录
E0010,M_NONLINEAR_ROOT,S_NUMERICAL_ANALYSIS,belongs_to,0.95,本地理论/实验课程大纲与14次课件目录; 本地朱晓临《数值分析》第2版目录
E0011,S_NUMERICAL_ANALYSIS,M_LINEAR_SYSTEMS,contains,0.96,本地理论/实验课程大纲与14次课件目录; 本地朱晓临《数值分析》第2版目录; Netlib Templates for the Solution of Linear Systems
E0012,M_LINEAR_SYSTEMS,S_NUMERICAL_ANALYSIS,belongs_to,0.96,本地理论/实验课程大纲与14次课件目录; 本地朱晓临《数值分析》第2版目录; Netlib Templates for the Solution of Linear Systems
E0013,S_NUMERICAL_ANALYSIS,M_INTERPOLATION,contains,0.96,本地理论/实验课程大纲与14次课件目录; 本地朱晓临《数值分析》第2版目录; 本地李庆扬等《数值分析》第5版目录
E0014,M_INTERPOLATION,S_NUMERICAL_ANALYSIS,belongs_to,0.96,本地理论/实验课程大纲与14次课件目录; 本地朱晓临《数值分析》第2版目录; 本地李庆扬等《数值分析》第5版目录
E0015,S_NUMERICAL_ANALYSIS,M_APPROXIMATION,contains,0.94,本地理论/实验课程大纲与14次课件目录; 本地李庆扬等《数值分析》第5版目录
E0016,M_APPROXIMATION,S_NUMERICAL_ANALYSIS,belongs_to,0.94,本地理论/实验课程大纲与14次课件目录; 本地李庆扬等《数值分析》第5版目录
E0017,S_NUMERICAL_ANALYSIS,M_NUM_DIFF,contains,0.92,本地朱晓临《数值分析》第2版目录; 本地李庆扬等《数值分析》第5版目录
E0018,M_NUM_DIFF,S_NUMERICAL_ANALYSIS,belongs_to,0.92,本地朱晓临《数值分析》第2版目录; 本地李庆扬等《数值分析》第5版目录
E0019,S_NUMERICAL_ANALYSIS,M_NUM_INT,contains,0.95,本地理论/实验课程大纲与14次课件目录; 本地朱晓临《数值分析》第2版目录; SciPy integrate官方文档
E0020,M_NUM_INT,S_NUMERICAL_ANALYSIS,belongs_to,0.95,本地理论/实验课程大纲与14次课件目录; 本地朱晓临《数值分析》第2版目录; SciPy integrate官方文档
E0021,S_NUMERICAL_ANALYSIS,M_ODE_IVP,contains,0.95,本地理论/实验课程大纲与14次课件目录; 本地朱晓临《数值分析》第2版目录; MathWorks MATLAB ODE官方文档
E0022,M_ODE_IVP,S_NUMERICAL_ANALYSIS,belongs_to,0.95,本地理论/实验课程大纲与14次课件目录; 本地朱晓临《数值分析》第2版目录; MathWorks MATLAB ODE官方文档
E0023,S_NUMERICAL_ANALYSIS,M_ODE_BVP,contains,0.92,本地理论/实验课程大纲与14次课件目录; 本地朱晓临《数值分析》第2版目录
E0024,M_ODE_BVP,S_NUMERICAL_ANALYSIS,belongs_to,0.92,本地理论/实验课程大纲与14次课件目录; 本地朱晓临《数值分析》第2版目录
E0025,S_NUMERICAL_ANALYSIS,M_EIGEN_SVD,contains,0.90,本地朱晓临《数值分析》第2版目录; 本地潘建瑜《数值分析讲义》目录
E0026,M_EIGEN_SVD,S_NUMERICAL_ANALYSIS,belongs_to,0.90,本地朱晓临《数值分析》第2版目录; 本地潘建瑜《数值分析讲义》目录
E0027,S_NUMERICAL_ANALYSIS,M_PDE,contains,0.86,MIT OCW 18.336 Numerical Methods for PDEs syllabus
E0028,M_PDE,S_NUMERICAL_ANALYSIS,belongs_to,0.86,MIT OCW 18.336 Numerical Methods for PDEs syllabus
E0029,S_NUMERICAL_ANALYSIS,M_OPTIMIZATION,contains,0.86,MIT OCW 18.335 Introduction to Numerical Methods syllabus; SciPy optimize官方文档
E0030,M_OPTIMIZATION,S_NUMERICAL_ANALYSIS,belongs_to,0.86,MIT OCW 18.335 Introduction to Numerical Methods syllabus; SciPy optimize官方文档
E0031,S_NUMERICAL_ANALYSIS,M_SCI_COMP,contains,0.78,MIT OCW 18.335 Introduction to Numerical Methods syllabus; 专家补全：按数值分析通用知识体系整理，建议人工审核
E0032,M_SCI_COMP,S_NUMERICAL_ANALYSIS,belongs_to,0.78,MIT OCW 18.335 Introduction to Numerical Methods syllabus; 专家补全：按数值分析通用知识体系整理，建议人工审核
E0033,S_NUMERICAL_ANALYSIS,M_IMPLEMENTATION,contains,0.87,SciPy optimize官方文档; SciPy integrate官方文档; MathWorks MATLAB ODE官方文档
E0034,M_IMPLEMENTATION,S_NUMERICAL_ANALYSIS,belongs_to,0.87,SciPy optimize官方文档; SciPy integrate官方文档; MathWorks MATLAB ODE官方文档
E0035,S_NUMERICAL_ANALYSIS,M_ASSESSMENT,contains,0.72,专家补全：按数值分析通用知识体系整理，建议人工审核
E0036,M_ASSESSMENT,S_NUMERICAL_ANALYSIS,belongs_to,0.72,专家补全：按数值分析通用知识体系整理，建议人工审核
E0037,S_NUMERICAL_ANALYSIS,M_RESOURCES,contains,0.90,本地理论/实验课程大纲与14次课件目录; MIT OCW 18.335 Introduction to Numerical Methods syllabus; MIT OCW 18.336 Numerical Methods for PDEs syllabus
E0038,M_RESOURCES,S_NUMERICAL_ANALYSIS,belongs_to,0.90,本地理论/实验课程大纲与14次课件目录; MIT OCW 18.335 Introduction to Numerical Methods syllabus; MIT OCW 18.336 Numerical Methods for PDEs syllabus
E0039,M_PRE_CALCULUS,T001,contains,0.92,本地理论/实验课程大纲与14次课件目录
E0040,T001,M_PRE_CALCULUS,belongs_to,0.92,本地理论/实验课程大纲与14次课件目录
E0041,M_PRE_CALCULUS,T002,contains,0.92,本地理论/实验课程大纲与14次课件目录
E0042,T002,M_PRE_CALCULUS,belongs_to,0.92,本地理论/实验课程大纲与14次课件目录
E0043,M_PRE_CALCULUS,T003,contains,0.92,本地理论/实验课程大纲与14次课件目录
E0044,T003,M_PRE_CALCULUS,belongs_to,0.92,本地理论/实验课程大纲与14次课件目录
E0045,M_PRE_CALCULUS,T004,contains,0.92,本地理论/实验课程大纲与14次课件目录
E0046,T004,M_PRE_CALCULUS,belongs_to,0.92,本地理论/实验课程大纲与14次课件目录
E0047,M_PRE_CALCULUS,T005,contains,0.92,本地理论/实验课程大纲与14次课件目录
E0048,T005,M_PRE_CALCULUS,belongs_to,0.92,本地理论/实验课程大纲与14次课件目录
E0049,M_PRE_CALCULUS,T006,contains,0.92,本地理论/实验课程大纲与14次课件目录
E0050,T006,M_PRE_CALCULUS,belongs_to,0.92,本地理论/实验课程大纲与14次课件目录
E0051,M_PRE_CALCULUS,T007,contains,0.92,本地理论/实验课程大纲与14次课件目录
E0052,T007,M_PRE_CALCULUS,belongs_to,0.92,本地理论/实验课程大纲与14次课件目录
E0053,M_PRE_CALCULUS,T008,contains,0.92,本地理论/实验课程大纲与14次课件目录
E0054,T008,M_PRE_CALCULUS,belongs_to,0.92,本地理论/实验课程大纲与14次课件目录
E0055,M_PRE_CALCULUS,T009,contains,0.92,本地理论/实验课程大纲与14次课件目录
E0056,T009,M_PRE_CALCULUS,belongs_to,0.92,本地理论/实验课程大纲与14次课件目录
E0057,M_PRE_CALCULUS,T010,contains,0.92,本地理论/实验课程大纲与14次课件目录
E0058,T010,M_PRE_CALCULUS,belongs_to,0.92,本地理论/实验课程大纲与14次课件目录
E0059,M_PRE_CALCULUS,T011,contains,0.92,本地理论/实验课程大纲与14次课件目录
E0060,T011,M_PRE_CALCULUS,belongs_to,0.92,本地理论/实验课程大纲与14次课件目录
E0061,M_PRE_CALCULUS,T012,contains,0.92,本地理论/实验课程大纲与14次课件目录
E0062,T012,M_PRE_CALCULUS,belongs_to,0.92,本地理论/实验课程大纲与14次课件目录
E0063,M_PRE_CALCULUS,T013,contains,0.92,本地理论/实验课程大纲与14次课件目录
E0064,T013,M_PRE_CALCULUS,belongs_to,0.92,本地理论/实验课程大纲与14次课件目录
E0065,M_PRE_CALCULUS,T014,contains,0.92,本地理论/实验课程大纲与14次课件目录
E0066,T014,M_PRE_CALCULUS,belongs_to,0.92,本地理论/实验课程大纲与14次课件目录
E0067,M_PRE_CALCULUS,T015,contains,0.92,本地理论/实验课程大纲与14次课件目录
E0068,T015,M_PRE_CALCULUS,belongs_to,0.92,本地理论/实验课程大纲与14次课件目录
E0069,M_PRE_CALCULUS,T016,contains,0.92,本地理论/实验课程大纲与14次课件目录
E0070,T016,M_PRE_CALCULUS,belongs_to,0.92,本地理论/实验课程大纲与14次课件目录
E0071,M_PRE_CALCULUS,T017,contains,0.92,本地理论/实验课程大纲与14次课件目录
E0072,T017,M_PRE_CALCULUS,belongs_to,0.92,本地理论/实验课程大纲与14次课件目录
E0073,M_PRE_CALCULUS,T018,contains,0.92,本地理论/实验课程大纲与14次课件目录
E0074,T018,M_PRE_CALCULUS,belongs_to,0.92,本地理论/实验课程大纲与14次课件目录
E0075,M_PRE_CALCULUS,T019,contains,0.92,本地理论/实验课程大纲与14次课件目录
E0076,T019,M_PRE_CALCULUS,belongs_to,0.92,本地理论/实验课程大纲与14次课件目录
E0077,M_PRE_CALCULUS,T020,contains,0.92,本地理论/实验课程大纲与14次课件目录
E0078,T020,M_PRE_CALCULUS,belongs_to,0.92,本地理论/实验课程大纲与14次课件目录
E0079,M_PRE_CALCULUS,T021,contains,0.92,本地理论/实验课程大纲与14次课件目录
E0080,T021,M_PRE_CALCULUS,belongs_to,0.92,本地理论/实验课程大纲与14次课件目录
E0081,M_PRE_LINEAR_ALGEBRA,T022,contains,0.92,本地理论/实验课程大纲与14次课件目录
E0082,T022,M_PRE_LINEAR_ALGEBRA,belongs_to,0.92,本地理论/实验课程大纲与14次课件目录
E0083,M_PRE_LINEAR_ALGEBRA,T023,contains,0.92,本地理论/实验课程大纲与14次课件目录
E0084,T023,M_PRE_LINEAR_ALGEBRA,belongs_to,0.92,本地理论/实验课程大纲与14次课件目录
E0085,M_PRE_LINEAR_ALGEBRA,T024,contains,0.92,本地理论/实验课程大纲与14次课件目录
E0086,T024,M_PRE_LINEAR_ALGEBRA,belongs_to,0.92,本地理论/实验课程大纲与14次课件目录
E0087,M_PRE_LINEAR_ALGEBRA,T025,contains,0.92,本地理论/实验课程大纲与14次课件目录
E0088,T025,M_PRE_LINEAR_ALGEBRA,belongs_to,0.92,本地理论/实验课程大纲与14次课件目录
E0089,M_PRE_LINEAR_ALGEBRA,T026,contains,0.92,本地理论/实验课程大纲与14次课件目录
E0090,T026,M_PRE_LINEAR_ALGEBRA,belongs_to,0.92,本地理论/实验课程大纲与14次课件目录
E0091,M_PRE_LINEAR_ALGEBRA,T027,contains,0.92,本地理论/实验课程大纲与14次课件目录
E0092,T027,M_PRE_LINEAR_ALGEBRA,belongs_to,0.92,本地理论/实验课程大纲与14次课件目录
E0093,M_PRE_LINEAR_ALGEBRA,T028,contains,0.92,本地理论/实验课程大纲与14次课件目录
E0094,T028,M_PRE_LINEAR_ALGEBRA,belongs_to,0.92,本地理论/实验课程大纲与14次课件目录
E0095,M_PRE_LINEAR_ALGEBRA,T029,contains,0.92,本地理论/实验课程大纲与14次课件目录
E0096,T029,M_PRE_LINEAR_ALGEBRA,belongs_to,0.92,本地理论/实验课程大纲与14次课件目录
E0097,M_PRE_LINEAR_ALGEBRA,T030,contains,0.92,本地理论/实验课程大纲与14次课件目录
E0098,T030,M_PRE_LINEAR_ALGEBRA,belongs_to,0.92,本地理论/实验课程大纲与14次课件目录
E0099,M_PRE_LINEAR_ALGEBRA,T031,contains,0.92,本地理论/实验课程大纲与14次课件目录
E0100,T031,M_PRE_LINEAR_ALGEBRA,belongs_to,0.92,本地理论/实验课程大纲与14次课件目录
E0101,M_PRE_LINEAR_ALGEBRA,T032,contains,0.92,本地理论/实验课程大纲与14次课件目录
E0102,T032,M_PRE_LINEAR_ALGEBRA,belongs_to,0.92,本地理论/实验课程大纲与14次课件目录
E0103,M_PRE_LINEAR_ALGEBRA,T033,contains,0.92,本地理论/实验课程大纲与14次课件目录
E0104,T033,M_PRE_LINEAR_ALGEBRA,belongs_to,0.92,本地理论/实验课程大纲与14次课件目录
E0105,M_PRE_LINEAR_ALGEBRA,T034,contains,0.92,本地理论/实验课程大纲与14次课件目录
E0106,T034,M_PRE_LINEAR_ALGEBRA,belongs_to,0.92,本地理论/实验课程大纲与14次课件目录
E0107,M_PRE_LINEAR_ALGEBRA,T035,contains,0.92,本地理论/实验课程大纲与14次课件目录
E0108,T035,M_PRE_LINEAR_ALGEBRA,belongs_to,0.92,本地理论/实验课程大纲与14次课件目录
E0109,M_PRE_LINEAR_ALGEBRA,T036,contains,0.92,本地理论/实验课程大纲与14次课件目录
E0110,T036,M_PRE_LINEAR_ALGEBRA,belongs_to,0.92,本地理论/实验课程大纲与14次课件目录
E0111,M_PRE_LINEAR_ALGEBRA,T037,contains,0.92,本地理论/实验课程大纲与14次课件目录
E0112,T037,M_PRE_LINEAR_ALGEBRA,belongs_to,0.92,本地理论/实验课程大纲与14次课件目录
E0113,M_PRE_LINEAR_ALGEBRA,T038,contains,0.92,本地理论/实验课程大纲与14次课件目录
E0114,T038,M_PRE_LINEAR_ALGEBRA,belongs_to,0.92,本地理论/实验课程大纲与14次课件目录
E0115,M_PRE_LINEAR_ALGEBRA,T039,contains,0.92,本地理论/实验课程大纲与14次课件目录
E0116,T039,M_PRE_LINEAR_ALGEBRA,belongs_to,0.92,本地理论/实验课程大纲与14次课件目录
E0117,M_PRE_LINEAR_ALGEBRA,T040,contains,0.92,本地理论/实验课程大纲与14次课件目录
E0118,T040,M_PRE_LINEAR_ALGEBRA,belongs_to,0.92,本地理论/实验课程大纲与14次课件目录
E0119,M_PRE_LINEAR_ALGEBRA,T041,contains,0.92,本地理论/实验课程大纲与14次课件目录
E0120,T041,M_PRE_LINEAR_ALGEBRA,belongs_to,0.92,本地理论/实验课程大纲与14次课件目录
E0121,M_PRE_LINEAR_ALGEBRA,T042,contains,0.92,本地理论/实验课程大纲与14次课件目录
E0122,T042,M_PRE_LINEAR_ALGEBRA,belongs_to,0.92,本地理论/实验课程大纲与14次课件目录
E0123,M_PRE_LINEAR_ALGEBRA,T043,contains,0.92,本地理论/实验课程大纲与14次课件目录
E0124,T043,M_PRE_LINEAR_ALGEBRA,belongs_to,0.92,本地理论/实验课程大纲与14次课件目录
E0125,M_PRE_LINEAR_ALGEBRA,T044,contains,0.92,本地理论/实验课程大纲与14次课件目录
E0126,T044,M_PRE_LINEAR_ALGEBRA,belongs_to,0.92,本地理论/实验课程大纲与14次课件目录
E0127,M_PRE_LINEAR_ALGEBRA,T045,contains,0.92,本地理论/实验课程大纲与14次课件目录
E0128,T045,M_PRE_LINEAR_ALGEBRA,belongs_to,0.92,本地理论/实验课程大纲与14次课件目录
E0129,M_PRE_LINEAR_ALGEBRA,T046,contains,0.92,本地理论/实验课程大纲与14次课件目录
E0130,T046,M_PRE_LINEAR_ALGEBRA,belongs_to,0.92,本地理论/实验课程大纲与14次课件目录
E0131,M_PRE_LINEAR_ALGEBRA,T047,contains,0.92,本地理论/实验课程大纲与14次课件目录
E0132,T047,M_PRE_LINEAR_ALGEBRA,belongs_to,0.92,本地理论/实验课程大纲与14次课件目录
E0133,M_PRE_LINEAR_ALGEBRA,T048,contains,0.92,本地理论/实验课程大纲与14次课件目录
E0134,T048,M_PRE_LINEAR_ALGEBRA,belongs_to,0.92,本地理论/实验课程大纲与14次课件目录
E0135,M_PRE_LINEAR_ALGEBRA,T049,contains,0.92,本地理论/实验课程大纲与14次课件目录
E0136,T049,M_PRE_LINEAR_ALGEBRA,belongs_to,0.92,本地理论/实验课程大纲与14次课件目录
E0137,M_PRE_LINEAR_ALGEBRA,T050,contains,0.92,本地理论/实验课程大纲与14次课件目录
E0138,T050,M_PRE_LINEAR_ALGEBRA,belongs_to,0.92,本地理论/实验课程大纲与14次课件目录
E0139,M_PRE_LINEAR_ALGEBRA,T051,contains,0.92,本地理论/实验课程大纲与14次课件目录
E0140,T051,M_PRE_LINEAR_ALGEBRA,belongs_to,0.92,本地理论/实验课程大纲与14次课件目录
E0141,M_PRE_LINEAR_ALGEBRA,T052,contains,0.92,本地理论/实验课程大纲与14次课件目录
E0142,T052,M_PRE_LINEAR_ALGEBRA,belongs_to,0.92,本地理论/实验课程大纲与14次课件目录
E0143,M_PRE_LINEAR_ALGEBRA,T053,contains,0.92,本地理论/实验课程大纲与14次课件目录
E0144,T053,M_PRE_LINEAR_ALGEBRA,belongs_to,0.92,本地理论/实验课程大纲与14次课件目录
E0145,M_PRE_LINEAR_ALGEBRA,T054,contains,0.92,本地理论/实验课程大纲与14次课件目录
E0146,T054,M_PRE_LINEAR_ALGEBRA,belongs_to,0.92,本地理论/实验课程大纲与14次课件目录
E0147,M_PRE_LINEAR_ALGEBRA,T055,contains,0.92,本地理论/实验课程大纲与14次课件目录
E0148,T055,M_PRE_LINEAR_ALGEBRA,belongs_to,0.92,本地理论/实验课程大纲与14次课件目录
E0149,M_PRE_LINEAR_ALGEBRA,T056,contains,0.92,本地理论/实验课程大纲与14次课件目录
E0150,T056,M_PRE_LINEAR_ALGEBRA,belongs_to,0.92,本地理论/实验课程大纲与14次课件目录
E0151,M_PRE_PROGRAMMING,T057,contains,0.88,本地理论/实验课程大纲与14次课件目录
E0152,T057,M_PRE_PROGRAMMING,belongs_to,0.88,本地理论/实验课程大纲与14次课件目录
E0153,M_PRE_PROGRAMMING,T058,contains,0.88,本地理论/实验课程大纲与14次课件目录
E0154,T058,M_PRE_PROGRAMMING,belongs_to,0.88,本地理论/实验课程大纲与14次课件目录
E0155,M_PRE_PROGRAMMING,T059,contains,0.88,本地理论/实验课程大纲与14次课件目录
E0156,T059,M_PRE_PROGRAMMING,belongs_to,0.88,本地理论/实验课程大纲与14次课件目录
E0157,M_PRE_PROGRAMMING,T060,contains,0.88,本地理论/实验课程大纲与14次课件目录
E0158,T060,M_PRE_PROGRAMMING,belongs_to,0.88,本地理论/实验课程大纲与14次课件目录
E0159,M_PRE_PROGRAMMING,T061,contains,0.88,本地理论/实验课程大纲与14次课件目录
E0160,T061,M_PRE_PROGRAMMING,belongs_to,0.88,本地理论/实验课程大纲与14次课件目录
E0161,M_PRE_PROGRAMMING,T062,contains,0.88,本地理论/实验课程大纲与14次课件目录
E0162,T062,M_PRE_PROGRAMMING,belongs_to,0.88,本地理论/实验课程大纲与14次课件目录
E0163,M_PRE_PROGRAMMING,T063,contains,0.88,本地理论/实验课程大纲与14次课件目录
E0164,T063,M_PRE_PROGRAMMING,belongs_to,0.88,本地理论/实验课程大纲与14次课件目录
E0165,M_PRE_PROGRAMMING,T064,contains,0.88,本地理论/实验课程大纲与14次课件目录
E0166,T064,M_PRE_PROGRAMMING,belongs_to,0.88,本地理论/实验课程大纲与14次课件目录
E0167,M_PRE_PROGRAMMING,T065,contains,0.88,本地理论/实验课程大纲与14次课件目录
E0168,T065,M_PRE_PROGRAMMING,belongs_to,0.88,本地理论/实验课程大纲与14次课件目录
E0169,M_PRE_PROGRAMMING,T066,contains,0.88,本地理论/实验课程大纲与14次课件目录
E0170,T066,M_PRE_PROGRAMMING,belongs_to,0.88,本地理论/实验课程大纲与14次课件目录
E0171,M_PRE_PROGRAMMING,T067,contains,0.88,本地理论/实验课程大纲与14次课件目录
E0172,T067,M_PRE_PROGRAMMING,belongs_to,0.88,本地理论/实验课程大纲与14次课件目录
E0173,M_PRE_PROGRAMMING,T068,contains,0.88,本地理论/实验课程大纲与14次课件目录
E0174,T068,M_PRE_PROGRAMMING,belongs_to,0.88,本地理论/实验课程大纲与14次课件目录
E0175,M_PRE_PROGRAMMING,T069,contains,0.88,本地理论/实验课程大纲与14次课件目录
E0176,T069,M_PRE_PROGRAMMING,belongs_to,0.88,本地理论/实验课程大纲与14次课件目录
E0177,M_PRE_PROGRAMMING,T070,contains,0.88,本地理论/实验课程大纲与14次课件目录
E0178,T070,M_PRE_PROGRAMMING,belongs_to,0.88,本地理论/实验课程大纲与14次课件目录
E0179,M_PRE_PROGRAMMING,T071,contains,0.88,本地理论/实验课程大纲与14次课件目录
E0180,T071,M_PRE_PROGRAMMING,belongs_to,0.88,本地理论/实验课程大纲与14次课件目录
E0181,M_PRE_PROGRAMMING,T072,contains,0.88,本地理论/实验课程大纲与14次课件目录
E0182,T072,M_PRE_PROGRAMMING,belongs_to,0.88,本地理论/实验课程大纲与14次课件目录
E0183,M_PRE_PROGRAMMING,T073,contains,0.88,本地理论/实验课程大纲与14次课件目录
E0184,T073,M_PRE_PROGRAMMING,belongs_to,0.88,本地理论/实验课程大纲与14次课件目录
E0185,M_PRE_PROGRAMMING,T074,contains,0.88,本地理论/实验课程大纲与14次课件目录
E0186,T074,M_PRE_PROGRAMMING,belongs_to,0.88,本地理论/实验课程大纲与14次课件目录
E0187,M_PRE_PROGRAMMING,T075,contains,0.88,本地理论/实验课程大纲与14次课件目录
E0188,T075,M_PRE_PROGRAMMING,belongs_to,0.88,本地理论/实验课程大纲与14次课件目录
E0189,M_PRE_PROGRAMMING,T076,contains,0.88,本地理论/实验课程大纲与14次课件目录
E0190,T076,M_PRE_PROGRAMMING,belongs_to,0.88,本地理论/实验课程大纲与14次课件目录
E0191,M_ERROR_ANALYSIS,T077,contains,0.92,本地朱晓临《数值分析》第2版目录; 本地李庆扬等《数值分析》第5版目录
E0192,T077,M_ERROR_ANALYSIS,belongs_to,0.92,本地朱晓临《数值分析》第2版目录; 本地李庆扬等《数值分析》第5版目录
E0193,M_ERROR_ANALYSIS,T078,contains,0.92,本地朱晓临《数值分析》第2版目录; 本地李庆扬等《数值分析》第5版目录
E0194,T078,M_ERROR_ANALYSIS,belongs_to,0.92,本地朱晓临《数值分析》第2版目录; 本地李庆扬等《数值分析》第5版目录
E0195,M_ERROR_ANALYSIS,T079,contains,0.92,本地朱晓临《数值分析》第2版目录; 本地李庆扬等《数值分析》第5版目录
E0196,T079,M_ERROR_ANALYSIS,belongs_to,0.92,本地朱晓临《数值分析》第2版目录; 本地李庆扬等《数值分析》第5版目录
E0197,M_ERROR_ANALYSIS,T080,contains,0.92,本地朱晓临《数值分析》第2版目录; 本地李庆扬等《数值分析》第5版目录
E0198,T080,M_ERROR_ANALYSIS,belongs_to,0.92,本地朱晓临《数值分析》第2版目录; 本地李庆扬等《数值分析》第5版目录
E0199,M_ERROR_ANALYSIS,T081,contains,0.92,本地朱晓临《数值分析》第2版目录; 本地李庆扬等《数值分析》第5版目录
E0200,T081,M_ERROR_ANALYSIS,belongs_to,0.92,本地朱晓临《数值分析》第2版目录; 本地李庆扬等《数值分析》第5版目录
E0201,M_ERROR_ANALYSIS,T082,contains,0.92,本地朱晓临《数值分析》第2版目录; 本地李庆扬等《数值分析》第5版目录
E0202,T082,M_ERROR_ANALYSIS,belongs_to,0.92,本地朱晓临《数值分析》第2版目录; 本地李庆扬等《数值分析》第5版目录
E0203,M_ERROR_ANALYSIS,T083,contains,0.92,本地朱晓临《数值分析》第2版目录; 本地李庆扬等《数值分析》第5版目录
E0204,T083,M_ERROR_ANALYSIS,belongs_to,0.92,本地朱晓临《数值分析》第2版目录; 本地李庆扬等《数值分析》第5版目录
E0205,M_ERROR_ANALYSIS,T084,contains,0.92,本地朱晓临《数值分析》第2版目录; 本地李庆扬等《数值分析》第5版目录
E0206,T084,M_ERROR_ANALYSIS,belongs_to,0.92,本地朱晓临《数值分析》第2版目录; 本地李庆扬等《数值分析》第5版目录
E0207,M_ERROR_ANALYSIS,T085,contains,0.92,本地朱晓临《数值分析》第2版目录; 本地李庆扬等《数值分析》第5版目录
E0208,T085,M_ERROR_ANALYSIS,belongs_to,0.92,本地朱晓临《数值分析》第2版目录; 本地李庆扬等《数值分析》第5版目录
E0209,M_ERROR_ANALYSIS,T086,contains,0.92,本地朱晓临《数值分析》第2版目录; 本地李庆扬等《数值分析》第5版目录
E0210,T086,M_ERROR_ANALYSIS,belongs_to,0.92,本地朱晓临《数值分析》第2版目录; 本地李庆扬等《数值分析》第5版目录
E0211,M_ERROR_ANALYSIS,T087,contains,0.92,本地朱晓临《数值分析》第2版目录; 本地李庆扬等《数值分析》第5版目录
E0212,T087,M_ERROR_ANALYSIS,belongs_to,0.92,本地朱晓临《数值分析》第2版目录; 本地李庆扬等《数值分析》第5版目录
E0213,M_ERROR_ANALYSIS,T088,contains,0.92,本地朱晓临《数值分析》第2版目录; 本地李庆扬等《数值分析》第5版目录
E0214,T088,M_ERROR_ANALYSIS,belongs_to,0.92,本地朱晓临《数值分析》第2版目录; 本地李庆扬等《数值分析》第5版目录
E0215,M_ERROR_ANALYSIS,T089,contains,0.92,本地朱晓临《数值分析》第2版目录; 本地李庆扬等《数值分析》第5版目录
E0216,T089,M_ERROR_ANALYSIS,belongs_to,0.92,本地朱晓临《数值分析》第2版目录; 本地李庆扬等《数值分析》第5版目录
E0217,M_ERROR_ANALYSIS,T090,contains,0.92,本地朱晓临《数值分析》第2版目录; 本地李庆扬等《数值分析》第5版目录
E0218,T090,M_ERROR_ANALYSIS,belongs_to,0.92,本地朱晓临《数值分析》第2版目录; 本地李庆扬等《数值分析》第5版目录
E0219,M_ERROR_ANALYSIS,T091,contains,0.92,本地朱晓临《数值分析》第2版目录; 本地李庆扬等《数值分析》第5版目录
E0220,T091,M_ERROR_ANALYSIS,belongs_to,0.92,本地朱晓临《数值分析》第2版目录; 本地李庆扬等《数值分析》第5版目录
E0221,M_ERROR_ANALYSIS,T092,contains,0.92,本地朱晓临《数值分析》第2版目录; 本地李庆扬等《数值分析》第5版目录
E0222,T092,M_ERROR_ANALYSIS,belongs_to,0.92,本地朱晓临《数值分析》第2版目录; 本地李庆扬等《数值分析》第5版目录
E0223,M_ERROR_ANALYSIS,T093,contains,0.92,本地朱晓临《数值分析》第2版目录; 本地李庆扬等《数值分析》第5版目录
E0224,T093,M_ERROR_ANALYSIS,belongs_to,0.92,本地朱晓临《数值分析》第2版目录; 本地李庆扬等《数值分析》第5版目录
E0225,M_ERROR_ANALYSIS,T094,contains,0.92,本地朱晓临《数值分析》第2版目录; 本地李庆扬等《数值分析》第5版目录
E0226,T094,M_ERROR_ANALYSIS,belongs_to,0.92,本地朱晓临《数值分析》第2版目录; 本地李庆扬等《数值分析》第5版目录
E0227,M_ERROR_ANALYSIS,T095,contains,0.92,本地朱晓临《数值分析》第2版目录; 本地李庆扬等《数值分析》第5版目录
E0228,T095,M_ERROR_ANALYSIS,belongs_to,0.92,本地朱晓临《数值分析》第2版目录; 本地李庆扬等《数值分析》第5版目录
E0229,M_ERROR_ANALYSIS,T096,contains,0.92,本地朱晓临《数值分析》第2版目录; 本地李庆扬等《数值分析》第5版目录
E0230,T096,M_ERROR_ANALYSIS,belongs_to,0.92,本地朱晓临《数值分析》第2版目录; 本地李庆扬等《数值分析》第5版目录
E0231,M_ERROR_ANALYSIS,T097,contains,0.92,本地朱晓临《数值分析》第2版目录; 本地李庆扬等《数值分析》第5版目录
E0232,T097,M_ERROR_ANALYSIS,belongs_to,0.92,本地朱晓临《数值分析》第2版目录; 本地李庆扬等《数值分析》第5版目录
E0233,M_ERROR_ANALYSIS,T098,contains,0.92,本地朱晓临《数值分析》第2版目录; 本地李庆扬等《数值分析》第5版目录
E0234,T098,M_ERROR_ANALYSIS,belongs_to,0.92,本地朱晓临《数值分析》第2版目录; 本地李庆扬等《数值分析》第5版目录
E0235,M_ERROR_ANALYSIS,T099,contains,0.92,本地朱晓临《数值分析》第2版目录; 本地李庆扬等《数值分析》第5版目录
E0236,T099,M_ERROR_ANALYSIS,belongs_to,0.92,本地朱晓临《数值分析》第2版目录; 本地李庆扬等《数值分析》第5版目录
E0237,M_ERROR_ANALYSIS,T100,contains,0.92,本地朱晓临《数值分析》第2版目录; 本地李庆扬等《数值分析》第5版目录
E0238,T100,M_ERROR_ANALYSIS,belongs_to,0.92,本地朱晓临《数值分析》第2版目录; 本地李庆扬等《数值分析》第5版目录
E0239,M_ERROR_ANALYSIS,T101,contains,0.92,本地朱晓临《数值分析》第2版目录; 本地李庆扬等《数值分析》第5版目录
E0240,T101,M_ERROR_ANALYSIS,belongs_to,0.92,本地朱晓临《数值分析》第2版目录; 本地李庆扬等《数值分析》第5版目录
E0241,M_ERROR_ANALYSIS,T102,contains,0.92,本地朱晓临《数值分析》第2版目录; 本地李庆扬等《数值分析》第5版目录
E0242,T102,M_ERROR_ANALYSIS,belongs_to,0.92,本地朱晓临《数值分析》第2版目录; 本地李庆扬等《数值分析》第5版目录
E0243,M_NONLINEAR_ROOT,T103,contains,0.92,本地理论/实验课程大纲与14次课件目录; 本地朱晓临《数值分析》第2版目录
E0244,T103,M_NONLINEAR_ROOT,belongs_to,0.92,本地理论/实验课程大纲与14次课件目录; 本地朱晓临《数值分析》第2版目录
E0245,M_NONLINEAR_ROOT,T104,contains,0.92,本地理论/实验课程大纲与14次课件目录; 本地朱晓临《数值分析》第2版目录
E0246,T104,M_NONLINEAR_ROOT,belongs_to,0.92,本地理论/实验课程大纲与14次课件目录; 本地朱晓临《数值分析》第2版目录
E0247,M_NONLINEAR_ROOT,T105,contains,0.92,本地理论/实验课程大纲与14次课件目录; 本地朱晓临《数值分析》第2版目录
E0248,T105,M_NONLINEAR_ROOT,belongs_to,0.92,本地理论/实验课程大纲与14次课件目录; 本地朱晓临《数值分析》第2版目录
E0249,M_NONLINEAR_ROOT,T106,contains,0.92,本地理论/实验课程大纲与14次课件目录; 本地朱晓临《数值分析》第2版目录
E0250,T106,M_NONLINEAR_ROOT,belongs_to,0.92,本地理论/实验课程大纲与14次课件目录; 本地朱晓临《数值分析》第2版目录
E0251,M_NONLINEAR_ROOT,T107,contains,0.92,本地理论/实验课程大纲与14次课件目录; 本地朱晓临《数值分析》第2版目录
E0252,T107,M_NONLINEAR_ROOT,belongs_to,0.92,本地理论/实验课程大纲与14次课件目录; 本地朱晓临《数值分析》第2版目录
E0253,M_NONLINEAR_ROOT,T108,contains,0.92,本地理论/实验课程大纲与14次课件目录; 本地朱晓临《数值分析》第2版目录
E0254,T108,M_NONLINEAR_ROOT,belongs_to,0.92,本地理论/实验课程大纲与14次课件目录; 本地朱晓临《数值分析》第2版目录
E0255,M_NONLINEAR_ROOT,T109,contains,0.92,本地理论/实验课程大纲与14次课件目录; 本地朱晓临《数值分析》第2版目录
E0256,T109,M_NONLINEAR_ROOT,belongs_to,0.92,本地理论/实验课程大纲与14次课件目录; 本地朱晓临《数值分析》第2版目录
E0257,M_NONLINEAR_ROOT,T110,contains,0.92,本地理论/实验课程大纲与14次课件目录; 本地朱晓临《数值分析》第2版目录
E0258,T110,M_NONLINEAR_ROOT,belongs_to,0.92,本地理论/实验课程大纲与14次课件目录; 本地朱晓临《数值分析》第2版目录
E0259,M_NONLINEAR_ROOT,T111,contains,0.92,本地理论/实验课程大纲与14次课件目录; 本地朱晓临《数值分析》第2版目录
E0260,T111,M_NONLINEAR_ROOT,belongs_to,0.92,本地理论/实验课程大纲与14次课件目录; 本地朱晓临《数值分析》第2版目录
E0261,M_NONLINEAR_ROOT,T112,contains,0.92,本地理论/实验课程大纲与14次课件目录; 本地朱晓临《数值分析》第2版目录
E0262,T112,M_NONLINEAR_ROOT,belongs_to,0.92,本地理论/实验课程大纲与14次课件目录; 本地朱晓临《数值分析》第2版目录
E0263,M_NONLINEAR_ROOT,T113,contains,0.92,本地理论/实验课程大纲与14次课件目录; 本地朱晓临《数值分析》第2版目录
E0264,T113,M_NONLINEAR_ROOT,belongs_to,0.92,本地理论/实验课程大纲与14次课件目录; 本地朱晓临《数值分析》第2版目录
E0265,M_NONLINEAR_ROOT,T114,contains,0.92,本地理论/实验课程大纲与14次课件目录; 本地朱晓临《数值分析》第2版目录
E0266,T114,M_NONLINEAR_ROOT,belongs_to,0.92,本地理论/实验课程大纲与14次课件目录; 本地朱晓临《数值分析》第2版目录
E0267,M_NONLINEAR_ROOT,T115,contains,0.92,本地理论/实验课程大纲与14次课件目录; 本地朱晓临《数值分析》第2版目录
E0268,T115,M_NONLINEAR_ROOT,belongs_to,0.92,本地理论/实验课程大纲与14次课件目录; 本地朱晓临《数值分析》第2版目录
E0269,M_NONLINEAR_ROOT,T116,contains,0.92,本地理论/实验课程大纲与14次课件目录; 本地朱晓临《数值分析》第2版目录
E0270,T116,M_NONLINEAR_ROOT,belongs_to,0.92,本地理论/实验课程大纲与14次课件目录; 本地朱晓临《数值分析》第2版目录
E0271,M_NONLINEAR_ROOT,T117,contains,0.92,本地理论/实验课程大纲与14次课件目录; 本地朱晓临《数值分析》第2版目录
E0272,T117,M_NONLINEAR_ROOT,belongs_to,0.92,本地理论/实验课程大纲与14次课件目录; 本地朱晓临《数值分析》第2版目录
E0273,M_NONLINEAR_ROOT,T118,contains,0.92,本地理论/实验课程大纲与14次课件目录; 本地朱晓临《数值分析》第2版目录
E0274,T118,M_NONLINEAR_ROOT,belongs_to,0.92,本地理论/实验课程大纲与14次课件目录; 本地朱晓临《数值分析》第2版目录
E0275,M_NONLINEAR_ROOT,T119,contains,0.92,本地理论/实验课程大纲与14次课件目录; 本地朱晓临《数值分析》第2版目录
E0276,T119,M_NONLINEAR_ROOT,belongs_to,0.92,本地理论/实验课程大纲与14次课件目录; 本地朱晓临《数值分析》第2版目录
E0277,M_NONLINEAR_ROOT,T120,contains,0.92,本地理论/实验课程大纲与14次课件目录; 本地朱晓临《数值分析》第2版目录
E0278,T120,M_NONLINEAR_ROOT,belongs_to,0.92,本地理论/实验课程大纲与14次课件目录; 本地朱晓临《数值分析》第2版目录
E0279,M_NONLINEAR_ROOT,T121,contains,0.92,本地理论/实验课程大纲与14次课件目录; 本地朱晓临《数值分析》第2版目录
E0280,T121,M_NONLINEAR_ROOT,belongs_to,0.92,本地理论/实验课程大纲与14次课件目录; 本地朱晓临《数值分析》第2版目录
E0281,M_NONLINEAR_ROOT,T122,contains,0.92,本地理论/实验课程大纲与14次课件目录; 本地朱晓临《数值分析》第2版目录
E0282,T122,M_NONLINEAR_ROOT,belongs_to,0.92,本地理论/实验课程大纲与14次课件目录; 本地朱晓临《数值分析》第2版目录
E0283,M_NONLINEAR_ROOT,T123,contains,0.92,本地理论/实验课程大纲与14次课件目录; 本地朱晓临《数值分析》第2版目录
E0284,T123,M_NONLINEAR_ROOT,belongs_to,0.92,本地理论/实验课程大纲与14次课件目录; 本地朱晓临《数值分析》第2版目录
E0285,M_NONLINEAR_ROOT,T124,contains,0.92,本地理论/实验课程大纲与14次课件目录; 本地朱晓临《数值分析》第2版目录
E0286,T124,M_NONLINEAR_ROOT,belongs_to,0.92,本地理论/实验课程大纲与14次课件目录; 本地朱晓临《数值分析》第2版目录
E0287,M_NONLINEAR_ROOT,T125,contains,0.92,本地理论/实验课程大纲与14次课件目录; 本地朱晓临《数值分析》第2版目录
E0288,T125,M_NONLINEAR_ROOT,belongs_to,0.92,本地理论/实验课程大纲与14次课件目录; 本地朱晓临《数值分析》第2版目录
E0289,M_NONLINEAR_ROOT,T126,contains,0.92,本地理论/实验课程大纲与14次课件目录; 本地朱晓临《数值分析》第2版目录
E0290,T126,M_NONLINEAR_ROOT,belongs_to,0.92,本地理论/实验课程大纲与14次课件目录; 本地朱晓临《数值分析》第2版目录
E0291,M_NONLINEAR_ROOT,T127,contains,0.92,本地理论/实验课程大纲与14次课件目录; 本地朱晓临《数值分析》第2版目录
E0292,T127,M_NONLINEAR_ROOT,belongs_to,0.92,本地理论/实验课程大纲与14次课件目录; 本地朱晓临《数值分析》第2版目录
E0293,M_LINEAR_SYSTEMS,T128,contains,0.92,本地理论/实验课程大纲与14次课件目录; 本地朱晓临《数值分析》第2版目录; Netlib Templates for the Solution of Linear Systems
E0294,T128,M_LINEAR_SYSTEMS,belongs_to,0.92,本地理论/实验课程大纲与14次课件目录; 本地朱晓临《数值分析》第2版目录; Netlib Templates for the Solution of Linear Systems
E0295,M_LINEAR_SYSTEMS,T129,contains,0.92,本地理论/实验课程大纲与14次课件目录; 本地朱晓临《数值分析》第2版目录; Netlib Templates for the Solution of Linear Systems
E0296,T129,M_LINEAR_SYSTEMS,belongs_to,0.92,本地理论/实验课程大纲与14次课件目录; 本地朱晓临《数值分析》第2版目录; Netlib Templates for the Solution of Linear Systems
E0297,M_LINEAR_SYSTEMS,T130,contains,0.92,本地理论/实验课程大纲与14次课件目录; 本地朱晓临《数值分析》第2版目录; Netlib Templates for the Solution of Linear Systems
E0298,T130,M_LINEAR_SYSTEMS,belongs_to,0.92,本地理论/实验课程大纲与14次课件目录; 本地朱晓临《数值分析》第2版目录; Netlib Templates for the Solution of Linear Systems
E0299,M_LINEAR_SYSTEMS,T131,contains,0.92,本地理论/实验课程大纲与14次课件目录; 本地朱晓临《数值分析》第2版目录; Netlib Templates for the Solution of Linear Systems
E0300,T131,M_LINEAR_SYSTEMS,belongs_to,0.92,本地理论/实验课程大纲与14次课件目录; 本地朱晓临《数值分析》第2版目录; Netlib Templates for the Solution of Linear Systems
E0301,M_LINEAR_SYSTEMS,T132,contains,0.92,本地理论/实验课程大纲与14次课件目录; 本地朱晓临《数值分析》第2版目录; Netlib Templates for the Solution of Linear Systems
E0302,T132,M_LINEAR_SYSTEMS,belongs_to,0.92,本地理论/实验课程大纲与14次课件目录; 本地朱晓临《数值分析》第2版目录; Netlib Templates for the Solution of Linear Systems
E0303,M_LINEAR_SYSTEMS,T133,contains,0.92,本地理论/实验课程大纲与14次课件目录; 本地朱晓临《数值分析》第2版目录; Netlib Templates for the Solution of Linear Systems
E0304,T133,M_LINEAR_SYSTEMS,belongs_to,0.92,本地理论/实验课程大纲与14次课件目录; 本地朱晓临《数值分析》第2版目录; Netlib Templates for the Solution of Linear Systems
E0305,M_LINEAR_SYSTEMS,T134,contains,0.92,本地理论/实验课程大纲与14次课件目录; 本地朱晓临《数值分析》第2版目录; Netlib Templates for the Solution of Linear Systems
E0306,T134,M_LINEAR_SYSTEMS,belongs_to,0.92,本地理论/实验课程大纲与14次课件目录; 本地朱晓临《数值分析》第2版目录; Netlib Templates for the Solution of Linear Systems
E0307,M_LINEAR_SYSTEMS,T135,contains,0.92,本地理论/实验课程大纲与14次课件目录; 本地朱晓临《数值分析》第2版目录; Netlib Templates for the Solution of Linear Systems
E0308,T135,M_LINEAR_SYSTEMS,belongs_to,0.92,本地理论/实验课程大纲与14次课件目录; 本地朱晓临《数值分析》第2版目录; Netlib Templates for the Solution of Linear Systems
E0309,M_LINEAR_SYSTEMS,T136,contains,0.92,本地理论/实验课程大纲与14次课件目录; 本地朱晓临《数值分析》第2版目录; Netlib Templates for the Solution of Linear Systems
E0310,T136,M_LINEAR_SYSTEMS,belongs_to,0.92,本地理论/实验课程大纲与14次课件目录; 本地朱晓临《数值分析》第2版目录; Netlib Templates for the Solution of Linear Systems
E0311,M_LINEAR_SYSTEMS,T137,contains,0.92,本地理论/实验课程大纲与14次课件目录; 本地朱晓临《数值分析》第2版目录; Netlib Templates for the Solution of Linear Systems
E0312,T137,M_LINEAR_SYSTEMS,belongs_to,0.92,本地理论/实验课程大纲与14次课件目录; 本地朱晓临《数值分析》第2版目录; Netlib Templates for the Solution of Linear Systems
E0313,M_LINEAR_SYSTEMS,T138,contains,0.92,本地理论/实验课程大纲与14次课件目录; 本地朱晓临《数值分析》第2版目录; Netlib Templates for the Solution of Linear Systems
E0314,T138,M_LINEAR_SYSTEMS,belongs_to,0.92,本地理论/实验课程大纲与14次课件目录; 本地朱晓临《数值分析》第2版目录; Netlib Templates for the Solution of Linear Systems
E0315,M_LINEAR_SYSTEMS,T139,contains,0.92,本地理论/实验课程大纲与14次课件目录; 本地朱晓临《数值分析》第2版目录; Netlib Templates for the Solution of Linear Systems
E0316,T139,M_LINEAR_SYSTEMS,belongs_to,0.92,本地理论/实验课程大纲与14次课件目录; 本地朱晓临《数值分析》第2版目录; Netlib Templates for the Solution of Linear Systems
E0317,M_LINEAR_SYSTEMS,T140,contains,0.92,本地理论/实验课程大纲与14次课件目录; 本地朱晓临《数值分析》第2版目录; Netlib Templates for the Solution of Linear Systems
E0318,T140,M_LINEAR_SYSTEMS,belongs_to,0.92,本地理论/实验课程大纲与14次课件目录; 本地朱晓临《数值分析》第2版目录; Netlib Templates for the Solution of Linear Systems
E0319,M_LINEAR_SYSTEMS,T141,contains,0.92,本地理论/实验课程大纲与14次课件目录; 本地朱晓临《数值分析》第2版目录; Netlib Templates for the Solution of Linear Systems
E0320,T141,M_LINEAR_SYSTEMS,belongs_to,0.92,本地理论/实验课程大纲与14次课件目录; 本地朱晓临《数值分析》第2版目录; Netlib Templates for the Solution of Linear Systems
E0321,M_LINEAR_SYSTEMS,T142,contains,0.92,本地理论/实验课程大纲与14次课件目录; 本地朱晓临《数值分析》第2版目录; Netlib Templates for the Solution of Linear Systems
E0322,T142,M_LINEAR_SYSTEMS,belongs_to,0.92,本地理论/实验课程大纲与14次课件目录; 本地朱晓临《数值分析》第2版目录; Netlib Templates for the Solution of Linear Systems
E0323,M_LINEAR_SYSTEMS,T143,contains,0.92,本地理论/实验课程大纲与14次课件目录; 本地朱晓临《数值分析》第2版目录; Netlib Templates for the Solution of Linear Systems
E0324,T143,M_LINEAR_SYSTEMS,belongs_to,0.92,本地理论/实验课程大纲与14次课件目录; 本地朱晓临《数值分析》第2版目录; Netlib Templates for the Solution of Linear Systems
E0325,M_LINEAR_SYSTEMS,T144,contains,0.92,本地理论/实验课程大纲与14次课件目录; 本地朱晓临《数值分析》第2版目录; Netlib Templates for the Solution of Linear Systems
E0326,T144,M_LINEAR_SYSTEMS,belongs_to,0.92,本地理论/实验课程大纲与14次课件目录; 本地朱晓临《数值分析》第2版目录; Netlib Templates for the Solution of Linear Systems
E0327,M_LINEAR_SYSTEMS,T145,contains,0.92,本地理论/实验课程大纲与14次课件目录; 本地朱晓临《数值分析》第2版目录; Netlib Templates for the Solution of Linear Systems
E0328,T145,M_LINEAR_SYSTEMS,belongs_to,0.92,本地理论/实验课程大纲与14次课件目录; 本地朱晓临《数值分析》第2版目录; Netlib Templates for the Solution of Linear Systems
E0329,M_LINEAR_SYSTEMS,T146,contains,0.92,本地理论/实验课程大纲与14次课件目录; 本地朱晓临《数值分析》第2版目录; Netlib Templates for the Solution of Linear Systems
E0330,T146,M_LINEAR_SYSTEMS,belongs_to,0.92,本地理论/实验课程大纲与14次课件目录; 本地朱晓临《数值分析》第2版目录; Netlib Templates for the Solution of Linear Systems
E0331,M_LINEAR_SYSTEMS,T147,contains,0.92,本地理论/实验课程大纲与14次课件目录; 本地朱晓临《数值分析》第2版目录; Netlib Templates for the Solution of Linear Systems
E0332,T147,M_LINEAR_SYSTEMS,belongs_to,0.92,本地理论/实验课程大纲与14次课件目录; 本地朱晓临《数值分析》第2版目录; Netlib Templates for the Solution of Linear Systems
E0333,M_LINEAR_SYSTEMS,T148,contains,0.92,本地理论/实验课程大纲与14次课件目录; 本地朱晓临《数值分析》第2版目录; Netlib Templates for the Solution of Linear Systems
E0334,T148,M_LINEAR_SYSTEMS,belongs_to,0.92,本地理论/实验课程大纲与14次课件目录; 本地朱晓临《数值分析》第2版目录; Netlib Templates for the Solution of Linear Systems
E0335,M_LINEAR_SYSTEMS,T149,contains,0.92,本地理论/实验课程大纲与14次课件目录; 本地朱晓临《数值分析》第2版目录; Netlib Templates for the Solution of Linear Systems
E0336,T149,M_LINEAR_SYSTEMS,belongs_to,0.92,本地理论/实验课程大纲与14次课件目录; 本地朱晓临《数值分析》第2版目录; Netlib Templates for the Solution of Linear Systems
E0337,M_LINEAR_SYSTEMS,T150,contains,0.92,本地理论/实验课程大纲与14次课件目录; 本地朱晓临《数值分析》第2版目录; Netlib Templates for the Solution of Linear Systems
E0338,T150,M_LINEAR_SYSTEMS,belongs_to,0.92,本地理论/实验课程大纲与14次课件目录; 本地朱晓临《数值分析》第2版目录; Netlib Templates for the Solution of Linear Systems
E0339,M_LINEAR_SYSTEMS,T151,contains,0.92,本地理论/实验课程大纲与14次课件目录; 本地朱晓临《数值分析》第2版目录; Netlib Templates for the Solution of Linear Systems
E0340,T151,M_LINEAR_SYSTEMS,belongs_to,0.92,本地理论/实验课程大纲与14次课件目录; 本地朱晓临《数值分析》第2版目录; Netlib Templates for the Solution of Linear Systems
E0341,M_LINEAR_SYSTEMS,T152,contains,0.92,本地理论/实验课程大纲与14次课件目录; 本地朱晓临《数值分析》第2版目录; Netlib Templates for the Solution of Linear Systems
E0342,T152,M_LINEAR_SYSTEMS,belongs_to,0.92,本地理论/实验课程大纲与14次课件目录; 本地朱晓临《数值分析》第2版目录; Netlib Templates for the Solution of Linear Systems
E0343,M_LINEAR_SYSTEMS,T153,contains,0.92,本地理论/实验课程大纲与14次课件目录; 本地朱晓临《数值分析》第2版目录; Netlib Templates for the Solution of Linear Systems
E0344,T153,M_LINEAR_SYSTEMS,belongs_to,0.92,本地理论/实验课程大纲与14次课件目录; 本地朱晓临《数值分析》第2版目录; Netlib Templates for the Solution of Linear Systems
E0345,M_LINEAR_SYSTEMS,T154,contains,0.92,本地理论/实验课程大纲与14次课件目录; 本地朱晓临《数值分析》第2版目录; Netlib Templates for the Solution of Linear Systems
E0346,T154,M_LINEAR_SYSTEMS,belongs_to,0.92,本地理论/实验课程大纲与14次课件目录; 本地朱晓临《数值分析》第2版目录; Netlib Templates for the Solution of Linear Systems
E0347,M_LINEAR_SYSTEMS,T155,contains,0.92,本地理论/实验课程大纲与14次课件目录; 本地朱晓临《数值分析》第2版目录; Netlib Templates for the Solution of Linear Systems
E0348,T155,M_LINEAR_SYSTEMS,belongs_to,0.92,本地理论/实验课程大纲与14次课件目录; 本地朱晓临《数值分析》第2版目录; Netlib Templates for the Solution of Linear Systems
E0349,M_LINEAR_SYSTEMS,T156,contains,0.92,本地理论/实验课程大纲与14次课件目录; 本地朱晓临《数值分析》第2版目录; Netlib Templates for the Solution of Linear Systems
E0350,T156,M_LINEAR_SYSTEMS,belongs_to,0.92,本地理论/实验课程大纲与14次课件目录; 本地朱晓临《数值分析》第2版目录; Netlib Templates for the Solution of Linear Systems
E0351,M_LINEAR_SYSTEMS,T157,contains,0.92,本地理论/实验课程大纲与14次课件目录; 本地朱晓临《数值分析》第2版目录; Netlib Templates for the Solution of Linear Systems
E0352,T157,M_LINEAR_SYSTEMS,belongs_to,0.92,本地理论/实验课程大纲与14次课件目录; 本地朱晓临《数值分析》第2版目录; Netlib Templates for the Solution of Linear Systems
E0353,M_INTERPOLATION,T158,contains,0.92,本地理论/实验课程大纲与14次课件目录; 本地朱晓临《数值分析》第2版目录; 本地李庆扬等《数值分析》第5版目录
E0354,T158,M_INTERPOLATION,belongs_to,0.92,本地理论/实验课程大纲与14次课件目录; 本地朱晓临《数值分析》第2版目录; 本地李庆扬等《数值分析》第5版目录
E0355,M_INTERPOLATION,T159,contains,0.92,本地理论/实验课程大纲与14次课件目录; 本地朱晓临《数值分析》第2版目录; 本地李庆扬等《数值分析》第5版目录
E0356,T159,M_INTERPOLATION,belongs_to,0.92,本地理论/实验课程大纲与14次课件目录; 本地朱晓临《数值分析》第2版目录; 本地李庆扬等《数值分析》第5版目录
E0357,M_INTERPOLATION,T160,contains,0.92,本地理论/实验课程大纲与14次课件目录; 本地朱晓临《数值分析》第2版目录; 本地李庆扬等《数值分析》第5版目录
E0358,T160,M_INTERPOLATION,belongs_to,0.92,本地理论/实验课程大纲与14次课件目录; 本地朱晓临《数值分析》第2版目录; 本地李庆扬等《数值分析》第5版目录
E0359,M_INTERPOLATION,T161,contains,0.92,本地理论/实验课程大纲与14次课件目录; 本地朱晓临《数值分析》第2版目录; 本地李庆扬等《数值分析》第5版目录
E0360,T161,M_INTERPOLATION,belongs_to,0.92,本地理论/实验课程大纲与14次课件目录; 本地朱晓临《数值分析》第2版目录; 本地李庆扬等《数值分析》第5版目录
E0361,M_INTERPOLATION,T162,contains,0.92,本地理论/实验课程大纲与14次课件目录; 本地朱晓临《数值分析》第2版目录; 本地李庆扬等《数值分析》第5版目录
E0362,T162,M_INTERPOLATION,belongs_to,0.92,本地理论/实验课程大纲与14次课件目录; 本地朱晓临《数值分析》第2版目录; 本地李庆扬等《数值分析》第5版目录
E0363,M_INTERPOLATION,T163,contains,0.92,本地理论/实验课程大纲与14次课件目录; 本地朱晓临《数值分析》第2版目录; 本地李庆扬等《数值分析》第5版目录
E0364,T163,M_INTERPOLATION,belongs_to,0.92,本地理论/实验课程大纲与14次课件目录; 本地朱晓临《数值分析》第2版目录; 本地李庆扬等《数值分析》第5版目录
E0365,M_INTERPOLATION,T164,contains,0.92,本地理论/实验课程大纲与14次课件目录; 本地朱晓临《数值分析》第2版目录; 本地李庆扬等《数值分析》第5版目录
E0366,T164,M_INTERPOLATION,belongs_to,0.92,本地理论/实验课程大纲与14次课件目录; 本地朱晓临《数值分析》第2版目录; 本地李庆扬等《数值分析》第5版目录
E0367,M_INTERPOLATION,T165,contains,0.92,本地理论/实验课程大纲与14次课件目录; 本地朱晓临《数值分析》第2版目录; 本地李庆扬等《数值分析》第5版目录
E0368,T165,M_INTERPOLATION,belongs_to,0.92,本地理论/实验课程大纲与14次课件目录; 本地朱晓临《数值分析》第2版目录; 本地李庆扬等《数值分析》第5版目录
E0369,M_INTERPOLATION,T166,contains,0.92,本地理论/实验课程大纲与14次课件目录; 本地朱晓临《数值分析》第2版目录; 本地李庆扬等《数值分析》第5版目录
E0370,T166,M_INTERPOLATION,belongs_to,0.92,本地理论/实验课程大纲与14次课件目录; 本地朱晓临《数值分析》第2版目录; 本地李庆扬等《数值分析》第5版目录
E0371,M_INTERPOLATION,T167,contains,0.92,本地理论/实验课程大纲与14次课件目录; 本地朱晓临《数值分析》第2版目录; 本地李庆扬等《数值分析》第5版目录
E0372,T167,M_INTERPOLATION,belongs_to,0.92,本地理论/实验课程大纲与14次课件目录; 本地朱晓临《数值分析》第2版目录; 本地李庆扬等《数值分析》第5版目录
E0373,M_INTERPOLATION,T168,contains,0.92,本地理论/实验课程大纲与14次课件目录; 本地朱晓临《数值分析》第2版目录; 本地李庆扬等《数值分析》第5版目录
E0374,T168,M_INTERPOLATION,belongs_to,0.92,本地理论/实验课程大纲与14次课件目录; 本地朱晓临《数值分析》第2版目录; 本地李庆扬等《数值分析》第5版目录
E0375,M_INTERPOLATION,T169,contains,0.92,本地理论/实验课程大纲与14次课件目录; 本地朱晓临《数值分析》第2版目录; 本地李庆扬等《数值分析》第5版目录
E0376,T169,M_INTERPOLATION,belongs_to,0.92,本地理论/实验课程大纲与14次课件目录; 本地朱晓临《数值分析》第2版目录; 本地李庆扬等《数值分析》第5版目录
E0377,M_INTERPOLATION,T170,contains,0.92,本地理论/实验课程大纲与14次课件目录; 本地朱晓临《数值分析》第2版目录; 本地李庆扬等《数值分析》第5版目录
E0378,T170,M_INTERPOLATION,belongs_to,0.92,本地理论/实验课程大纲与14次课件目录; 本地朱晓临《数值分析》第2版目录; 本地李庆扬等《数值分析》第5版目录
E0379,M_INTERPOLATION,T171,contains,0.92,本地理论/实验课程大纲与14次课件目录; 本地朱晓临《数值分析》第2版目录; 本地李庆扬等《数值分析》第5版目录
E0380,T171,M_INTERPOLATION,belongs_to,0.92,本地理论/实验课程大纲与14次课件目录; 本地朱晓临《数值分析》第2版目录; 本地李庆扬等《数值分析》第5版目录
E0381,M_INTERPOLATION,T172,contains,0.92,本地理论/实验课程大纲与14次课件目录; 本地朱晓临《数值分析》第2版目录; 本地李庆扬等《数值分析》第5版目录
E0382,T172,M_INTERPOLATION,belongs_to,0.92,本地理论/实验课程大纲与14次课件目录; 本地朱晓临《数值分析》第2版目录; 本地李庆扬等《数值分析》第5版目录
E0383,M_INTERPOLATION,T173,contains,0.92,本地理论/实验课程大纲与14次课件目录; 本地朱晓临《数值分析》第2版目录; 本地李庆扬等《数值分析》第5版目录
E0384,T173,M_INTERPOLATION,belongs_to,0.92,本地理论/实验课程大纲与14次课件目录; 本地朱晓临《数值分析》第2版目录; 本地李庆扬等《数值分析》第5版目录
E0385,M_INTERPOLATION,T174,contains,0.92,本地理论/实验课程大纲与14次课件目录; 本地朱晓临《数值分析》第2版目录; 本地李庆扬等《数值分析》第5版目录
E0386,T174,M_INTERPOLATION,belongs_to,0.92,本地理论/实验课程大纲与14次课件目录; 本地朱晓临《数值分析》第2版目录; 本地李庆扬等《数值分析》第5版目录
E0387,M_INTERPOLATION,T175,contains,0.92,本地理论/实验课程大纲与14次课件目录; 本地朱晓临《数值分析》第2版目录; 本地李庆扬等《数值分析》第5版目录
E0388,T175,M_INTERPOLATION,belongs_to,0.92,本地理论/实验课程大纲与14次课件目录; 本地朱晓临《数值分析》第2版目录; 本地李庆扬等《数值分析》第5版目录
E0389,M_INTERPOLATION,T176,contains,0.92,本地理论/实验课程大纲与14次课件目录; 本地朱晓临《数值分析》第2版目录; 本地李庆扬等《数值分析》第5版目录
E0390,T176,M_INTERPOLATION,belongs_to,0.92,本地理论/实验课程大纲与14次课件目录; 本地朱晓临《数值分析》第2版目录; 本地李庆扬等《数值分析》第5版目录
E0391,M_INTERPOLATION,T177,contains,0.92,本地理论/实验课程大纲与14次课件目录; 本地朱晓临《数值分析》第2版目录; 本地李庆扬等《数值分析》第5版目录
E0392,T177,M_INTERPOLATION,belongs_to,0.92,本地理论/实验课程大纲与14次课件目录; 本地朱晓临《数值分析》第2版目录; 本地李庆扬等《数值分析》第5版目录
E0393,M_INTERPOLATION,T178,contains,0.92,本地理论/实验课程大纲与14次课件目录; 本地朱晓临《数值分析》第2版目录; 本地李庆扬等《数值分析》第5版目录
E0394,T178,M_INTERPOLATION,belongs_to,0.92,本地理论/实验课程大纲与14次课件目录; 本地朱晓临《数值分析》第2版目录; 本地李庆扬等《数值分析》第5版目录
E0395,M_INTERPOLATION,T179,contains,0.92,本地理论/实验课程大纲与14次课件目录; 本地朱晓临《数值分析》第2版目录; 本地李庆扬等《数值分析》第5版目录
E0396,T179,M_INTERPOLATION,belongs_to,0.92,本地理论/实验课程大纲与14次课件目录; 本地朱晓临《数值分析》第2版目录; 本地李庆扬等《数值分析》第5版目录
E0397,M_INTERPOLATION,T180,contains,0.92,本地理论/实验课程大纲与14次课件目录; 本地朱晓临《数值分析》第2版目录; 本地李庆扬等《数值分析》第5版目录
E0398,T180,M_INTERPOLATION,belongs_to,0.92,本地理论/实验课程大纲与14次课件目录; 本地朱晓临《数值分析》第2版目录; 本地李庆扬等《数值分析》第5版目录
E0399,M_INTERPOLATION,T181,contains,0.92,本地理论/实验课程大纲与14次课件目录; 本地朱晓临《数值分析》第2版目录; 本地李庆扬等《数值分析》第5版目录
E0400,T181,M_INTERPOLATION,belongs_to,0.92,本地理论/实验课程大纲与14次课件目录; 本地朱晓临《数值分析》第2版目录; 本地李庆扬等《数值分析》第5版目录
E0401,M_INTERPOLATION,T182,contains,0.92,本地理论/实验课程大纲与14次课件目录; 本地朱晓临《数值分析》第2版目录; 本地李庆扬等《数值分析》第5版目录
E0402,T182,M_INTERPOLATION,belongs_to,0.92,本地理论/实验课程大纲与14次课件目录; 本地朱晓临《数值分析》第2版目录; 本地李庆扬等《数值分析》第5版目录
E0403,M_APPROXIMATION,T183,contains,0.92,本地理论/实验课程大纲与14次课件目录; 本地李庆扬等《数值分析》第5版目录
E0404,T183,M_APPROXIMATION,belongs_to,0.92,本地理论/实验课程大纲与14次课件目录; 本地李庆扬等《数值分析》第5版目录
E0405,M_APPROXIMATION,T184,contains,0.92,本地理论/实验课程大纲与14次课件目录; 本地李庆扬等《数值分析》第5版目录
E0406,T184,M_APPROXIMATION,belongs_to,0.92,本地理论/实验课程大纲与14次课件目录; 本地李庆扬等《数值分析》第5版目录
E0407,M_APPROXIMATION,T185,contains,0.92,本地理论/实验课程大纲与14次课件目录; 本地李庆扬等《数值分析》第5版目录
E0408,T185,M_APPROXIMATION,belongs_to,0.92,本地理论/实验课程大纲与14次课件目录; 本地李庆扬等《数值分析》第5版目录
E0409,M_APPROXIMATION,T186,contains,0.92,本地理论/实验课程大纲与14次课件目录; 本地李庆扬等《数值分析》第5版目录
E0410,T186,M_APPROXIMATION,belongs_to,0.92,本地理论/实验课程大纲与14次课件目录; 本地李庆扬等《数值分析》第5版目录
E0411,M_APPROXIMATION,T187,contains,0.92,本地理论/实验课程大纲与14次课件目录; 本地李庆扬等《数值分析》第5版目录
E0412,T187,M_APPROXIMATION,belongs_to,0.92,本地理论/实验课程大纲与14次课件目录; 本地李庆扬等《数值分析》第5版目录
E0413,M_APPROXIMATION,T188,contains,0.92,本地理论/实验课程大纲与14次课件目录; 本地李庆扬等《数值分析》第5版目录
E0414,T188,M_APPROXIMATION,belongs_to,0.92,本地理论/实验课程大纲与14次课件目录; 本地李庆扬等《数值分析》第5版目录
E0415,M_APPROXIMATION,T189,contains,0.92,本地理论/实验课程大纲与14次课件目录; 本地李庆扬等《数值分析》第5版目录
E0416,T189,M_APPROXIMATION,belongs_to,0.92,本地理论/实验课程大纲与14次课件目录; 本地李庆扬等《数值分析》第5版目录
E0417,M_APPROXIMATION,T190,contains,0.92,本地理论/实验课程大纲与14次课件目录; 本地李庆扬等《数值分析》第5版目录
E0418,T190,M_APPROXIMATION,belongs_to,0.92,本地理论/实验课程大纲与14次课件目录; 本地李庆扬等《数值分析》第5版目录
E0419,M_APPROXIMATION,T191,contains,0.92,本地理论/实验课程大纲与14次课件目录; 本地李庆扬等《数值分析》第5版目录
E0420,T191,M_APPROXIMATION,belongs_to,0.92,本地理论/实验课程大纲与14次课件目录; 本地李庆扬等《数值分析》第5版目录
E0421,M_APPROXIMATION,T192,contains,0.92,本地理论/实验课程大纲与14次课件目录; 本地李庆扬等《数值分析》第5版目录
E0422,T192,M_APPROXIMATION,belongs_to,0.92,本地理论/实验课程大纲与14次课件目录; 本地李庆扬等《数值分析》第5版目录
E0423,M_APPROXIMATION,T193,contains,0.92,本地理论/实验课程大纲与14次课件目录; 本地李庆扬等《数值分析》第5版目录
E0424,T193,M_APPROXIMATION,belongs_to,0.92,本地理论/实验课程大纲与14次课件目录; 本地李庆扬等《数值分析》第5版目录
E0425,M_APPROXIMATION,T194,contains,0.92,本地理论/实验课程大纲与14次课件目录; 本地李庆扬等《数值分析》第5版目录
E0426,T194,M_APPROXIMATION,belongs_to,0.92,本地理论/实验课程大纲与14次课件目录; 本地李庆扬等《数值分析》第5版目录
E0427,M_APPROXIMATION,T195,contains,0.92,本地理论/实验课程大纲与14次课件目录; 本地李庆扬等《数值分析》第5版目录
E0428,T195,M_APPROXIMATION,belongs_to,0.92,本地理论/实验课程大纲与14次课件目录; 本地李庆扬等《数值分析》第5版目录
E0429,M_APPROXIMATION,T196,contains,0.92,本地理论/实验课程大纲与14次课件目录; 本地李庆扬等《数值分析》第5版目录
E0430,T196,M_APPROXIMATION,belongs_to,0.92,本地理论/实验课程大纲与14次课件目录; 本地李庆扬等《数值分析》第5版目录
E0431,M_APPROXIMATION,T197,contains,0.92,本地理论/实验课程大纲与14次课件目录; 本地李庆扬等《数值分析》第5版目录
E0432,T197,M_APPROXIMATION,belongs_to,0.92,本地理论/实验课程大纲与14次课件目录; 本地李庆扬等《数值分析》第5版目录
E0433,M_APPROXIMATION,T198,contains,0.92,本地理论/实验课程大纲与14次课件目录; 本地李庆扬等《数值分析》第5版目录
E0434,T198,M_APPROXIMATION,belongs_to,0.92,本地理论/实验课程大纲与14次课件目录; 本地李庆扬等《数值分析》第5版目录
E0435,M_APPROXIMATION,T199,contains,0.92,本地理论/实验课程大纲与14次课件目录; 本地李庆扬等《数值分析》第5版目录
E0436,T199,M_APPROXIMATION,belongs_to,0.92,本地理论/实验课程大纲与14次课件目录; 本地李庆扬等《数值分析》第5版目录
E0437,M_APPROXIMATION,T200,contains,0.92,本地理论/实验课程大纲与14次课件目录; 本地李庆扬等《数值分析》第5版目录
E0438,T200,M_APPROXIMATION,belongs_to,0.92,本地理论/实验课程大纲与14次课件目录; 本地李庆扬等《数值分析》第5版目录
E0439,M_APPROXIMATION,T201,contains,0.92,本地理论/实验课程大纲与14次课件目录; 本地李庆扬等《数值分析》第5版目录
E0440,T201,M_APPROXIMATION,belongs_to,0.92,本地理论/实验课程大纲与14次课件目录; 本地李庆扬等《数值分析》第5版目录
E0441,M_APPROXIMATION,T202,contains,0.92,本地理论/实验课程大纲与14次课件目录; 本地李庆扬等《数值分析》第5版目录
E0442,T202,M_APPROXIMATION,belongs_to,0.92,本地理论/实验课程大纲与14次课件目录; 本地李庆扬等《数值分析》第5版目录
E0443,M_APPROXIMATION,T203,contains,0.92,本地理论/实验课程大纲与14次课件目录; 本地李庆扬等《数值分析》第5版目录
E0444,T203,M_APPROXIMATION,belongs_to,0.92,本地理论/实验课程大纲与14次课件目录; 本地李庆扬等《数值分析》第5版目录
E0445,M_APPROXIMATION,T204,contains,0.92,本地理论/实验课程大纲与14次课件目录; 本地李庆扬等《数值分析》第5版目录
E0446,T204,M_APPROXIMATION,belongs_to,0.92,本地理论/实验课程大纲与14次课件目录; 本地李庆扬等《数值分析》第5版目录
E0447,M_APPROXIMATION,T205,contains,0.92,本地理论/实验课程大纲与14次课件目录; 本地李庆扬等《数值分析》第5版目录
E0448,T205,M_APPROXIMATION,belongs_to,0.92,本地理论/实验课程大纲与14次课件目录; 本地李庆扬等《数值分析》第5版目录
E0449,M_APPROXIMATION,T206,contains,0.92,本地理论/实验课程大纲与14次课件目录; 本地李庆扬等《数值分析》第5版目录
E0450,T206,M_APPROXIMATION,belongs_to,0.92,本地理论/实验课程大纲与14次课件目录; 本地李庆扬等《数值分析》第5版目录
E0451,M_APPROXIMATION,T207,contains,0.92,本地理论/实验课程大纲与14次课件目录; 本地李庆扬等《数值分析》第5版目录
E0452,T207,M_APPROXIMATION,belongs_to,0.92,本地理论/实验课程大纲与14次课件目录; 本地李庆扬等《数值分析》第5版目录
E0453,M_APPROXIMATION,T208,contains,0.92,本地理论/实验课程大纲与14次课件目录; 本地李庆扬等《数值分析》第5版目录
E0454,T208,M_APPROXIMATION,belongs_to,0.92,本地理论/实验课程大纲与14次课件目录; 本地李庆扬等《数值分析》第5版目录
E0455,M_APPROXIMATION,T209,contains,0.92,本地理论/实验课程大纲与14次课件目录; 本地李庆扬等《数值分析》第5版目录
E0456,T209,M_APPROXIMATION,belongs_to,0.92,本地理论/实验课程大纲与14次课件目录; 本地李庆扬等《数值分析》第5版目录
E0457,M_APPROXIMATION,T210,contains,0.92,本地理论/实验课程大纲与14次课件目录; 本地李庆扬等《数值分析》第5版目录
E0458,T210,M_APPROXIMATION,belongs_to,0.92,本地理论/实验课程大纲与14次课件目录; 本地李庆扬等《数值分析》第5版目录
E0459,M_NUM_DIFF,T211,contains,0.92,本地朱晓临《数值分析》第2版目录; 本地李庆扬等《数值分析》第5版目录
E0460,T211,M_NUM_DIFF,belongs_to,0.92,本地朱晓临《数值分析》第2版目录; 本地李庆扬等《数值分析》第5版目录
E0461,M_NUM_DIFF,T212,contains,0.92,本地朱晓临《数值分析》第2版目录; 本地李庆扬等《数值分析》第5版目录
E0462,T212,M_NUM_DIFF,belongs_to,0.92,本地朱晓临《数值分析》第2版目录; 本地李庆扬等《数值分析》第5版目录
E0463,M_NUM_DIFF,T213,contains,0.92,本地朱晓临《数值分析》第2版目录; 本地李庆扬等《数值分析》第5版目录
E0464,T213,M_NUM_DIFF,belongs_to,0.92,本地朱晓临《数值分析》第2版目录; 本地李庆扬等《数值分析》第5版目录
E0465,M_NUM_DIFF,T214,contains,0.92,本地朱晓临《数值分析》第2版目录; 本地李庆扬等《数值分析》第5版目录
E0466,T214,M_NUM_DIFF,belongs_to,0.92,本地朱晓临《数值分析》第2版目录; 本地李庆扬等《数值分析》第5版目录
E0467,M_NUM_DIFF,T215,contains,0.92,本地朱晓临《数值分析》第2版目录; 本地李庆扬等《数值分析》第5版目录
E0468,T215,M_NUM_DIFF,belongs_to,0.92,本地朱晓临《数值分析》第2版目录; 本地李庆扬等《数值分析》第5版目录
E0469,M_NUM_DIFF,T216,contains,0.92,本地朱晓临《数值分析》第2版目录; 本地李庆扬等《数值分析》第5版目录
E0470,T216,M_NUM_DIFF,belongs_to,0.92,本地朱晓临《数值分析》第2版目录; 本地李庆扬等《数值分析》第5版目录
E0471,M_NUM_DIFF,T217,contains,0.92,本地朱晓临《数值分析》第2版目录; 本地李庆扬等《数值分析》第5版目录
E0472,T217,M_NUM_DIFF,belongs_to,0.92,本地朱晓临《数值分析》第2版目录; 本地李庆扬等《数值分析》第5版目录
E0473,M_NUM_DIFF,T218,contains,0.92,本地朱晓临《数值分析》第2版目录; 本地李庆扬等《数值分析》第5版目录
E0474,T218,M_NUM_DIFF,belongs_to,0.92,本地朱晓临《数值分析》第2版目录; 本地李庆扬等《数值分析》第5版目录
E0475,M_NUM_DIFF,T219,contains,0.92,本地朱晓临《数值分析》第2版目录; 本地李庆扬等《数值分析》第5版目录
E0476,T219,M_NUM_DIFF,belongs_to,0.92,本地朱晓临《数值分析》第2版目录; 本地李庆扬等《数值分析》第5版目录
E0477,M_NUM_DIFF,T220,contains,0.92,本地朱晓临《数值分析》第2版目录; 本地李庆扬等《数值分析》第5版目录
E0478,T220,M_NUM_DIFF,belongs_to,0.92,本地朱晓临《数值分析》第2版目录; 本地李庆扬等《数值分析》第5版目录
E0479,M_NUM_DIFF,T221,contains,0.92,本地朱晓临《数值分析》第2版目录; 本地李庆扬等《数值分析》第5版目录
E0480,T221,M_NUM_DIFF,belongs_to,0.92,本地朱晓临《数值分析》第2版目录; 本地李庆扬等《数值分析》第5版目录
E0481,M_NUM_DIFF,T222,contains,0.92,本地朱晓临《数值分析》第2版目录; 本地李庆扬等《数值分析》第5版目录
E0482,T222,M_NUM_DIFF,belongs_to,0.92,本地朱晓临《数值分析》第2版目录; 本地李庆扬等《数值分析》第5版目录
E0483,M_NUM_DIFF,T223,contains,0.92,本地朱晓临《数值分析》第2版目录; 本地李庆扬等《数值分析》第5版目录
E0484,T223,M_NUM_DIFF,belongs_to,0.92,本地朱晓临《数值分析》第2版目录; 本地李庆扬等《数值分析》第5版目录
E0485,M_NUM_DIFF,T224,contains,0.92,本地朱晓临《数值分析》第2版目录; 本地李庆扬等《数值分析》第5版目录
E0486,T224,M_NUM_DIFF,belongs_to,0.92,本地朱晓临《数值分析》第2版目录; 本地李庆扬等《数值分析》第5版目录
E0487,M_NUM_DIFF,T225,contains,0.92,本地朱晓临《数值分析》第2版目录; 本地李庆扬等《数值分析》第5版目录
E0488,T225,M_NUM_DIFF,belongs_to,0.92,本地朱晓临《数值分析》第2版目录; 本地李庆扬等《数值分析》第5版目录
E0489,M_NUM_INT,T226,contains,0.92,本地理论/实验课程大纲与14次课件目录; 本地朱晓临《数值分析》第2版目录; SciPy integrate官方文档
E0490,T226,M_NUM_INT,belongs_to,0.92,本地理论/实验课程大纲与14次课件目录; 本地朱晓临《数值分析》第2版目录; SciPy integrate官方文档
E0491,M_NUM_INT,T227,contains,0.92,本地理论/实验课程大纲与14次课件目录; 本地朱晓临《数值分析》第2版目录; SciPy integrate官方文档
E0492,T227,M_NUM_INT,belongs_to,0.92,本地理论/实验课程大纲与14次课件目录; 本地朱晓临《数值分析》第2版目录; SciPy integrate官方文档
E0493,M_NUM_INT,T228,contains,0.92,本地理论/实验课程大纲与14次课件目录; 本地朱晓临《数值分析》第2版目录; SciPy integrate官方文档
E0494,T228,M_NUM_INT,belongs_to,0.92,本地理论/实验课程大纲与14次课件目录; 本地朱晓临《数值分析》第2版目录; SciPy integrate官方文档
E0495,M_NUM_INT,T229,contains,0.92,本地理论/实验课程大纲与14次课件目录; 本地朱晓临《数值分析》第2版目录; SciPy integrate官方文档
E0496,T229,M_NUM_INT,belongs_to,0.92,本地理论/实验课程大纲与14次课件目录; 本地朱晓临《数值分析》第2版目录; SciPy integrate官方文档
E0497,M_NUM_INT,T230,contains,0.92,本地理论/实验课程大纲与14次课件目录; 本地朱晓临《数值分析》第2版目录; SciPy integrate官方文档
E0498,T230,M_NUM_INT,belongs_to,0.92,本地理论/实验课程大纲与14次课件目录; 本地朱晓临《数值分析》第2版目录; SciPy integrate官方文档
E0499,M_NUM_INT,T231,contains,0.92,本地理论/实验课程大纲与14次课件目录; 本地朱晓临《数值分析》第2版目录; SciPy integrate官方文档
E0500,T231,M_NUM_INT,belongs_to,0.92,本地理论/实验课程大纲与14次课件目录; 本地朱晓临《数值分析》第2版目录; SciPy integrate官方文档
E0501,M_NUM_INT,T232,contains,0.92,本地理论/实验课程大纲与14次课件目录; 本地朱晓临《数值分析》第2版目录; SciPy integrate官方文档
E0502,T232,M_NUM_INT,belongs_to,0.92,本地理论/实验课程大纲与14次课件目录; 本地朱晓临《数值分析》第2版目录; SciPy integrate官方文档
E0503,M_NUM_INT,T233,contains,0.92,本地理论/实验课程大纲与14次课件目录; 本地朱晓临《数值分析》第2版目录; SciPy integrate官方文档
E0504,T233,M_NUM_INT,belongs_to,0.92,本地理论/实验课程大纲与14次课件目录; 本地朱晓临《数值分析》第2版目录; SciPy integrate官方文档
E0505,M_NUM_INT,T234,contains,0.92,本地理论/实验课程大纲与14次课件目录; 本地朱晓临《数值分析》第2版目录; SciPy integrate官方文档
E0506,T234,M_NUM_INT,belongs_to,0.92,本地理论/实验课程大纲与14次课件目录; 本地朱晓临《数值分析》第2版目录; SciPy integrate官方文档
E0507,M_NUM_INT,T235,contains,0.92,本地理论/实验课程大纲与14次课件目录; 本地朱晓临《数值分析》第2版目录; SciPy integrate官方文档
E0508,T235,M_NUM_INT,belongs_to,0.92,本地理论/实验课程大纲与14次课件目录; 本地朱晓临《数值分析》第2版目录; SciPy integrate官方文档
E0509,M_NUM_INT,T236,contains,0.92,本地理论/实验课程大纲与14次课件目录; 本地朱晓临《数值分析》第2版目录; SciPy integrate官方文档
E0510,T236,M_NUM_INT,belongs_to,0.92,本地理论/实验课程大纲与14次课件目录; 本地朱晓临《数值分析》第2版目录; SciPy integrate官方文档
E0511,M_NUM_INT,T237,contains,0.92,本地理论/实验课程大纲与14次课件目录; 本地朱晓临《数值分析》第2版目录; SciPy integrate官方文档
E0512,T237,M_NUM_INT,belongs_to,0.92,本地理论/实验课程大纲与14次课件目录; 本地朱晓临《数值分析》第2版目录; SciPy integrate官方文档
E0513,M_NUM_INT,T238,contains,0.92,本地理论/实验课程大纲与14次课件目录; 本地朱晓临《数值分析》第2版目录; SciPy integrate官方文档
E0514,T238,M_NUM_INT,belongs_to,0.92,本地理论/实验课程大纲与14次课件目录; 本地朱晓临《数值分析》第2版目录; SciPy integrate官方文档
E0515,M_NUM_INT,T239,contains,0.92,本地理论/实验课程大纲与14次课件目录; 本地朱晓临《数值分析》第2版目录; SciPy integrate官方文档
E0516,T239,M_NUM_INT,belongs_to,0.92,本地理论/实验课程大纲与14次课件目录; 本地朱晓临《数值分析》第2版目录; SciPy integrate官方文档
E0517,M_NUM_INT,T240,contains,0.92,本地理论/实验课程大纲与14次课件目录; 本地朱晓临《数值分析》第2版目录; SciPy integrate官方文档
E0518,T240,M_NUM_INT,belongs_to,0.92,本地理论/实验课程大纲与14次课件目录; 本地朱晓临《数值分析》第2版目录; SciPy integrate官方文档
E0519,M_NUM_INT,T241,contains,0.92,本地理论/实验课程大纲与14次课件目录; 本地朱晓临《数值分析》第2版目录; SciPy integrate官方文档
E0520,T241,M_NUM_INT,belongs_to,0.92,本地理论/实验课程大纲与14次课件目录; 本地朱晓临《数值分析》第2版目录; SciPy integrate官方文档
E0521,M_NUM_INT,T242,contains,0.92,本地理论/实验课程大纲与14次课件目录; 本地朱晓临《数值分析》第2版目录; SciPy integrate官方文档
E0522,T242,M_NUM_INT,belongs_to,0.92,本地理论/实验课程大纲与14次课件目录; 本地朱晓临《数值分析》第2版目录; SciPy integrate官方文档
E0523,M_NUM_INT,T243,contains,0.92,本地理论/实验课程大纲与14次课件目录; 本地朱晓临《数值分析》第2版目录; SciPy integrate官方文档
E0524,T243,M_NUM_INT,belongs_to,0.92,本地理论/实验课程大纲与14次课件目录; 本地朱晓临《数值分析》第2版目录; SciPy integrate官方文档
E0525,M_NUM_INT,T244,contains,0.92,本地理论/实验课程大纲与14次课件目录; 本地朱晓临《数值分析》第2版目录; SciPy integrate官方文档
E0526,T244,M_NUM_INT,belongs_to,0.92,本地理论/实验课程大纲与14次课件目录; 本地朱晓临《数值分析》第2版目录; SciPy integrate官方文档
E0527,M_NUM_INT,T245,contains,0.92,本地理论/实验课程大纲与14次课件目录; 本地朱晓临《数值分析》第2版目录; SciPy integrate官方文档
E0528,T245,M_NUM_INT,belongs_to,0.92,本地理论/实验课程大纲与14次课件目录; 本地朱晓临《数值分析》第2版目录; SciPy integrate官方文档
E0529,M_NUM_INT,T246,contains,0.92,本地理论/实验课程大纲与14次课件目录; 本地朱晓临《数值分析》第2版目录; SciPy integrate官方文档
E0530,T246,M_NUM_INT,belongs_to,0.92,本地理论/实验课程大纲与14次课件目录; 本地朱晓临《数值分析》第2版目录; SciPy integrate官方文档
E0531,M_NUM_INT,T247,contains,0.92,本地理论/实验课程大纲与14次课件目录; 本地朱晓临《数值分析》第2版目录; SciPy integrate官方文档
E0532,T247,M_NUM_INT,belongs_to,0.92,本地理论/实验课程大纲与14次课件目录; 本地朱晓临《数值分析》第2版目录; SciPy integrate官方文档
E0533,M_NUM_INT,T248,contains,0.92,本地理论/实验课程大纲与14次课件目录; 本地朱晓临《数值分析》第2版目录; SciPy integrate官方文档
E0534,T248,M_NUM_INT,belongs_to,0.92,本地理论/实验课程大纲与14次课件目录; 本地朱晓临《数值分析》第2版目录; SciPy integrate官方文档
E0535,M_NUM_INT,T249,contains,0.92,本地理论/实验课程大纲与14次课件目录; 本地朱晓临《数值分析》第2版目录; SciPy integrate官方文档
E0536,T249,M_NUM_INT,belongs_to,0.92,本地理论/实验课程大纲与14次课件目录; 本地朱晓临《数值分析》第2版目录; SciPy integrate官方文档
E0537,M_NUM_INT,T250,contains,0.92,本地理论/实验课程大纲与14次课件目录; 本地朱晓临《数值分析》第2版目录; SciPy integrate官方文档
E0538,T250,M_NUM_INT,belongs_to,0.92,本地理论/实验课程大纲与14次课件目录; 本地朱晓临《数值分析》第2版目录; SciPy integrate官方文档
E0539,M_NUM_INT,T251,contains,0.92,本地理论/实验课程大纲与14次课件目录; 本地朱晓临《数值分析》第2版目录; SciPy integrate官方文档
E0540,T251,M_NUM_INT,belongs_to,0.92,本地理论/实验课程大纲与14次课件目录; 本地朱晓临《数值分析》第2版目录; SciPy integrate官方文档
E0541,M_ODE_IVP,T252,contains,0.92,本地理论/实验课程大纲与14次课件目录; 本地朱晓临《数值分析》第2版目录; MathWorks MATLAB ODE官方文档
E0542,T252,M_ODE_IVP,belongs_to,0.92,本地理论/实验课程大纲与14次课件目录; 本地朱晓临《数值分析》第2版目录; MathWorks MATLAB ODE官方文档
E0543,M_ODE_IVP,T253,contains,0.92,本地理论/实验课程大纲与14次课件目录; 本地朱晓临《数值分析》第2版目录; MathWorks MATLAB ODE官方文档
E0544,T253,M_ODE_IVP,belongs_to,0.92,本地理论/实验课程大纲与14次课件目录; 本地朱晓临《数值分析》第2版目录; MathWorks MATLAB ODE官方文档
E0545,M_ODE_IVP,T254,contains,0.92,本地理论/实验课程大纲与14次课件目录; 本地朱晓临《数值分析》第2版目录; MathWorks MATLAB ODE官方文档
E0546,T254,M_ODE_IVP,belongs_to,0.92,本地理论/实验课程大纲与14次课件目录; 本地朱晓临《数值分析》第2版目录; MathWorks MATLAB ODE官方文档
E0547,M_ODE_IVP,T255,contains,0.92,本地理论/实验课程大纲与14次课件目录; 本地朱晓临《数值分析》第2版目录; MathWorks MATLAB ODE官方文档
E0548,T255,M_ODE_IVP,belongs_to,0.92,本地理论/实验课程大纲与14次课件目录; 本地朱晓临《数值分析》第2版目录; MathWorks MATLAB ODE官方文档
E0549,M_ODE_IVP,T256,contains,0.92,本地理论/实验课程大纲与14次课件目录; 本地朱晓临《数值分析》第2版目录; MathWorks MATLAB ODE官方文档
E0550,T256,M_ODE_IVP,belongs_to,0.92,本地理论/实验课程大纲与14次课件目录; 本地朱晓临《数值分析》第2版目录; MathWorks MATLAB ODE官方文档
E0551,M_ODE_IVP,T257,contains,0.92,本地理论/实验课程大纲与14次课件目录; 本地朱晓临《数值分析》第2版目录; MathWorks MATLAB ODE官方文档
E0552,T257,M_ODE_IVP,belongs_to,0.92,本地理论/实验课程大纲与14次课件目录; 本地朱晓临《数值分析》第2版目录; MathWorks MATLAB ODE官方文档
E0553,M_ODE_IVP,T258,contains,0.92,本地理论/实验课程大纲与14次课件目录; 本地朱晓临《数值分析》第2版目录; MathWorks MATLAB ODE官方文档
E0554,T258,M_ODE_IVP,belongs_to,0.92,本地理论/实验课程大纲与14次课件目录; 本地朱晓临《数值分析》第2版目录; MathWorks MATLAB ODE官方文档
E0555,M_ODE_IVP,T259,contains,0.92,本地理论/实验课程大纲与14次课件目录; 本地朱晓临《数值分析》第2版目录; MathWorks MATLAB ODE官方文档
E0556,T259,M_ODE_IVP,belongs_to,0.92,本地理论/实验课程大纲与14次课件目录; 本地朱晓临《数值分析》第2版目录; MathWorks MATLAB ODE官方文档
E0557,M_ODE_IVP,T260,contains,0.92,本地理论/实验课程大纲与14次课件目录; 本地朱晓临《数值分析》第2版目录; MathWorks MATLAB ODE官方文档
E0558,T260,M_ODE_IVP,belongs_to,0.92,本地理论/实验课程大纲与14次课件目录; 本地朱晓临《数值分析》第2版目录; MathWorks MATLAB ODE官方文档
E0559,M_ODE_IVP,T261,contains,0.92,本地理论/实验课程大纲与14次课件目录; 本地朱晓临《数值分析》第2版目录; MathWorks MATLAB ODE官方文档
E0560,T261,M_ODE_IVP,belongs_to,0.92,本地理论/实验课程大纲与14次课件目录; 本地朱晓临《数值分析》第2版目录; MathWorks MATLAB ODE官方文档
E0561,M_ODE_IVP,T262,contains,0.92,本地理论/实验课程大纲与14次课件目录; 本地朱晓临《数值分析》第2版目录; MathWorks MATLAB ODE官方文档
E0562,T262,M_ODE_IVP,belongs_to,0.92,本地理论/实验课程大纲与14次课件目录; 本地朱晓临《数值分析》第2版目录; MathWorks MATLAB ODE官方文档
E0563,M_ODE_IVP,T263,contains,0.92,本地理论/实验课程大纲与14次课件目录; 本地朱晓临《数值分析》第2版目录; MathWorks MATLAB ODE官方文档
E0564,T263,M_ODE_IVP,belongs_to,0.92,本地理论/实验课程大纲与14次课件目录; 本地朱晓临《数值分析》第2版目录; MathWorks MATLAB ODE官方文档
E0565,M_ODE_IVP,T264,contains,0.92,本地理论/实验课程大纲与14次课件目录; 本地朱晓临《数值分析》第2版目录; MathWorks MATLAB ODE官方文档
E0566,T264,M_ODE_IVP,belongs_to,0.92,本地理论/实验课程大纲与14次课件目录; 本地朱晓临《数值分析》第2版目录; MathWorks MATLAB ODE官方文档
E0567,M_ODE_IVP,T265,contains,0.92,本地理论/实验课程大纲与14次课件目录; 本地朱晓临《数值分析》第2版目录; MathWorks MATLAB ODE官方文档
E0568,T265,M_ODE_IVP,belongs_to,0.92,本地理论/实验课程大纲与14次课件目录; 本地朱晓临《数值分析》第2版目录; MathWorks MATLAB ODE官方文档
E0569,M_ODE_IVP,T266,contains,0.92,本地理论/实验课程大纲与14次课件目录; 本地朱晓临《数值分析》第2版目录; MathWorks MATLAB ODE官方文档
E0570,T266,M_ODE_IVP,belongs_to,0.92,本地理论/实验课程大纲与14次课件目录; 本地朱晓临《数值分析》第2版目录; MathWorks MATLAB ODE官方文档
E0571,M_ODE_IVP,T267,contains,0.92,本地理论/实验课程大纲与14次课件目录; 本地朱晓临《数值分析》第2版目录; MathWorks MATLAB ODE官方文档
E0572,T267,M_ODE_IVP,belongs_to,0.92,本地理论/实验课程大纲与14次课件目录; 本地朱晓临《数值分析》第2版目录; MathWorks MATLAB ODE官方文档
E0573,M_ODE_IVP,T268,contains,0.92,本地理论/实验课程大纲与14次课件目录; 本地朱晓临《数值分析》第2版目录; MathWorks MATLAB ODE官方文档
E0574,T268,M_ODE_IVP,belongs_to,0.92,本地理论/实验课程大纲与14次课件目录; 本地朱晓临《数值分析》第2版目录; MathWorks MATLAB ODE官方文档
E0575,M_ODE_IVP,T269,contains,0.92,本地理论/实验课程大纲与14次课件目录; 本地朱晓临《数值分析》第2版目录; MathWorks MATLAB ODE官方文档
E0576,T269,M_ODE_IVP,belongs_to,0.92,本地理论/实验课程大纲与14次课件目录; 本地朱晓临《数值分析》第2版目录; MathWorks MATLAB ODE官方文档
E0577,M_ODE_IVP,T270,contains,0.92,本地理论/实验课程大纲与14次课件目录; 本地朱晓临《数值分析》第2版目录; MathWorks MATLAB ODE官方文档
E0578,T270,M_ODE_IVP,belongs_to,0.92,本地理论/实验课程大纲与14次课件目录; 本地朱晓临《数值分析》第2版目录; MathWorks MATLAB ODE官方文档
E0579,M_ODE_IVP,T271,contains,0.92,本地理论/实验课程大纲与14次课件目录; 本地朱晓临《数值分析》第2版目录; MathWorks MATLAB ODE官方文档
E0580,T271,M_ODE_IVP,belongs_to,0.92,本地理论/实验课程大纲与14次课件目录; 本地朱晓临《数值分析》第2版目录; MathWorks MATLAB ODE官方文档
E0581,M_ODE_IVP,T272,contains,0.92,本地理论/实验课程大纲与14次课件目录; 本地朱晓临《数值分析》第2版目录; MathWorks MATLAB ODE官方文档
E0582,T272,M_ODE_IVP,belongs_to,0.92,本地理论/实验课程大纲与14次课件目录; 本地朱晓临《数值分析》第2版目录; MathWorks MATLAB ODE官方文档
E0583,M_ODE_IVP,T273,contains,0.92,本地理论/实验课程大纲与14次课件目录; 本地朱晓临《数值分析》第2版目录; MathWorks MATLAB ODE官方文档
E0584,T273,M_ODE_IVP,belongs_to,0.92,本地理论/实验课程大纲与14次课件目录; 本地朱晓临《数值分析》第2版目录; MathWorks MATLAB ODE官方文档
E0585,M_ODE_IVP,T274,contains,0.92,本地理论/实验课程大纲与14次课件目录; 本地朱晓临《数值分析》第2版目录; MathWorks MATLAB ODE官方文档
E0586,T274,M_ODE_IVP,belongs_to,0.92,本地理论/实验课程大纲与14次课件目录; 本地朱晓临《数值分析》第2版目录; MathWorks MATLAB ODE官方文档
E0587,M_ODE_IVP,T275,contains,0.92,本地理论/实验课程大纲与14次课件目录; 本地朱晓临《数值分析》第2版目录; MathWorks MATLAB ODE官方文档
E0588,T275,M_ODE_IVP,belongs_to,0.92,本地理论/实验课程大纲与14次课件目录; 本地朱晓临《数值分析》第2版目录; MathWorks MATLAB ODE官方文档
E0589,M_ODE_IVP,T276,contains,0.92,本地理论/实验课程大纲与14次课件目录; 本地朱晓临《数值分析》第2版目录; MathWorks MATLAB ODE官方文档
E0590,T276,M_ODE_IVP,belongs_to,0.92,本地理论/实验课程大纲与14次课件目录; 本地朱晓临《数值分析》第2版目录; MathWorks MATLAB ODE官方文档
E0591,M_ODE_IVP,T277,contains,0.92,本地理论/实验课程大纲与14次课件目录; 本地朱晓临《数值分析》第2版目录; MathWorks MATLAB ODE官方文档
E0592,T277,M_ODE_IVP,belongs_to,0.92,本地理论/实验课程大纲与14次课件目录; 本地朱晓临《数值分析》第2版目录; MathWorks MATLAB ODE官方文档
E0593,M_ODE_IVP,T278,contains,0.92,本地理论/实验课程大纲与14次课件目录; 本地朱晓临《数值分析》第2版目录; MathWorks MATLAB ODE官方文档
E0594,T278,M_ODE_IVP,belongs_to,0.92,本地理论/实验课程大纲与14次课件目录; 本地朱晓临《数值分析》第2版目录; MathWorks MATLAB ODE官方文档
E0595,M_ODE_IVP,T279,contains,0.92,本地理论/实验课程大纲与14次课件目录; 本地朱晓临《数值分析》第2版目录; MathWorks MATLAB ODE官方文档
E0596,T279,M_ODE_IVP,belongs_to,0.92,本地理论/实验课程大纲与14次课件目录; 本地朱晓临《数值分析》第2版目录; MathWorks MATLAB ODE官方文档
E0597,M_ODE_IVP,T280,contains,0.92,本地理论/实验课程大纲与14次课件目录; 本地朱晓临《数值分析》第2版目录; MathWorks MATLAB ODE官方文档
E0598,T280,M_ODE_IVP,belongs_to,0.92,本地理论/实验课程大纲与14次课件目录; 本地朱晓临《数值分析》第2版目录; MathWorks MATLAB ODE官方文档
E0599,M_ODE_IVP,T281,contains,0.92,本地理论/实验课程大纲与14次课件目录; 本地朱晓临《数值分析》第2版目录; MathWorks MATLAB ODE官方文档
E0600,T281,M_ODE_IVP,belongs_to,0.92,本地理论/实验课程大纲与14次课件目录; 本地朱晓临《数值分析》第2版目录; MathWorks MATLAB ODE官方文档
E0601,M_ODE_BVP,T282,contains,0.92,本地理论/实验课程大纲与14次课件目录; 本地朱晓临《数值分析》第2版目录
E0602,T282,M_ODE_BVP,belongs_to,0.92,本地理论/实验课程大纲与14次课件目录; 本地朱晓临《数值分析》第2版目录
E0603,M_ODE_BVP,T283,contains,0.92,本地理论/实验课程大纲与14次课件目录; 本地朱晓临《数值分析》第2版目录
E0604,T283,M_ODE_BVP,belongs_to,0.92,本地理论/实验课程大纲与14次课件目录; 本地朱晓临《数值分析》第2版目录
E0605,M_ODE_BVP,T284,contains,0.92,本地理论/实验课程大纲与14次课件目录; 本地朱晓临《数值分析》第2版目录
E0606,T284,M_ODE_BVP,belongs_to,0.92,本地理论/实验课程大纲与14次课件目录; 本地朱晓临《数值分析》第2版目录
E0607,M_ODE_BVP,T285,contains,0.92,本地理论/实验课程大纲与14次课件目录; 本地朱晓临《数值分析》第2版目录
E0608,T285,M_ODE_BVP,belongs_to,0.92,本地理论/实验课程大纲与14次课件目录; 本地朱晓临《数值分析》第2版目录
E0609,M_ODE_BVP,T286,contains,0.92,本地理论/实验课程大纲与14次课件目录; 本地朱晓临《数值分析》第2版目录
E0610,T286,M_ODE_BVP,belongs_to,0.92,本地理论/实验课程大纲与14次课件目录; 本地朱晓临《数值分析》第2版目录
E0611,M_ODE_BVP,T287,contains,0.92,本地理论/实验课程大纲与14次课件目录; 本地朱晓临《数值分析》第2版目录
E0612,T287,M_ODE_BVP,belongs_to,0.92,本地理论/实验课程大纲与14次课件目录; 本地朱晓临《数值分析》第2版目录
E0613,M_ODE_BVP,T288,contains,0.92,本地理论/实验课程大纲与14次课件目录; 本地朱晓临《数值分析》第2版目录
E0614,T288,M_ODE_BVP,belongs_to,0.92,本地理论/实验课程大纲与14次课件目录; 本地朱晓临《数值分析》第2版目录
E0615,M_ODE_BVP,T289,contains,0.92,本地理论/实验课程大纲与14次课件目录; 本地朱晓临《数值分析》第2版目录
E0616,T289,M_ODE_BVP,belongs_to,0.92,本地理论/实验课程大纲与14次课件目录; 本地朱晓临《数值分析》第2版目录
E0617,M_ODE_BVP,T290,contains,0.92,本地理论/实验课程大纲与14次课件目录; 本地朱晓临《数值分析》第2版目录
E0618,T290,M_ODE_BVP,belongs_to,0.92,本地理论/实验课程大纲与14次课件目录; 本地朱晓临《数值分析》第2版目录
E0619,M_ODE_BVP,T291,contains,0.92,本地理论/实验课程大纲与14次课件目录; 本地朱晓临《数值分析》第2版目录
E0620,T291,M_ODE_BVP,belongs_to,0.92,本地理论/实验课程大纲与14次课件目录; 本地朱晓临《数值分析》第2版目录
E0621,M_ODE_BVP,T292,contains,0.92,本地理论/实验课程大纲与14次课件目录; 本地朱晓临《数值分析》第2版目录
E0622,T292,M_ODE_BVP,belongs_to,0.92,本地理论/实验课程大纲与14次课件目录; 本地朱晓临《数值分析》第2版目录
E0623,M_ODE_BVP,T293,contains,0.92,本地理论/实验课程大纲与14次课件目录; 本地朱晓临《数值分析》第2版目录
E0624,T293,M_ODE_BVP,belongs_to,0.92,本地理论/实验课程大纲与14次课件目录; 本地朱晓临《数值分析》第2版目录
E0625,M_ODE_BVP,T294,contains,0.92,本地理论/实验课程大纲与14次课件目录; 本地朱晓临《数值分析》第2版目录
E0626,T294,M_ODE_BVP,belongs_to,0.92,本地理论/实验课程大纲与14次课件目录; 本地朱晓临《数值分析》第2版目录
E0627,M_ODE_BVP,T295,contains,0.92,本地理论/实验课程大纲与14次课件目录; 本地朱晓临《数值分析》第2版目录
E0628,T295,M_ODE_BVP,belongs_to,0.92,本地理论/实验课程大纲与14次课件目录; 本地朱晓临《数值分析》第2版目录
E0629,M_ODE_BVP,T296,contains,0.92,本地理论/实验课程大纲与14次课件目录; 本地朱晓临《数值分析》第2版目录
E0630,T296,M_ODE_BVP,belongs_to,0.92,本地理论/实验课程大纲与14次课件目录; 本地朱晓临《数值分析》第2版目录
E0631,M_ODE_BVP,T297,contains,0.92,本地理论/实验课程大纲与14次课件目录; 本地朱晓临《数值分析》第2版目录
E0632,T297,M_ODE_BVP,belongs_to,0.92,本地理论/实验课程大纲与14次课件目录; 本地朱晓临《数值分析》第2版目录
E0633,M_ODE_BVP,T298,contains,0.92,本地理论/实验课程大纲与14次课件目录; 本地朱晓临《数值分析》第2版目录
E0634,T298,M_ODE_BVP,belongs_to,0.92,本地理论/实验课程大纲与14次课件目录; 本地朱晓临《数值分析》第2版目录
E0635,M_ODE_BVP,T299,contains,0.92,本地理论/实验课程大纲与14次课件目录; 本地朱晓临《数值分析》第2版目录
E0636,T299,M_ODE_BVP,belongs_to,0.92,本地理论/实验课程大纲与14次课件目录; 本地朱晓临《数值分析》第2版目录
E0637,M_ODE_BVP,T300,contains,0.92,本地理论/实验课程大纲与14次课件目录; 本地朱晓临《数值分析》第2版目录
E0638,T300,M_ODE_BVP,belongs_to,0.92,本地理论/实验课程大纲与14次课件目录; 本地朱晓临《数值分析》第2版目录
E0639,M_ODE_BVP,T301,contains,0.92,本地理论/实验课程大纲与14次课件目录; 本地朱晓临《数值分析》第2版目录
E0640,T301,M_ODE_BVP,belongs_to,0.92,本地理论/实验课程大纲与14次课件目录; 本地朱晓临《数值分析》第2版目录
E0641,M_EIGEN_SVD,T302,contains,0.90,本地朱晓临《数值分析》第2版目录; 本地潘建瑜《数值分析讲义》目录
E0642,T302,M_EIGEN_SVD,belongs_to,0.90,本地朱晓临《数值分析》第2版目录; 本地潘建瑜《数值分析讲义》目录
E0643,M_EIGEN_SVD,T303,contains,0.90,本地朱晓临《数值分析》第2版目录; 本地潘建瑜《数值分析讲义》目录
E0644,T303,M_EIGEN_SVD,belongs_to,0.90,本地朱晓临《数值分析》第2版目录; 本地潘建瑜《数值分析讲义》目录
E0645,M_EIGEN_SVD,T304,contains,0.90,本地朱晓临《数值分析》第2版目录; 本地潘建瑜《数值分析讲义》目录
E0646,T304,M_EIGEN_SVD,belongs_to,0.90,本地朱晓临《数值分析》第2版目录; 本地潘建瑜《数值分析讲义》目录
E0647,M_EIGEN_SVD,T305,contains,0.90,本地朱晓临《数值分析》第2版目录; 本地潘建瑜《数值分析讲义》目录
E0648,T305,M_EIGEN_SVD,belongs_to,0.90,本地朱晓临《数值分析》第2版目录; 本地潘建瑜《数值分析讲义》目录
E0649,M_EIGEN_SVD,T306,contains,0.90,本地朱晓临《数值分析》第2版目录; 本地潘建瑜《数值分析讲义》目录
E0650,T306,M_EIGEN_SVD,belongs_to,0.90,本地朱晓临《数值分析》第2版目录; 本地潘建瑜《数值分析讲义》目录
E0651,M_EIGEN_SVD,T307,contains,0.90,本地朱晓临《数值分析》第2版目录; 本地潘建瑜《数值分析讲义》目录
E0652,T307,M_EIGEN_SVD,belongs_to,0.90,本地朱晓临《数值分析》第2版目录; 本地潘建瑜《数值分析讲义》目录
E0653,M_EIGEN_SVD,T308,contains,0.90,本地朱晓临《数值分析》第2版目录; 本地潘建瑜《数值分析讲义》目录
E0654,T308,M_EIGEN_SVD,belongs_to,0.90,本地朱晓临《数值分析》第2版目录; 本地潘建瑜《数值分析讲义》目录
E0655,M_EIGEN_SVD,T309,contains,0.90,本地朱晓临《数值分析》第2版目录; 本地潘建瑜《数值分析讲义》目录
E0656,T309,M_EIGEN_SVD,belongs_to,0.90,本地朱晓临《数值分析》第2版目录; 本地潘建瑜《数值分析讲义》目录
E0657,M_EIGEN_SVD,T310,contains,0.90,本地朱晓临《数值分析》第2版目录; 本地潘建瑜《数值分析讲义》目录
E0658,T310,M_EIGEN_SVD,belongs_to,0.90,本地朱晓临《数值分析》第2版目录; 本地潘建瑜《数值分析讲义》目录
E0659,M_EIGEN_SVD,T311,contains,0.90,本地朱晓临《数值分析》第2版目录; 本地潘建瑜《数值分析讲义》目录
E0660,T311,M_EIGEN_SVD,belongs_to,0.90,本地朱晓临《数值分析》第2版目录; 本地潘建瑜《数值分析讲义》目录
E0661,M_EIGEN_SVD,T312,contains,0.90,本地朱晓临《数值分析》第2版目录; 本地潘建瑜《数值分析讲义》目录
E0662,T312,M_EIGEN_SVD,belongs_to,0.90,本地朱晓临《数值分析》第2版目录; 本地潘建瑜《数值分析讲义》目录
E0663,M_EIGEN_SVD,T313,contains,0.90,本地朱晓临《数值分析》第2版目录; 本地潘建瑜《数值分析讲义》目录
E0664,T313,M_EIGEN_SVD,belongs_to,0.90,本地朱晓临《数值分析》第2版目录; 本地潘建瑜《数值分析讲义》目录
E0665,M_EIGEN_SVD,T314,contains,0.90,本地朱晓临《数值分析》第2版目录; 本地潘建瑜《数值分析讲义》目录
E0666,T314,M_EIGEN_SVD,belongs_to,0.90,本地朱晓临《数值分析》第2版目录; 本地潘建瑜《数值分析讲义》目录
E0667,M_EIGEN_SVD,T315,contains,0.90,本地朱晓临《数值分析》第2版目录; 本地潘建瑜《数值分析讲义》目录
E0668,T315,M_EIGEN_SVD,belongs_to,0.90,本地朱晓临《数值分析》第2版目录; 本地潘建瑜《数值分析讲义》目录
E0669,M_EIGEN_SVD,T316,contains,0.90,本地朱晓临《数值分析》第2版目录; 本地潘建瑜《数值分析讲义》目录
E0670,T316,M_EIGEN_SVD,belongs_to,0.90,本地朱晓临《数值分析》第2版目录; 本地潘建瑜《数值分析讲义》目录
E0671,M_EIGEN_SVD,T317,contains,0.90,本地朱晓临《数值分析》第2版目录; 本地潘建瑜《数值分析讲义》目录
E0672,T317,M_EIGEN_SVD,belongs_to,0.90,本地朱晓临《数值分析》第2版目录; 本地潘建瑜《数值分析讲义》目录
E0673,M_EIGEN_SVD,T318,contains,0.90,本地朱晓临《数值分析》第2版目录; 本地潘建瑜《数值分析讲义》目录
E0674,T318,M_EIGEN_SVD,belongs_to,0.90,本地朱晓临《数值分析》第2版目录; 本地潘建瑜《数值分析讲义》目录
E0675,M_EIGEN_SVD,T319,contains,0.90,本地朱晓临《数值分析》第2版目录; 本地潘建瑜《数值分析讲义》目录
E0676,T319,M_EIGEN_SVD,belongs_to,0.90,本地朱晓临《数值分析》第2版目录; 本地潘建瑜《数值分析讲义》目录
E0677,M_EIGEN_SVD,T320,contains,0.90,本地朱晓临《数值分析》第2版目录; 本地潘建瑜《数值分析讲义》目录
E0678,T320,M_EIGEN_SVD,belongs_to,0.90,本地朱晓临《数值分析》第2版目录; 本地潘建瑜《数值分析讲义》目录
E0679,M_EIGEN_SVD,T321,contains,0.90,本地朱晓临《数值分析》第2版目录; 本地潘建瑜《数值分析讲义》目录
E0680,T321,M_EIGEN_SVD,belongs_to,0.90,本地朱晓临《数值分析》第2版目录; 本地潘建瑜《数值分析讲义》目录
E0681,M_EIGEN_SVD,T322,contains,0.90,本地朱晓临《数值分析》第2版目录; 本地潘建瑜《数值分析讲义》目录
E0682,T322,M_EIGEN_SVD,belongs_to,0.90,本地朱晓临《数值分析》第2版目录; 本地潘建瑜《数值分析讲义》目录
E0683,M_EIGEN_SVD,T323,contains,0.90,本地朱晓临《数值分析》第2版目录; 本地潘建瑜《数值分析讲义》目录
E0684,T323,M_EIGEN_SVD,belongs_to,0.90,本地朱晓临《数值分析》第2版目录; 本地潘建瑜《数值分析讲义》目录
E0685,M_PDE,T324,contains,0.86,MIT OCW 18.336 Numerical Methods for PDEs syllabus
E0686,T324,M_PDE,belongs_to,0.86,MIT OCW 18.336 Numerical Methods for PDEs syllabus
E0687,M_PDE,T325,contains,0.86,MIT OCW 18.336 Numerical Methods for PDEs syllabus
E0688,T325,M_PDE,belongs_to,0.86,MIT OCW 18.336 Numerical Methods for PDEs syllabus
E0689,M_PDE,T326,contains,0.86,MIT OCW 18.336 Numerical Methods for PDEs syllabus
E0690,T326,M_PDE,belongs_to,0.86,MIT OCW 18.336 Numerical Methods for PDEs syllabus
E0691,M_PDE,T327,contains,0.86,MIT OCW 18.336 Numerical Methods for PDEs syllabus
E0692,T327,M_PDE,belongs_to,0.86,MIT OCW 18.336 Numerical Methods for PDEs syllabus
E0693,M_PDE,T328,contains,0.86,MIT OCW 18.336 Numerical Methods for PDEs syllabus
E0694,T328,M_PDE,belongs_to,0.86,MIT OCW 18.336 Numerical Methods for PDEs syllabus
E0695,M_PDE,T329,contains,0.86,MIT OCW 18.336 Numerical Methods for PDEs syllabus
E0696,T329,M_PDE,belongs_to,0.86,MIT OCW 18.336 Numerical Methods for PDEs syllabus
E0697,M_PDE,T330,contains,0.86,MIT OCW 18.336 Numerical Methods for PDEs syllabus
E0698,T330,M_PDE,belongs_to,0.86,MIT OCW 18.336 Numerical Methods for PDEs syllabus
E0699,M_PDE,T331,contains,0.86,MIT OCW 18.336 Numerical Methods for PDEs syllabus
E0700,T331,M_PDE,belongs_to,0.86,MIT OCW 18.336 Numerical Methods for PDEs syllabus
E0701,M_PDE,T332,contains,0.86,MIT OCW 18.336 Numerical Methods for PDEs syllabus
E0702,T332,M_PDE,belongs_to,0.86,MIT OCW 18.336 Numerical Methods for PDEs syllabus
E0703,M_PDE,T333,contains,0.86,MIT OCW 18.336 Numerical Methods for PDEs syllabus
E0704,T333,M_PDE,belongs_to,0.86,MIT OCW 18.336 Numerical Methods for PDEs syllabus
E0705,M_PDE,T334,contains,0.86,MIT OCW 18.336 Numerical Methods for PDEs syllabus
E0706,T334,M_PDE,belongs_to,0.86,MIT OCW 18.336 Numerical Methods for PDEs syllabus
E0707,M_PDE,T335,contains,0.86,MIT OCW 18.336 Numerical Methods for PDEs syllabus
E0708,T335,M_PDE,belongs_to,0.86,MIT OCW 18.336 Numerical Methods for PDEs syllabus
E0709,M_PDE,T336,contains,0.86,MIT OCW 18.336 Numerical Methods for PDEs syllabus
E0710,T336,M_PDE,belongs_to,0.86,MIT OCW 18.336 Numerical Methods for PDEs syllabus
E0711,M_PDE,T337,contains,0.86,MIT OCW 18.336 Numerical Methods for PDEs syllabus
E0712,T337,M_PDE,belongs_to,0.86,MIT OCW 18.336 Numerical Methods for PDEs syllabus
E0713,M_PDE,T338,contains,0.86,MIT OCW 18.336 Numerical Methods for PDEs syllabus
E0714,T338,M_PDE,belongs_to,0.86,MIT OCW 18.336 Numerical Methods for PDEs syllabus
E0715,M_PDE,T339,contains,0.86,MIT OCW 18.336 Numerical Methods for PDEs syllabus
E0716,T339,M_PDE,belongs_to,0.86,MIT OCW 18.336 Numerical Methods for PDEs syllabus
E0717,M_PDE,T340,contains,0.86,MIT OCW 18.336 Numerical Methods for PDEs syllabus
E0718,T340,M_PDE,belongs_to,0.86,MIT OCW 18.336 Numerical Methods for PDEs syllabus
E0719,M_PDE,T341,contains,0.86,MIT OCW 18.336 Numerical Methods for PDEs syllabus
E0720,T341,M_PDE,belongs_to,0.86,MIT OCW 18.336 Numerical Methods for PDEs syllabus
E0721,M_PDE,T342,contains,0.86,MIT OCW 18.336 Numerical Methods for PDEs syllabus
E0722,T342,M_PDE,belongs_to,0.86,MIT OCW 18.336 Numerical Methods for PDEs syllabus
E0723,M_PDE,T343,contains,0.86,MIT OCW 18.336 Numerical Methods for PDEs syllabus
E0724,T343,M_PDE,belongs_to,0.86,MIT OCW 18.336 Numerical Methods for PDEs syllabus
E0725,M_PDE,T344,contains,0.86,MIT OCW 18.336 Numerical Methods for PDEs syllabus
E0726,T344,M_PDE,belongs_to,0.86,MIT OCW 18.336 Numerical Methods for PDEs syllabus
E0727,M_PDE,T345,contains,0.86,MIT OCW 18.336 Numerical Methods for PDEs syllabus
E0728,T345,M_PDE,belongs_to,0.86,MIT OCW 18.336 Numerical Methods for PDEs syllabus
E0729,M_PDE,T346,contains,0.86,MIT OCW 18.336 Numerical Methods for PDEs syllabus
E0730,T346,M_PDE,belongs_to,0.86,MIT OCW 18.336 Numerical Methods for PDEs syllabus
E0731,M_PDE,T347,contains,0.86,MIT OCW 18.336 Numerical Methods for PDEs syllabus
E0732,T347,M_PDE,belongs_to,0.86,MIT OCW 18.336 Numerical Methods for PDEs syllabus
E0733,M_PDE,T348,contains,0.86,MIT OCW 18.336 Numerical Methods for PDEs syllabus
E0734,T348,M_PDE,belongs_to,0.86,MIT OCW 18.336 Numerical Methods for PDEs syllabus
E0735,M_PDE,T349,contains,0.86,MIT OCW 18.336 Numerical Methods for PDEs syllabus
E0736,T349,M_PDE,belongs_to,0.86,MIT OCW 18.336 Numerical Methods for PDEs syllabus
E0737,M_PDE,T350,contains,0.86,MIT OCW 18.336 Numerical Methods for PDEs syllabus
E0738,T350,M_PDE,belongs_to,0.86,MIT OCW 18.336 Numerical Methods for PDEs syllabus
E0739,M_PDE,T351,contains,0.86,MIT OCW 18.336 Numerical Methods for PDEs syllabus
E0740,T351,M_PDE,belongs_to,0.86,MIT OCW 18.336 Numerical Methods for PDEs syllabus
E0741,M_PDE,T352,contains,0.86,MIT OCW 18.336 Numerical Methods for PDEs syllabus
E0742,T352,M_PDE,belongs_to,0.86,MIT OCW 18.336 Numerical Methods for PDEs syllabus
E0743,M_PDE,T353,contains,0.86,MIT OCW 18.336 Numerical Methods for PDEs syllabus
E0744,T353,M_PDE,belongs_to,0.86,MIT OCW 18.336 Numerical Methods for PDEs syllabus
E0745,M_OPTIMIZATION,T354,contains,0.86,MIT OCW 18.335 Introduction to Numerical Methods syllabus; SciPy optimize官方文档
E0746,T354,M_OPTIMIZATION,belongs_to,0.86,MIT OCW 18.335 Introduction to Numerical Methods syllabus; SciPy optimize官方文档
E0747,M_OPTIMIZATION,T355,contains,0.86,MIT OCW 18.335 Introduction to Numerical Methods syllabus; SciPy optimize官方文档
E0748,T355,M_OPTIMIZATION,belongs_to,0.86,MIT OCW 18.335 Introduction to Numerical Methods syllabus; SciPy optimize官方文档
E0749,M_OPTIMIZATION,T356,contains,0.86,MIT OCW 18.335 Introduction to Numerical Methods syllabus; SciPy optimize官方文档
E0750,T356,M_OPTIMIZATION,belongs_to,0.86,MIT OCW 18.335 Introduction to Numerical Methods syllabus; SciPy optimize官方文档
E0751,M_OPTIMIZATION,T357,contains,0.86,MIT OCW 18.335 Introduction to Numerical Methods syllabus; SciPy optimize官方文档
E0752,T357,M_OPTIMIZATION,belongs_to,0.86,MIT OCW 18.335 Introduction to Numerical Methods syllabus; SciPy optimize官方文档
E0753,M_OPTIMIZATION,T358,contains,0.86,MIT OCW 18.335 Introduction to Numerical Methods syllabus; SciPy optimize官方文档
E0754,T358,M_OPTIMIZATION,belongs_to,0.86,MIT OCW 18.335 Introduction to Numerical Methods syllabus; SciPy optimize官方文档
E0755,M_OPTIMIZATION,T359,contains,0.86,MIT OCW 18.335 Introduction to Numerical Methods syllabus; SciPy optimize官方文档
E0756,T359,M_OPTIMIZATION,belongs_to,0.86,MIT OCW 18.335 Introduction to Numerical Methods syllabus; SciPy optimize官方文档
E0757,M_OPTIMIZATION,T360,contains,0.86,MIT OCW 18.335 Introduction to Numerical Methods syllabus; SciPy optimize官方文档
E0758,T360,M_OPTIMIZATION,belongs_to,0.86,MIT OCW 18.335 Introduction to Numerical Methods syllabus; SciPy optimize官方文档
E0759,M_OPTIMIZATION,T361,contains,0.86,MIT OCW 18.335 Introduction to Numerical Methods syllabus; SciPy optimize官方文档
E0760,T361,M_OPTIMIZATION,belongs_to,0.86,MIT OCW 18.335 Introduction to Numerical Methods syllabus; SciPy optimize官方文档
E0761,M_OPTIMIZATION,T362,contains,0.86,MIT OCW 18.335 Introduction to Numerical Methods syllabus; SciPy optimize官方文档
E0762,T362,M_OPTIMIZATION,belongs_to,0.86,MIT OCW 18.335 Introduction to Numerical Methods syllabus; SciPy optimize官方文档
E0763,M_OPTIMIZATION,T363,contains,0.86,MIT OCW 18.335 Introduction to Numerical Methods syllabus; SciPy optimize官方文档
E0764,T363,M_OPTIMIZATION,belongs_to,0.86,MIT OCW 18.335 Introduction to Numerical Methods syllabus; SciPy optimize官方文档
E0765,M_OPTIMIZATION,T364,contains,0.86,MIT OCW 18.335 Introduction to Numerical Methods syllabus; SciPy optimize官方文档
E0766,T364,M_OPTIMIZATION,belongs_to,0.86,MIT OCW 18.335 Introduction to Numerical Methods syllabus; SciPy optimize官方文档
E0767,M_OPTIMIZATION,T365,contains,0.86,MIT OCW 18.335 Introduction to Numerical Methods syllabus; SciPy optimize官方文档
E0768,T365,M_OPTIMIZATION,belongs_to,0.86,MIT OCW 18.335 Introduction to Numerical Methods syllabus; SciPy optimize官方文档
E0769,M_OPTIMIZATION,T366,contains,0.86,MIT OCW 18.335 Introduction to Numerical Methods syllabus; SciPy optimize官方文档
E0770,T366,M_OPTIMIZATION,belongs_to,0.86,MIT OCW 18.335 Introduction to Numerical Methods syllabus; SciPy optimize官方文档
E0771,M_OPTIMIZATION,T367,contains,0.86,MIT OCW 18.335 Introduction to Numerical Methods syllabus; SciPy optimize官方文档
E0772,T367,M_OPTIMIZATION,belongs_to,0.86,MIT OCW 18.335 Introduction to Numerical Methods syllabus; SciPy optimize官方文档
E0773,M_OPTIMIZATION,T368,contains,0.86,MIT OCW 18.335 Introduction to Numerical Methods syllabus; SciPy optimize官方文档
E0774,T368,M_OPTIMIZATION,belongs_to,0.86,MIT OCW 18.335 Introduction to Numerical Methods syllabus; SciPy optimize官方文档
E0775,M_OPTIMIZATION,T369,contains,0.86,MIT OCW 18.335 Introduction to Numerical Methods syllabus; SciPy optimize官方文档
E0776,T369,M_OPTIMIZATION,belongs_to,0.86,MIT OCW 18.335 Introduction to Numerical Methods syllabus; SciPy optimize官方文档
E0777,M_OPTIMIZATION,T370,contains,0.86,MIT OCW 18.335 Introduction to Numerical Methods syllabus; SciPy optimize官方文档
E0778,T370,M_OPTIMIZATION,belongs_to,0.86,MIT OCW 18.335 Introduction to Numerical Methods syllabus; SciPy optimize官方文档
E0779,M_OPTIMIZATION,T371,contains,0.86,MIT OCW 18.335 Introduction to Numerical Methods syllabus; SciPy optimize官方文档
E0780,T371,M_OPTIMIZATION,belongs_to,0.86,MIT OCW 18.335 Introduction to Numerical Methods syllabus; SciPy optimize官方文档
E0781,M_OPTIMIZATION,T372,contains,0.86,MIT OCW 18.335 Introduction to Numerical Methods syllabus; SciPy optimize官方文档
E0782,T372,M_OPTIMIZATION,belongs_to,0.86,MIT OCW 18.335 Introduction to Numerical Methods syllabus; SciPy optimize官方文档
E0783,M_OPTIMIZATION,T373,contains,0.86,MIT OCW 18.335 Introduction to Numerical Methods syllabus; SciPy optimize官方文档
E0784,T373,M_OPTIMIZATION,belongs_to,0.86,MIT OCW 18.335 Introduction to Numerical Methods syllabus; SciPy optimize官方文档
E0785,M_OPTIMIZATION,T374,contains,0.86,MIT OCW 18.335 Introduction to Numerical Methods syllabus; SciPy optimize官方文档
E0786,T374,M_OPTIMIZATION,belongs_to,0.86,MIT OCW 18.335 Introduction to Numerical Methods syllabus; SciPy optimize官方文档
E0787,M_OPTIMIZATION,T375,contains,0.86,MIT OCW 18.335 Introduction to Numerical Methods syllabus; SciPy optimize官方文档
E0788,T375,M_OPTIMIZATION,belongs_to,0.86,MIT OCW 18.335 Introduction to Numerical Methods syllabus; SciPy optimize官方文档
E0789,M_OPTIMIZATION,T376,contains,0.86,MIT OCW 18.335 Introduction to Numerical Methods syllabus; SciPy optimize官方文档
E0790,T376,M_OPTIMIZATION,belongs_to,0.86,MIT OCW 18.335 Introduction to Numerical Methods syllabus; SciPy optimize官方文档
E0791,M_OPTIMIZATION,T377,contains,0.86,MIT OCW 18.335 Introduction to Numerical Methods syllabus; SciPy optimize官方文档
E0792,T377,M_OPTIMIZATION,belongs_to,0.86,MIT OCW 18.335 Introduction to Numerical Methods syllabus; SciPy optimize官方文档
E0793,M_OPTIMIZATION,T378,contains,0.86,MIT OCW 18.335 Introduction to Numerical Methods syllabus; SciPy optimize官方文档
E0794,T378,M_OPTIMIZATION,belongs_to,0.86,MIT OCW 18.335 Introduction to Numerical Methods syllabus; SciPy optimize官方文档
E0795,M_OPTIMIZATION,T379,contains,0.86,MIT OCW 18.335 Introduction to Numerical Methods syllabus; SciPy optimize官方文档
E0796,T379,M_OPTIMIZATION,belongs_to,0.86,MIT OCW 18.335 Introduction to Numerical Methods syllabus; SciPy optimize官方文档
E0797,M_OPTIMIZATION,T380,contains,0.86,MIT OCW 18.335 Introduction to Numerical Methods syllabus; SciPy optimize官方文档
E0798,T380,M_OPTIMIZATION,belongs_to,0.86,MIT OCW 18.335 Introduction to Numerical Methods syllabus; SciPy optimize官方文档
E0799,M_OPTIMIZATION,T381,contains,0.86,MIT OCW 18.335 Introduction to Numerical Methods syllabus; SciPy optimize官方文档
E0800,T381,M_OPTIMIZATION,belongs_to,0.86,MIT OCW 18.335 Introduction to Numerical Methods syllabus; SciPy optimize官方文档
E0801,M_OPTIMIZATION,T382,contains,0.86,MIT OCW 18.335 Introduction to Numerical Methods syllabus; SciPy optimize官方文档
E0802,T382,M_OPTIMIZATION,belongs_to,0.86,MIT OCW 18.335 Introduction to Numerical Methods syllabus; SciPy optimize官方文档
E0803,M_OPTIMIZATION,T383,contains,0.86,MIT OCW 18.335 Introduction to Numerical Methods syllabus; SciPy optimize官方文档
E0804,T383,M_OPTIMIZATION,belongs_to,0.86,MIT OCW 18.335 Introduction to Numerical Methods syllabus; SciPy optimize官方文档
E0805,M_OPTIMIZATION,T384,contains,0.86,MIT OCW 18.335 Introduction to Numerical Methods syllabus; SciPy optimize官方文档
E0806,T384,M_OPTIMIZATION,belongs_to,0.86,MIT OCW 18.335 Introduction to Numerical Methods syllabus; SciPy optimize官方文档
E0807,M_OPTIMIZATION,T385,contains,0.86,MIT OCW 18.335 Introduction to Numerical Methods syllabus; SciPy optimize官方文档
E0808,T385,M_OPTIMIZATION,belongs_to,0.86,MIT OCW 18.335 Introduction to Numerical Methods syllabus; SciPy optimize官方文档
E0809,M_OPTIMIZATION,T386,contains,0.86,MIT OCW 18.335 Introduction to Numerical Methods syllabus; SciPy optimize官方文档
E0810,T386,M_OPTIMIZATION,belongs_to,0.86,MIT OCW 18.335 Introduction to Numerical Methods syllabus; SciPy optimize官方文档
E0811,M_OPTIMIZATION,T387,contains,0.86,MIT OCW 18.335 Introduction to Numerical Methods syllabus; SciPy optimize官方文档
E0812,T387,M_OPTIMIZATION,belongs_to,0.86,MIT OCW 18.335 Introduction to Numerical Methods syllabus; SciPy optimize官方文档
E0813,M_OPTIMIZATION,T388,contains,0.86,MIT OCW 18.335 Introduction to Numerical Methods syllabus; SciPy optimize官方文档
E0814,T388,M_OPTIMIZATION,belongs_to,0.86,MIT OCW 18.335 Introduction to Numerical Methods syllabus; SciPy optimize官方文档
E0815,M_SCI_COMP,T389,contains,0.78,MIT OCW 18.335 Introduction to Numerical Methods syllabus; 专家补全：按数值分析通用知识体系整理，建议人工审核
E0816,T389,M_SCI_COMP,belongs_to,0.78,MIT OCW 18.335 Introduction to Numerical Methods syllabus; 专家补全：按数值分析通用知识体系整理，建议人工审核
E0817,M_SCI_COMP,T390,contains,0.78,MIT OCW 18.335 Introduction to Numerical Methods syllabus; 专家补全：按数值分析通用知识体系整理，建议人工审核
E0818,T390,M_SCI_COMP,belongs_to,0.78,MIT OCW 18.335 Introduction to Numerical Methods syllabus; 专家补全：按数值分析通用知识体系整理，建议人工审核
E0819,M_SCI_COMP,T391,contains,0.78,MIT OCW 18.335 Introduction to Numerical Methods syllabus; 专家补全：按数值分析通用知识体系整理，建议人工审核
E0820,T391,M_SCI_COMP,belongs_to,0.78,MIT OCW 18.335 Introduction to Numerical Methods syllabus; 专家补全：按数值分析通用知识体系整理，建议人工审核
E0821,M_SCI_COMP,T392,contains,0.78,MIT OCW 18.335 Introduction to Numerical Methods syllabus; 专家补全：按数值分析通用知识体系整理，建议人工审核
E0822,T392,M_SCI_COMP,belongs_to,0.78,MIT OCW 18.335 Introduction to Numerical Methods syllabus; 专家补全：按数值分析通用知识体系整理，建议人工审核
E0823,M_SCI_COMP,T393,contains,0.78,MIT OCW 18.335 Introduction to Numerical Methods syllabus; 专家补全：按数值分析通用知识体系整理，建议人工审核
E0824,T393,M_SCI_COMP,belongs_to,0.78,MIT OCW 18.335 Introduction to Numerical Methods syllabus; 专家补全：按数值分析通用知识体系整理，建议人工审核
E0825,M_SCI_COMP,T394,contains,0.78,MIT OCW 18.335 Introduction to Numerical Methods syllabus; 专家补全：按数值分析通用知识体系整理，建议人工审核
E0826,T394,M_SCI_COMP,belongs_to,0.78,MIT OCW 18.335 Introduction to Numerical Methods syllabus; 专家补全：按数值分析通用知识体系整理，建议人工审核
E0827,M_SCI_COMP,T395,contains,0.78,MIT OCW 18.335 Introduction to Numerical Methods syllabus; 专家补全：按数值分析通用知识体系整理，建议人工审核
E0828,T395,M_SCI_COMP,belongs_to,0.78,MIT OCW 18.335 Introduction to Numerical Methods syllabus; 专家补全：按数值分析通用知识体系整理，建议人工审核
E0829,M_SCI_COMP,T396,contains,0.78,MIT OCW 18.335 Introduction to Numerical Methods syllabus; 专家补全：按数值分析通用知识体系整理，建议人工审核
E0830,T396,M_SCI_COMP,belongs_to,0.78,MIT OCW 18.335 Introduction to Numerical Methods syllabus; 专家补全：按数值分析通用知识体系整理，建议人工审核
E0831,M_SCI_COMP,T397,contains,0.78,MIT OCW 18.335 Introduction to Numerical Methods syllabus; 专家补全：按数值分析通用知识体系整理，建议人工审核
E0832,T397,M_SCI_COMP,belongs_to,0.78,MIT OCW 18.335 Introduction to Numerical Methods syllabus; 专家补全：按数值分析通用知识体系整理，建议人工审核
E0833,M_SCI_COMP,T398,contains,0.78,MIT OCW 18.335 Introduction to Numerical Methods syllabus; 专家补全：按数值分析通用知识体系整理，建议人工审核
E0834,T398,M_SCI_COMP,belongs_to,0.78,MIT OCW 18.335 Introduction to Numerical Methods syllabus; 专家补全：按数值分析通用知识体系整理，建议人工审核
E0835,M_SCI_COMP,T399,contains,0.78,MIT OCW 18.335 Introduction to Numerical Methods syllabus; 专家补全：按数值分析通用知识体系整理，建议人工审核
E0836,T399,M_SCI_COMP,belongs_to,0.78,MIT OCW 18.335 Introduction to Numerical Methods syllabus; 专家补全：按数值分析通用知识体系整理，建议人工审核
E0837,M_SCI_COMP,T400,contains,0.78,MIT OCW 18.335 Introduction to Numerical Methods syllabus; 专家补全：按数值分析通用知识体系整理，建议人工审核
E0838,T400,M_SCI_COMP,belongs_to,0.78,MIT OCW 18.335 Introduction to Numerical Methods syllabus; 专家补全：按数值分析通用知识体系整理，建议人工审核
E0839,M_SCI_COMP,T401,contains,0.78,MIT OCW 18.335 Introduction to Numerical Methods syllabus; 专家补全：按数值分析通用知识体系整理，建议人工审核
E0840,T401,M_SCI_COMP,belongs_to,0.78,MIT OCW 18.335 Introduction to Numerical Methods syllabus; 专家补全：按数值分析通用知识体系整理，建议人工审核
E0841,M_SCI_COMP,T402,contains,0.78,MIT OCW 18.335 Introduction to Numerical Methods syllabus; 专家补全：按数值分析通用知识体系整理，建议人工审核
E0842,T402,M_SCI_COMP,belongs_to,0.78,MIT OCW 18.335 Introduction to Numerical Methods syllabus; 专家补全：按数值分析通用知识体系整理，建议人工审核
E0843,M_SCI_COMP,T403,contains,0.78,MIT OCW 18.335 Introduction to Numerical Methods syllabus; 专家补全：按数值分析通用知识体系整理，建议人工审核
E0844,T403,M_SCI_COMP,belongs_to,0.78,MIT OCW 18.335 Introduction to Numerical Methods syllabus; 专家补全：按数值分析通用知识体系整理，建议人工审核
E0845,M_SCI_COMP,T404,contains,0.78,MIT OCW 18.335 Introduction to Numerical Methods syllabus; 专家补全：按数值分析通用知识体系整理，建议人工审核
E0846,T404,M_SCI_COMP,belongs_to,0.78,MIT OCW 18.335 Introduction to Numerical Methods syllabus; 专家补全：按数值分析通用知识体系整理，建议人工审核
E0847,M_SCI_COMP,T405,contains,0.78,MIT OCW 18.335 Introduction to Numerical Methods syllabus; 专家补全：按数值分析通用知识体系整理，建议人工审核
E0848,T405,M_SCI_COMP,belongs_to,0.78,MIT OCW 18.335 Introduction to Numerical Methods syllabus; 专家补全：按数值分析通用知识体系整理，建议人工审核
E0849,M_SCI_COMP,T406,contains,0.78,MIT OCW 18.335 Introduction to Numerical Methods syllabus; 专家补全：按数值分析通用知识体系整理，建议人工审核
E0850,T406,M_SCI_COMP,belongs_to,0.78,MIT OCW 18.335 Introduction to Numerical Methods syllabus; 专家补全：按数值分析通用知识体系整理，建议人工审核
E0851,M_SCI_COMP,T407,contains,0.78,MIT OCW 18.335 Introduction to Numerical Methods syllabus; 专家补全：按数值分析通用知识体系整理，建议人工审核
E0852,T407,M_SCI_COMP,belongs_to,0.78,MIT OCW 18.335 Introduction to Numerical Methods syllabus; 专家补全：按数值分析通用知识体系整理，建议人工审核
E0853,M_SCI_COMP,T408,contains,0.78,MIT OCW 18.335 Introduction to Numerical Methods syllabus; 专家补全：按数值分析通用知识体系整理，建议人工审核
E0854,T408,M_SCI_COMP,belongs_to,0.78,MIT OCW 18.335 Introduction to Numerical Methods syllabus; 专家补全：按数值分析通用知识体系整理，建议人工审核
E0855,M_IMPLEMENTATION,T409,contains,0.86,SciPy optimize官方文档; SciPy integrate官方文档; MathWorks MATLAB ODE官方文档
E0856,T409,M_IMPLEMENTATION,belongs_to,0.86,SciPy optimize官方文档; SciPy integrate官方文档; MathWorks MATLAB ODE官方文档
E0857,M_IMPLEMENTATION,T410,contains,0.86,SciPy optimize官方文档; SciPy integrate官方文档; MathWorks MATLAB ODE官方文档
E0858,T410,M_IMPLEMENTATION,belongs_to,0.86,SciPy optimize官方文档; SciPy integrate官方文档; MathWorks MATLAB ODE官方文档
E0859,M_IMPLEMENTATION,T411,contains,0.86,SciPy optimize官方文档; SciPy integrate官方文档; MathWorks MATLAB ODE官方文档
E0860,T411,M_IMPLEMENTATION,belongs_to,0.86,SciPy optimize官方文档; SciPy integrate官方文档; MathWorks MATLAB ODE官方文档
E0861,M_IMPLEMENTATION,T412,contains,0.86,SciPy optimize官方文档; SciPy integrate官方文档; MathWorks MATLAB ODE官方文档
E0862,T412,M_IMPLEMENTATION,belongs_to,0.86,SciPy optimize官方文档; SciPy integrate官方文档; MathWorks MATLAB ODE官方文档
E0863,M_IMPLEMENTATION,T413,contains,0.86,SciPy optimize官方文档; SciPy integrate官方文档; MathWorks MATLAB ODE官方文档
E0864,T413,M_IMPLEMENTATION,belongs_to,0.86,SciPy optimize官方文档; SciPy integrate官方文档; MathWorks MATLAB ODE官方文档
E0865,M_IMPLEMENTATION,T414,contains,0.86,SciPy optimize官方文档; SciPy integrate官方文档; MathWorks MATLAB ODE官方文档
E0866,T414,M_IMPLEMENTATION,belongs_to,0.86,SciPy optimize官方文档; SciPy integrate官方文档; MathWorks MATLAB ODE官方文档
E0867,M_IMPLEMENTATION,T415,contains,0.86,SciPy optimize官方文档; SciPy integrate官方文档; MathWorks MATLAB ODE官方文档
E0868,T415,M_IMPLEMENTATION,belongs_to,0.86,SciPy optimize官方文档; SciPy integrate官方文档; MathWorks MATLAB ODE官方文档
E0869,M_IMPLEMENTATION,T416,contains,0.86,SciPy optimize官方文档; SciPy integrate官方文档; MathWorks MATLAB ODE官方文档
E0870,T416,M_IMPLEMENTATION,belongs_to,0.86,SciPy optimize官方文档; SciPy integrate官方文档; MathWorks MATLAB ODE官方文档
E0871,M_IMPLEMENTATION,T417,contains,0.86,SciPy optimize官方文档; SciPy integrate官方文档; MathWorks MATLAB ODE官方文档
E0872,T417,M_IMPLEMENTATION,belongs_to,0.86,SciPy optimize官方文档; SciPy integrate官方文档; MathWorks MATLAB ODE官方文档
E0873,M_IMPLEMENTATION,T418,contains,0.86,SciPy optimize官方文档; SciPy integrate官方文档; MathWorks MATLAB ODE官方文档
E0874,T418,M_IMPLEMENTATION,belongs_to,0.86,SciPy optimize官方文档; SciPy integrate官方文档; MathWorks MATLAB ODE官方文档
E0875,M_IMPLEMENTATION,T419,contains,0.86,SciPy optimize官方文档; SciPy integrate官方文档; MathWorks MATLAB ODE官方文档
E0876,T419,M_IMPLEMENTATION,belongs_to,0.86,SciPy optimize官方文档; SciPy integrate官方文档; MathWorks MATLAB ODE官方文档
E0877,M_IMPLEMENTATION,T420,contains,0.86,SciPy optimize官方文档; SciPy integrate官方文档; MathWorks MATLAB ODE官方文档
E0878,T420,M_IMPLEMENTATION,belongs_to,0.86,SciPy optimize官方文档; SciPy integrate官方文档; MathWorks MATLAB ODE官方文档
E0879,M_IMPLEMENTATION,T421,contains,0.86,SciPy optimize官方文档; SciPy integrate官方文档; MathWorks MATLAB ODE官方文档
E0880,T421,M_IMPLEMENTATION,belongs_to,0.86,SciPy optimize官方文档; SciPy integrate官方文档; MathWorks MATLAB ODE官方文档
E0881,M_IMPLEMENTATION,T422,contains,0.86,SciPy optimize官方文档; SciPy integrate官方文档; MathWorks MATLAB ODE官方文档
E0882,T422,M_IMPLEMENTATION,belongs_to,0.86,SciPy optimize官方文档; SciPy integrate官方文档; MathWorks MATLAB ODE官方文档
E0883,M_IMPLEMENTATION,T423,contains,0.86,SciPy optimize官方文档; SciPy integrate官方文档; MathWorks MATLAB ODE官方文档
E0884,T423,M_IMPLEMENTATION,belongs_to,0.86,SciPy optimize官方文档; SciPy integrate官方文档; MathWorks MATLAB ODE官方文档
E0885,M_IMPLEMENTATION,T424,contains,0.86,SciPy optimize官方文档; SciPy integrate官方文档; MathWorks MATLAB ODE官方文档
E0886,T424,M_IMPLEMENTATION,belongs_to,0.86,SciPy optimize官方文档; SciPy integrate官方文档; MathWorks MATLAB ODE官方文档
E0887,M_IMPLEMENTATION,T425,contains,0.86,SciPy optimize官方文档; SciPy integrate官方文档; MathWorks MATLAB ODE官方文档
E0888,T425,M_IMPLEMENTATION,belongs_to,0.86,SciPy optimize官方文档; SciPy integrate官方文档; MathWorks MATLAB ODE官方文档
E0889,M_IMPLEMENTATION,T426,contains,0.86,SciPy optimize官方文档; SciPy integrate官方文档; MathWorks MATLAB ODE官方文档
E0890,T426,M_IMPLEMENTATION,belongs_to,0.86,SciPy optimize官方文档; SciPy integrate官方文档; MathWorks MATLAB ODE官方文档
E0891,M_IMPLEMENTATION,T427,contains,0.86,SciPy optimize官方文档; SciPy integrate官方文档; MathWorks MATLAB ODE官方文档
E0892,T427,M_IMPLEMENTATION,belongs_to,0.86,SciPy optimize官方文档; SciPy integrate官方文档; MathWorks MATLAB ODE官方文档
E0893,M_IMPLEMENTATION,T428,contains,0.86,SciPy optimize官方文档; SciPy integrate官方文档; MathWorks MATLAB ODE官方文档
E0894,T428,M_IMPLEMENTATION,belongs_to,0.86,SciPy optimize官方文档; SciPy integrate官方文档; MathWorks MATLAB ODE官方文档
E0895,M_NONLINEAR_ROOT,ALG001,contains,0.92,本地理论/实验课程大纲与14次课件目录; 本地朱晓临《数值分析》第2版目录
E0896,ALG001,M_NONLINEAR_ROOT,belongs_to,0.92,本地理论/实验课程大纲与14次课件目录; 本地朱晓临《数值分析》第2版目录
E0897,M_NONLINEAR_ROOT,ALG002,contains,0.92,本地理论/实验课程大纲与14次课件目录; 本地朱晓临《数值分析》第2版目录
E0898,ALG002,M_NONLINEAR_ROOT,belongs_to,0.92,本地理论/实验课程大纲与14次课件目录; 本地朱晓临《数值分析》第2版目录
E0899,M_NONLINEAR_ROOT,ALG003,contains,0.92,本地理论/实验课程大纲与14次课件目录; 本地朱晓临《数值分析》第2版目录
E0900,ALG003,M_NONLINEAR_ROOT,belongs_to,0.92,本地理论/实验课程大纲与14次课件目录; 本地朱晓临《数值分析》第2版目录
E0901,M_NONLINEAR_ROOT,ALG004,contains,0.92,本地理论/实验课程大纲与14次课件目录; 本地朱晓临《数值分析》第2版目录
E0902,ALG004,M_NONLINEAR_ROOT,belongs_to,0.92,本地理论/实验课程大纲与14次课件目录; 本地朱晓临《数值分析》第2版目录
E0903,M_NONLINEAR_ROOT,ALG005,contains,0.92,本地理论/实验课程大纲与14次课件目录; 本地朱晓临《数值分析》第2版目录
E0904,ALG005,M_NONLINEAR_ROOT,belongs_to,0.92,本地理论/实验课程大纲与14次课件目录; 本地朱晓临《数值分析》第2版目录
E0905,M_NONLINEAR_ROOT,ALG006,contains,0.92,本地理论/实验课程大纲与14次课件目录; 本地朱晓临《数值分析》第2版目录
E0906,ALG006,M_NONLINEAR_ROOT,belongs_to,0.92,本地理论/实验课程大纲与14次课件目录; 本地朱晓临《数值分析》第2版目录
E0907,M_NONLINEAR_ROOT,ALG007,contains,0.92,本地理论/实验课程大纲与14次课件目录; 本地朱晓临《数值分析》第2版目录
E0908,ALG007,M_NONLINEAR_ROOT,belongs_to,0.92,本地理论/实验课程大纲与14次课件目录; 本地朱晓临《数值分析》第2版目录
E0909,M_NONLINEAR_ROOT,ALG008,contains,0.92,本地理论/实验课程大纲与14次课件目录; 本地朱晓临《数值分析》第2版目录
E0910,ALG008,M_NONLINEAR_ROOT,belongs_to,0.92,本地理论/实验课程大纲与14次课件目录; 本地朱晓临《数值分析》第2版目录
E0911,M_NONLINEAR_ROOT,ALG009,contains,0.92,本地理论/实验课程大纲与14次课件目录; 本地朱晓临《数值分析》第2版目录
E0912,ALG009,M_NONLINEAR_ROOT,belongs_to,0.92,本地理论/实验课程大纲与14次课件目录; 本地朱晓临《数值分析》第2版目录
E0913,M_NONLINEAR_ROOT,ALG010,contains,0.92,本地理论/实验课程大纲与14次课件目录; 本地朱晓临《数值分析》第2版目录
E0914,ALG010,M_NONLINEAR_ROOT,belongs_to,0.92,本地理论/实验课程大纲与14次课件目录; 本地朱晓临《数值分析》第2版目录
E0915,M_LINEAR_SYSTEMS,ALG011,contains,0.92,本地理论/实验课程大纲与14次课件目录; 本地朱晓临《数值分析》第2版目录; Netlib Templates for the Solution of Linear Systems
E0916,ALG011,M_LINEAR_SYSTEMS,belongs_to,0.92,本地理论/实验课程大纲与14次课件目录; 本地朱晓临《数值分析》第2版目录; Netlib Templates for the Solution of Linear Systems
E0917,M_LINEAR_SYSTEMS,ALG012,contains,0.92,本地理论/实验课程大纲与14次课件目录; 本地朱晓临《数值分析》第2版目录; Netlib Templates for the Solution of Linear Systems
E0918,ALG012,M_LINEAR_SYSTEMS,belongs_to,0.92,本地理论/实验课程大纲与14次课件目录; 本地朱晓临《数值分析》第2版目录; Netlib Templates for the Solution of Linear Systems
E0919,M_LINEAR_SYSTEMS,ALG013,contains,0.92,本地理论/实验课程大纲与14次课件目录; 本地朱晓临《数值分析》第2版目录; Netlib Templates for the Solution of Linear Systems
E0920,ALG013,M_LINEAR_SYSTEMS,belongs_to,0.92,本地理论/实验课程大纲与14次课件目录; 本地朱晓临《数值分析》第2版目录; Netlib Templates for the Solution of Linear Systems
E0921,M_LINEAR_SYSTEMS,ALG014,contains,0.92,本地理论/实验课程大纲与14次课件目录; 本地朱晓临《数值分析》第2版目录; Netlib Templates for the Solution of Linear Systems
E0922,ALG014,M_LINEAR_SYSTEMS,belongs_to,0.92,本地理论/实验课程大纲与14次课件目录; 本地朱晓临《数值分析》第2版目录; Netlib Templates for the Solution of Linear Systems
E0923,M_LINEAR_SYSTEMS,ALG015,contains,0.92,本地理论/实验课程大纲与14次课件目录; 本地朱晓临《数值分析》第2版目录; Netlib Templates for the Solution of Linear Systems
E0924,ALG015,M_LINEAR_SYSTEMS,belongs_to,0.92,本地理论/实验课程大纲与14次课件目录; 本地朱晓临《数值分析》第2版目录; Netlib Templates for the Solution of Linear Systems
E0925,M_LINEAR_SYSTEMS,ALG016,contains,0.92,本地理论/实验课程大纲与14次课件目录; 本地朱晓临《数值分析》第2版目录; Netlib Templates for the Solution of Linear Systems
E0926,ALG016,M_LINEAR_SYSTEMS,belongs_to,0.92,本地理论/实验课程大纲与14次课件目录; 本地朱晓临《数值分析》第2版目录; Netlib Templates for the Solution of Linear Systems
E0927,M_LINEAR_SYSTEMS,ALG017,contains,0.92,本地理论/实验课程大纲与14次课件目录; 本地朱晓临《数值分析》第2版目录; Netlib Templates for the Solution of Linear Systems
E0928,ALG017,M_LINEAR_SYSTEMS,belongs_to,0.92,本地理论/实验课程大纲与14次课件目录; 本地朱晓临《数值分析》第2版目录; Netlib Templates for the Solution of Linear Systems
E0929,M_LINEAR_SYSTEMS,ALG018,contains,0.92,本地理论/实验课程大纲与14次课件目录; 本地朱晓临《数值分析》第2版目录; Netlib Templates for the Solution of Linear Systems
E0930,ALG018,M_LINEAR_SYSTEMS,belongs_to,0.92,本地理论/实验课程大纲与14次课件目录; 本地朱晓临《数值分析》第2版目录; Netlib Templates for the Solution of Linear Systems
E0931,M_LINEAR_SYSTEMS,ALG019,contains,0.92,本地理论/实验课程大纲与14次课件目录; 本地朱晓临《数值分析》第2版目录; Netlib Templates for the Solution of Linear Systems
E0932,ALG019,M_LINEAR_SYSTEMS,belongs_to,0.92,本地理论/实验课程大纲与14次课件目录; 本地朱晓临《数值分析》第2版目录; Netlib Templates for the Solution of Linear Systems
E0933,M_LINEAR_SYSTEMS,ALG020,contains,0.92,本地理论/实验课程大纲与14次课件目录; 本地朱晓临《数值分析》第2版目录; Netlib Templates for the Solution of Linear Systems
E0934,ALG020,M_LINEAR_SYSTEMS,belongs_to,0.92,本地理论/实验课程大纲与14次课件目录; 本地朱晓临《数值分析》第2版目录; Netlib Templates for the Solution of Linear Systems
E0935,M_LINEAR_SYSTEMS,ALG021,contains,0.92,本地理论/实验课程大纲与14次课件目录; 本地朱晓临《数值分析》第2版目录; Netlib Templates for the Solution of Linear Systems
E0936,ALG021,M_LINEAR_SYSTEMS,belongs_to,0.92,本地理论/实验课程大纲与14次课件目录; 本地朱晓临《数值分析》第2版目录; Netlib Templates for the Solution of Linear Systems
E0937,M_LINEAR_SYSTEMS,ALG022,contains,0.92,本地理论/实验课程大纲与14次课件目录; 本地朱晓临《数值分析》第2版目录; Netlib Templates for the Solution of Linear Systems
E0938,ALG022,M_LINEAR_SYSTEMS,belongs_to,0.92,本地理论/实验课程大纲与14次课件目录; 本地朱晓临《数值分析》第2版目录; Netlib Templates for the Solution of Linear Systems
E0939,M_LINEAR_SYSTEMS,ALG023,contains,0.92,本地理论/实验课程大纲与14次课件目录; 本地朱晓临《数值分析》第2版目录; Netlib Templates for the Solution of Linear Systems
E0940,ALG023,M_LINEAR_SYSTEMS,belongs_to,0.92,本地理论/实验课程大纲与14次课件目录; 本地朱晓临《数值分析》第2版目录; Netlib Templates for the Solution of Linear Systems
E0941,M_LINEAR_SYSTEMS,ALG024,contains,0.92,本地理论/实验课程大纲与14次课件目录; 本地朱晓临《数值分析》第2版目录; Netlib Templates for the Solution of Linear Systems
E0942,ALG024,M_LINEAR_SYSTEMS,belongs_to,0.92,本地理论/实验课程大纲与14次课件目录; 本地朱晓临《数值分析》第2版目录; Netlib Templates for the Solution of Linear Systems
E0943,M_LINEAR_SYSTEMS,ALG025,contains,0.92,本地理论/实验课程大纲与14次课件目录; 本地朱晓临《数值分析》第2版目录; Netlib Templates for the Solution of Linear Systems
E0944,ALG025,M_LINEAR_SYSTEMS,belongs_to,0.92,本地理论/实验课程大纲与14次课件目录; 本地朱晓临《数值分析》第2版目录; Netlib Templates for the Solution of Linear Systems
E0945,M_INTERPOLATION,ALG026,contains,0.92,本地理论/实验课程大纲与14次课件目录; 本地朱晓临《数值分析》第2版目录; 本地李庆扬等《数值分析》第5版目录
E0946,ALG026,M_INTERPOLATION,belongs_to,0.92,本地理论/实验课程大纲与14次课件目录; 本地朱晓临《数值分析》第2版目录; 本地李庆扬等《数值分析》第5版目录
E0947,M_INTERPOLATION,ALG027,contains,0.92,本地理论/实验课程大纲与14次课件目录; 本地朱晓临《数值分析》第2版目录; 本地李庆扬等《数值分析》第5版目录
E0948,ALG027,M_INTERPOLATION,belongs_to,0.92,本地理论/实验课程大纲与14次课件目录; 本地朱晓临《数值分析》第2版目录; 本地李庆扬等《数值分析》第5版目录
E0949,M_INTERPOLATION,ALG028,contains,0.92,本地理论/实验课程大纲与14次课件目录; 本地朱晓临《数值分析》第2版目录; 本地李庆扬等《数值分析》第5版目录
E0950,ALG028,M_INTERPOLATION,belongs_to,0.92,本地理论/实验课程大纲与14次课件目录; 本地朱晓临《数值分析》第2版目录; 本地李庆扬等《数值分析》第5版目录
E0951,M_INTERPOLATION,ALG029,contains,0.92,本地理论/实验课程大纲与14次课件目录; 本地朱晓临《数值分析》第2版目录; 本地李庆扬等《数值分析》第5版目录
E0952,ALG029,M_INTERPOLATION,belongs_to,0.92,本地理论/实验课程大纲与14次课件目录; 本地朱晓临《数值分析》第2版目录; 本地李庆扬等《数值分析》第5版目录
E0953,M_INTERPOLATION,ALG030,contains,0.92,本地理论/实验课程大纲与14次课件目录; 本地朱晓临《数值分析》第2版目录; 本地李庆扬等《数值分析》第5版目录
E0954,ALG030,M_INTERPOLATION,belongs_to,0.92,本地理论/实验课程大纲与14次课件目录; 本地朱晓临《数值分析》第2版目录; 本地李庆扬等《数值分析》第5版目录
E0955,M_INTERPOLATION,ALG031,contains,0.92,本地理论/实验课程大纲与14次课件目录; 本地朱晓临《数值分析》第2版目录; 本地李庆扬等《数值分析》第5版目录
E0956,ALG031,M_INTERPOLATION,belongs_to,0.92,本地理论/实验课程大纲与14次课件目录; 本地朱晓临《数值分析》第2版目录; 本地李庆扬等《数值分析》第5版目录
E0957,M_INTERPOLATION,ALG032,contains,0.92,本地理论/实验课程大纲与14次课件目录; 本地朱晓临《数值分析》第2版目录; 本地李庆扬等《数值分析》第5版目录
E0958,ALG032,M_INTERPOLATION,belongs_to,0.92,本地理论/实验课程大纲与14次课件目录; 本地朱晓临《数值分析》第2版目录; 本地李庆扬等《数值分析》第5版目录
E0959,M_INTERPOLATION,ALG033,contains,0.92,本地理论/实验课程大纲与14次课件目录; 本地朱晓临《数值分析》第2版目录; 本地李庆扬等《数值分析》第5版目录
E0960,ALG033,M_INTERPOLATION,belongs_to,0.92,本地理论/实验课程大纲与14次课件目录; 本地朱晓临《数值分析》第2版目录; 本地李庆扬等《数值分析》第5版目录
E0961,M_APPROXIMATION,ALG034,contains,0.92,本地理论/实验课程大纲与14次课件目录; 本地李庆扬等《数值分析》第5版目录
E0962,ALG034,M_APPROXIMATION,belongs_to,0.92,本地理论/实验课程大纲与14次课件目录; 本地李庆扬等《数值分析》第5版目录
E0963,M_APPROXIMATION,ALG035,contains,0.92,本地理论/实验课程大纲与14次课件目录; 本地李庆扬等《数值分析》第5版目录
E0964,ALG035,M_APPROXIMATION,belongs_to,0.92,本地理论/实验课程大纲与14次课件目录; 本地李庆扬等《数值分析》第5版目录
E0965,M_APPROXIMATION,ALG036,contains,0.92,本地理论/实验课程大纲与14次课件目录; 本地李庆扬等《数值分析》第5版目录
E0966,ALG036,M_APPROXIMATION,belongs_to,0.92,本地理论/实验课程大纲与14次课件目录; 本地李庆扬等《数值分析》第5版目录
E0967,M_APPROXIMATION,ALG037,contains,0.92,本地理论/实验课程大纲与14次课件目录; 本地李庆扬等《数值分析》第5版目录
E0968,ALG037,M_APPROXIMATION,belongs_to,0.92,本地理论/实验课程大纲与14次课件目录; 本地李庆扬等《数值分析》第5版目录
E0969,M_APPROXIMATION,ALG038,contains,0.92,本地理论/实验课程大纲与14次课件目录; 本地李庆扬等《数值分析》第5版目录
E0970,ALG038,M_APPROXIMATION,belongs_to,0.92,本地理论/实验课程大纲与14次课件目录; 本地李庆扬等《数值分析》第5版目录
E0971,M_APPROXIMATION,ALG039,contains,0.92,本地理论/实验课程大纲与14次课件目录; 本地李庆扬等《数值分析》第5版目录
E0972,ALG039,M_APPROXIMATION,belongs_to,0.92,本地理论/实验课程大纲与14次课件目录; 本地李庆扬等《数值分析》第5版目录
E0973,M_APPROXIMATION,ALG040,contains,0.92,本地理论/实验课程大纲与14次课件目录; 本地李庆扬等《数值分析》第5版目录
E0974,ALG040,M_APPROXIMATION,belongs_to,0.92,本地理论/实验课程大纲与14次课件目录; 本地李庆扬等《数值分析》第5版目录
E0975,M_NUM_DIFF,ALG041,contains,0.92,本地朱晓临《数值分析》第2版目录; 本地李庆扬等《数值分析》第5版目录
E0976,ALG041,M_NUM_DIFF,belongs_to,0.92,本地朱晓临《数值分析》第2版目录; 本地李庆扬等《数值分析》第5版目录
E0977,M_NUM_DIFF,ALG042,contains,0.92,本地朱晓临《数值分析》第2版目录; 本地李庆扬等《数值分析》第5版目录
E0978,ALG042,M_NUM_DIFF,belongs_to,0.92,本地朱晓临《数值分析》第2版目录; 本地李庆扬等《数值分析》第5版目录
E0979,M_NUM_DIFF,ALG043,contains,0.92,本地朱晓临《数值分析》第2版目录; 本地李庆扬等《数值分析》第5版目录
E0980,ALG043,M_NUM_DIFF,belongs_to,0.92,本地朱晓临《数值分析》第2版目录; 本地李庆扬等《数值分析》第5版目录
E0981,M_NUM_DIFF,ALG044,contains,0.92,本地朱晓临《数值分析》第2版目录; 本地李庆扬等《数值分析》第5版目录
E0982,ALG044,M_NUM_DIFF,belongs_to,0.92,本地朱晓临《数值分析》第2版目录; 本地李庆扬等《数值分析》第5版目录
E0983,M_NUM_INT,ALG045,contains,0.92,本地理论/实验课程大纲与14次课件目录; 本地朱晓临《数值分析》第2版目录; SciPy integrate官方文档
E0984,ALG045,M_NUM_INT,belongs_to,0.92,本地理论/实验课程大纲与14次课件目录; 本地朱晓临《数值分析》第2版目录; SciPy integrate官方文档
E0985,M_NUM_INT,ALG046,contains,0.92,本地理论/实验课程大纲与14次课件目录; 本地朱晓临《数值分析》第2版目录; SciPy integrate官方文档
E0986,ALG046,M_NUM_INT,belongs_to,0.92,本地理论/实验课程大纲与14次课件目录; 本地朱晓临《数值分析》第2版目录; SciPy integrate官方文档
E0987,M_NUM_INT,ALG047,contains,0.92,本地理论/实验课程大纲与14次课件目录; 本地朱晓临《数值分析》第2版目录; SciPy integrate官方文档
E0988,ALG047,M_NUM_INT,belongs_to,0.92,本地理论/实验课程大纲与14次课件目录; 本地朱晓临《数值分析》第2版目录; SciPy integrate官方文档
E0989,M_NUM_INT,ALG048,contains,0.92,本地理论/实验课程大纲与14次课件目录; 本地朱晓临《数值分析》第2版目录; SciPy integrate官方文档
E0990,ALG048,M_NUM_INT,belongs_to,0.92,本地理论/实验课程大纲与14次课件目录; 本地朱晓临《数值分析》第2版目录; SciPy integrate官方文档
E0991,M_NUM_INT,ALG049,contains,0.92,本地理论/实验课程大纲与14次课件目录; 本地朱晓临《数值分析》第2版目录; SciPy integrate官方文档
E0992,ALG049,M_NUM_INT,belongs_to,0.92,本地理论/实验课程大纲与14次课件目录; 本地朱晓临《数值分析》第2版目录; SciPy integrate官方文档
E0993,M_NUM_INT,ALG050,contains,0.92,本地理论/实验课程大纲与14次课件目录; 本地朱晓临《数值分析》第2版目录; SciPy integrate官方文档
E0994,ALG050,M_NUM_INT,belongs_to,0.92,本地理论/实验课程大纲与14次课件目录; 本地朱晓临《数值分析》第2版目录; SciPy integrate官方文档
E0995,M_NUM_INT,ALG051,contains,0.92,本地理论/实验课程大纲与14次课件目录; 本地朱晓临《数值分析》第2版目录; SciPy integrate官方文档
E0996,ALG051,M_NUM_INT,belongs_to,0.92,本地理论/实验课程大纲与14次课件目录; 本地朱晓临《数值分析》第2版目录; SciPy integrate官方文档
E0997,M_NUM_INT,ALG052,contains,0.92,本地理论/实验课程大纲与14次课件目录; 本地朱晓临《数值分析》第2版目录; SciPy integrate官方文档
E0998,ALG052,M_NUM_INT,belongs_to,0.92,本地理论/实验课程大纲与14次课件目录; 本地朱晓临《数值分析》第2版目录; SciPy integrate官方文档
E0999,M_ODE_IVP,ALG053,contains,0.92,本地理论/实验课程大纲与14次课件目录; 本地朱晓临《数值分析》第2版目录; MathWorks MATLAB ODE官方文档
E1000,ALG053,M_ODE_IVP,belongs_to,0.92,本地理论/实验课程大纲与14次课件目录; 本地朱晓临《数值分析》第2版目录; MathWorks MATLAB ODE官方文档
E1001,M_ODE_IVP,ALG054,contains,0.92,本地理论/实验课程大纲与14次课件目录; 本地朱晓临《数值分析》第2版目录; MathWorks MATLAB ODE官方文档
E1002,ALG054,M_ODE_IVP,belongs_to,0.92,本地理论/实验课程大纲与14次课件目录; 本地朱晓临《数值分析》第2版目录; MathWorks MATLAB ODE官方文档
E1003,M_ODE_IVP,ALG055,contains,0.92,本地理论/实验课程大纲与14次课件目录; 本地朱晓临《数值分析》第2版目录; MathWorks MATLAB ODE官方文档
E1004,ALG055,M_ODE_IVP,belongs_to,0.92,本地理论/实验课程大纲与14次课件目录; 本地朱晓临《数值分析》第2版目录; MathWorks MATLAB ODE官方文档
E1005,M_ODE_IVP,ALG056,contains,0.92,本地理论/实验课程大纲与14次课件目录; 本地朱晓临《数值分析》第2版目录; MathWorks MATLAB ODE官方文档
E1006,ALG056,M_ODE_IVP,belongs_to,0.92,本地理论/实验课程大纲与14次课件目录; 本地朱晓临《数值分析》第2版目录; MathWorks MATLAB ODE官方文档
E1007,M_ODE_IVP,ALG057,contains,0.92,本地理论/实验课程大纲与14次课件目录; 本地朱晓临《数值分析》第2版目录; MathWorks MATLAB ODE官方文档
E1008,ALG057,M_ODE_IVP,belongs_to,0.92,本地理论/实验课程大纲与14次课件目录; 本地朱晓临《数值分析》第2版目录; MathWorks MATLAB ODE官方文档
E1009,M_ODE_IVP,ALG058,contains,0.92,本地理论/实验课程大纲与14次课件目录; 本地朱晓临《数值分析》第2版目录; MathWorks MATLAB ODE官方文档
E1010,ALG058,M_ODE_IVP,belongs_to,0.92,本地理论/实验课程大纲与14次课件目录; 本地朱晓临《数值分析》第2版目录; MathWorks MATLAB ODE官方文档
E1011,M_ODE_IVP,ALG059,contains,0.92,本地理论/实验课程大纲与14次课件目录; 本地朱晓临《数值分析》第2版目录; MathWorks MATLAB ODE官方文档
E1012,ALG059,M_ODE_IVP,belongs_to,0.92,本地理论/实验课程大纲与14次课件目录; 本地朱晓临《数值分析》第2版目录; MathWorks MATLAB ODE官方文档
E1013,M_ODE_IVP,ALG060,contains,0.92,本地理论/实验课程大纲与14次课件目录; 本地朱晓临《数值分析》第2版目录; MathWorks MATLAB ODE官方文档
E1014,ALG060,M_ODE_IVP,belongs_to,0.92,本地理论/实验课程大纲与14次课件目录; 本地朱晓临《数值分析》第2版目录; MathWorks MATLAB ODE官方文档
E1015,M_ODE_IVP,ALG061,contains,0.92,本地理论/实验课程大纲与14次课件目录; 本地朱晓临《数值分析》第2版目录; MathWorks MATLAB ODE官方文档
E1016,ALG061,M_ODE_IVP,belongs_to,0.92,本地理论/实验课程大纲与14次课件目录; 本地朱晓临《数值分析》第2版目录; MathWorks MATLAB ODE官方文档
E1017,M_ODE_IVP,ALG062,contains,0.92,本地理论/实验课程大纲与14次课件目录; 本地朱晓临《数值分析》第2版目录; MathWorks MATLAB ODE官方文档
E1018,ALG062,M_ODE_IVP,belongs_to,0.92,本地理论/实验课程大纲与14次课件目录; 本地朱晓临《数值分析》第2版目录; MathWorks MATLAB ODE官方文档
E1019,M_ODE_BVP,ALG063,contains,0.92,本地理论/实验课程大纲与14次课件目录; 本地朱晓临《数值分析》第2版目录
E1020,ALG063,M_ODE_BVP,belongs_to,0.92,本地理论/实验课程大纲与14次课件目录; 本地朱晓临《数值分析》第2版目录
E1021,M_ODE_BVP,ALG064,contains,0.92,本地理论/实验课程大纲与14次课件目录; 本地朱晓临《数值分析》第2版目录
E1022,ALG064,M_ODE_BVP,belongs_to,0.92,本地理论/实验课程大纲与14次课件目录; 本地朱晓临《数值分析》第2版目录
E1023,M_ODE_BVP,ALG065,contains,0.92,本地理论/实验课程大纲与14次课件目录; 本地朱晓临《数值分析》第2版目录
E1024,ALG065,M_ODE_BVP,belongs_to,0.92,本地理论/实验课程大纲与14次课件目录; 本地朱晓临《数值分析》第2版目录
E1025,M_ODE_BVP,ALG066,contains,0.92,本地理论/实验课程大纲与14次课件目录; 本地朱晓临《数值分析》第2版目录
E1026,ALG066,M_ODE_BVP,belongs_to,0.92,本地理论/实验课程大纲与14次课件目录; 本地朱晓临《数值分析》第2版目录
E1027,M_EIGEN_SVD,ALG067,contains,0.90,本地朱晓临《数值分析》第2版目录; 本地潘建瑜《数值分析讲义》目录
E1028,ALG067,M_EIGEN_SVD,belongs_to,0.90,本地朱晓临《数值分析》第2版目录; 本地潘建瑜《数值分析讲义》目录
E1029,M_EIGEN_SVD,ALG068,contains,0.90,本地朱晓临《数值分析》第2版目录; 本地潘建瑜《数值分析讲义》目录
E1030,ALG068,M_EIGEN_SVD,belongs_to,0.90,本地朱晓临《数值分析》第2版目录; 本地潘建瑜《数值分析讲义》目录
E1031,M_EIGEN_SVD,ALG069,contains,0.90,本地朱晓临《数值分析》第2版目录; 本地潘建瑜《数值分析讲义》目录
E1032,ALG069,M_EIGEN_SVD,belongs_to,0.90,本地朱晓临《数值分析》第2版目录; 本地潘建瑜《数值分析讲义》目录
E1033,M_EIGEN_SVD,ALG070,contains,0.90,本地朱晓临《数值分析》第2版目录; 本地潘建瑜《数值分析讲义》目录
E1034,ALG070,M_EIGEN_SVD,belongs_to,0.90,本地朱晓临《数值分析》第2版目录; 本地潘建瑜《数值分析讲义》目录
E1035,M_EIGEN_SVD,ALG071,contains,0.90,本地朱晓临《数值分析》第2版目录; 本地潘建瑜《数值分析讲义》目录
E1036,ALG071,M_EIGEN_SVD,belongs_to,0.90,本地朱晓临《数值分析》第2版目录; 本地潘建瑜《数值分析讲义》目录
E1037,M_EIGEN_SVD,ALG072,contains,0.90,本地朱晓临《数值分析》第2版目录; 本地潘建瑜《数值分析讲义》目录
E1038,ALG072,M_EIGEN_SVD,belongs_to,0.90,本地朱晓临《数值分析》第2版目录; 本地潘建瑜《数值分析讲义》目录
E1039,M_EIGEN_SVD,ALG073,contains,0.90,本地朱晓临《数值分析》第2版目录; 本地潘建瑜《数值分析讲义》目录
E1040,ALG073,M_EIGEN_SVD,belongs_to,0.90,本地朱晓临《数值分析》第2版目录; 本地潘建瑜《数值分析讲义》目录
E1041,M_PDE,ALG074,contains,0.86,MIT OCW 18.336 Numerical Methods for PDEs syllabus
E1042,ALG074,M_PDE,belongs_to,0.86,MIT OCW 18.336 Numerical Methods for PDEs syllabus
E1043,M_PDE,ALG075,contains,0.86,MIT OCW 18.336 Numerical Methods for PDEs syllabus
E1044,ALG075,M_PDE,belongs_to,0.86,MIT OCW 18.336 Numerical Methods for PDEs syllabus
E1045,M_PDE,ALG076,contains,0.86,MIT OCW 18.336 Numerical Methods for PDEs syllabus
E1046,ALG076,M_PDE,belongs_to,0.86,MIT OCW 18.336 Numerical Methods for PDEs syllabus
E1047,M_PDE,ALG077,contains,0.86,MIT OCW 18.336 Numerical Methods for PDEs syllabus
E1048,ALG077,M_PDE,belongs_to,0.86,MIT OCW 18.336 Numerical Methods for PDEs syllabus
E1049,M_PDE,ALG078,contains,0.86,MIT OCW 18.336 Numerical Methods for PDEs syllabus
E1050,ALG078,M_PDE,belongs_to,0.86,MIT OCW 18.336 Numerical Methods for PDEs syllabus
E1051,M_PDE,ALG079,contains,0.86,MIT OCW 18.336 Numerical Methods for PDEs syllabus
E1052,ALG079,M_PDE,belongs_to,0.86,MIT OCW 18.336 Numerical Methods for PDEs syllabus
E1053,M_PDE,ALG080,contains,0.86,MIT OCW 18.336 Numerical Methods for PDEs syllabus
E1054,ALG080,M_PDE,belongs_to,0.86,MIT OCW 18.336 Numerical Methods for PDEs syllabus
E1055,M_OPTIMIZATION,ALG081,contains,0.86,MIT OCW 18.335 Introduction to Numerical Methods syllabus; SciPy optimize官方文档
E1056,ALG081,M_OPTIMIZATION,belongs_to,0.86,MIT OCW 18.335 Introduction to Numerical Methods syllabus; SciPy optimize官方文档
E1057,M_OPTIMIZATION,ALG082,contains,0.86,MIT OCW 18.335 Introduction to Numerical Methods syllabus; SciPy optimize官方文档
E1058,ALG082,M_OPTIMIZATION,belongs_to,0.86,MIT OCW 18.335 Introduction to Numerical Methods syllabus; SciPy optimize官方文档
E1059,M_OPTIMIZATION,ALG083,contains,0.86,MIT OCW 18.335 Introduction to Numerical Methods syllabus; SciPy optimize官方文档
E1060,ALG083,M_OPTIMIZATION,belongs_to,0.86,MIT OCW 18.335 Introduction to Numerical Methods syllabus; SciPy optimize官方文档
E1061,M_OPTIMIZATION,ALG084,contains,0.86,MIT OCW 18.335 Introduction to Numerical Methods syllabus; SciPy optimize官方文档
E1062,ALG084,M_OPTIMIZATION,belongs_to,0.86,MIT OCW 18.335 Introduction to Numerical Methods syllabus; SciPy optimize官方文档
E1063,M_OPTIMIZATION,ALG085,contains,0.86,MIT OCW 18.335 Introduction to Numerical Methods syllabus; SciPy optimize官方文档
E1064,ALG085,M_OPTIMIZATION,belongs_to,0.86,MIT OCW 18.335 Introduction to Numerical Methods syllabus; SciPy optimize官方文档
E1065,M_OPTIMIZATION,ALG086,contains,0.86,MIT OCW 18.335 Introduction to Numerical Methods syllabus; SciPy optimize官方文档
E1066,ALG086,M_OPTIMIZATION,belongs_to,0.86,MIT OCW 18.335 Introduction to Numerical Methods syllabus; SciPy optimize官方文档
E1067,M_OPTIMIZATION,ALG087,contains,0.86,MIT OCW 18.335 Introduction to Numerical Methods syllabus; SciPy optimize官方文档
E1068,ALG087,M_OPTIMIZATION,belongs_to,0.86,MIT OCW 18.335 Introduction to Numerical Methods syllabus; SciPy optimize官方文档
E1069,M_OPTIMIZATION,ALG088,contains,0.86,MIT OCW 18.335 Introduction to Numerical Methods syllabus; SciPy optimize官方文档
E1070,ALG088,M_OPTIMIZATION,belongs_to,0.86,MIT OCW 18.335 Introduction to Numerical Methods syllabus; SciPy optimize官方文档
E1071,M_OPTIMIZATION,ALG089,contains,0.86,MIT OCW 18.335 Introduction to Numerical Methods syllabus; SciPy optimize官方文档
E1072,ALG089,M_OPTIMIZATION,belongs_to,0.86,MIT OCW 18.335 Introduction to Numerical Methods syllabus; SciPy optimize官方文档
E1073,M_OPTIMIZATION,ALG090,contains,0.86,MIT OCW 18.335 Introduction to Numerical Methods syllabus; SciPy optimize官方文档
E1074,ALG090,M_OPTIMIZATION,belongs_to,0.86,MIT OCW 18.335 Introduction to Numerical Methods syllabus; SciPy optimize官方文档
E1075,M_ERROR_ANALYSIS,F001,contains,0.93,本地朱晓临《数值分析》第2版目录; 本地李庆扬等《数值分析》第5版目录
E1076,F001,M_ERROR_ANALYSIS,belongs_to,0.93,本地朱晓临《数值分析》第2版目录; 本地李庆扬等《数值分析》第5版目录
E1077,M_ERROR_ANALYSIS,F002,contains,0.93,本地朱晓临《数值分析》第2版目录; 本地李庆扬等《数值分析》第5版目录
E1078,F002,M_ERROR_ANALYSIS,belongs_to,0.93,本地朱晓临《数值分析》第2版目录; 本地李庆扬等《数值分析》第5版目录
E1079,M_ERROR_ANALYSIS,F003,contains,0.93,本地朱晓临《数值分析》第2版目录; 本地李庆扬等《数值分析》第5版目录
E1080,F003,M_ERROR_ANALYSIS,belongs_to,0.93,本地朱晓临《数值分析》第2版目录; 本地李庆扬等《数值分析》第5版目录
E1081,M_ERROR_ANALYSIS,F004,contains,0.93,本地朱晓临《数值分析》第2版目录; 本地李庆扬等《数值分析》第5版目录
E1082,F004,M_ERROR_ANALYSIS,belongs_to,0.93,本地朱晓临《数值分析》第2版目录; 本地李庆扬等《数值分析》第5版目录
E1083,M_ERROR_ANALYSIS,F005,contains,0.93,本地朱晓临《数值分析》第2版目录; 本地李庆扬等《数值分析》第5版目录
E1084,F005,M_ERROR_ANALYSIS,belongs_to,0.93,本地朱晓临《数值分析》第2版目录; 本地李庆扬等《数值分析》第5版目录
E1085,M_PRE_CALCULUS,F006,contains,0.92,本地理论/实验课程大纲与14次课件目录
E1086,F006,M_PRE_CALCULUS,belongs_to,0.92,本地理论/实验课程大纲与14次课件目录
E1087,M_PRE_CALCULUS,F007,contains,0.92,本地理论/实验课程大纲与14次课件目录
E1088,F007,M_PRE_CALCULUS,belongs_to,0.92,本地理论/实验课程大纲与14次课件目录
E1089,M_NONLINEAR_ROOT,F008,contains,0.93,本地理论/实验课程大纲与14次课件目录; 本地朱晓临《数值分析》第2版目录
E1090,F008,M_NONLINEAR_ROOT,belongs_to,0.93,本地理论/实验课程大纲与14次课件目录; 本地朱晓临《数值分析》第2版目录
E1091,M_NONLINEAR_ROOT,F009,contains,0.93,本地理论/实验课程大纲与14次课件目录; 本地朱晓临《数值分析》第2版目录
E1092,F009,M_NONLINEAR_ROOT,belongs_to,0.93,本地理论/实验课程大纲与14次课件目录; 本地朱晓临《数值分析》第2版目录
E1093,M_NONLINEAR_ROOT,F010,contains,0.93,本地理论/实验课程大纲与14次课件目录; 本地朱晓临《数值分析》第2版目录
E1094,F010,M_NONLINEAR_ROOT,belongs_to,0.93,本地理论/实验课程大纲与14次课件目录; 本地朱晓临《数值分析》第2版目录
E1095,M_NONLINEAR_ROOT,F011,contains,0.93,本地理论/实验课程大纲与14次课件目录; 本地朱晓临《数值分析》第2版目录
E1096,F011,M_NONLINEAR_ROOT,belongs_to,0.93,本地理论/实验课程大纲与14次课件目录; 本地朱晓临《数值分析》第2版目录
E1097,M_INTERPOLATION,F012,contains,0.93,本地理论/实验课程大纲与14次课件目录; 本地朱晓临《数值分析》第2版目录; 本地李庆扬等《数值分析》第5版目录
E1098,F012,M_INTERPOLATION,belongs_to,0.93,本地理论/实验课程大纲与14次课件目录; 本地朱晓临《数值分析》第2版目录; 本地李庆扬等《数值分析》第5版目录
E1099,M_INTERPOLATION,F013,contains,0.93,本地理论/实验课程大纲与14次课件目录; 本地朱晓临《数值分析》第2版目录; 本地李庆扬等《数值分析》第5版目录
E1100,F013,M_INTERPOLATION,belongs_to,0.93,本地理论/实验课程大纲与14次课件目录; 本地朱晓临《数值分析》第2版目录; 本地李庆扬等《数值分析》第5版目录
E1101,M_INTERPOLATION,F014,contains,0.93,本地理论/实验课程大纲与14次课件目录; 本地朱晓临《数值分析》第2版目录; 本地李庆扬等《数值分析》第5版目录
E1102,F014,M_INTERPOLATION,belongs_to,0.93,本地理论/实验课程大纲与14次课件目录; 本地朱晓临《数值分析》第2版目录; 本地李庆扬等《数值分析》第5版目录
E1103,M_INTERPOLATION,F015,contains,0.93,本地理论/实验课程大纲与14次课件目录; 本地朱晓临《数值分析》第2版目录; 本地李庆扬等《数值分析》第5版目录
E1104,F015,M_INTERPOLATION,belongs_to,0.93,本地理论/实验课程大纲与14次课件目录; 本地朱晓临《数值分析》第2版目录; 本地李庆扬等《数值分析》第5版目录
E1105,M_INTERPOLATION,F016,contains,0.93,本地理论/实验课程大纲与14次课件目录; 本地朱晓临《数值分析》第2版目录; 本地李庆扬等《数值分析》第5版目录
E1106,F016,M_INTERPOLATION,belongs_to,0.93,本地理论/实验课程大纲与14次课件目录; 本地朱晓临《数值分析》第2版目录; 本地李庆扬等《数值分析》第5版目录
E1107,M_INTERPOLATION,F017,contains,0.93,本地理论/实验课程大纲与14次课件目录; 本地朱晓临《数值分析》第2版目录; 本地李庆扬等《数值分析》第5版目录
E1108,F017,M_INTERPOLATION,belongs_to,0.93,本地理论/实验课程大纲与14次课件目录; 本地朱晓临《数值分析》第2版目录; 本地李庆扬等《数值分析》第5版目录
E1109,M_INTERPOLATION,F018,contains,0.93,本地理论/实验课程大纲与14次课件目录; 本地朱晓临《数值分析》第2版目录; 本地李庆扬等《数值分析》第5版目录
E1110,F018,M_INTERPOLATION,belongs_to,0.93,本地理论/实验课程大纲与14次课件目录; 本地朱晓临《数值分析》第2版目录; 本地李庆扬等《数值分析》第5版目录
E1111,M_APPROXIMATION,F019,contains,0.93,本地理论/实验课程大纲与14次课件目录; 本地李庆扬等《数值分析》第5版目录
E1112,F019,M_APPROXIMATION,belongs_to,0.93,本地理论/实验课程大纲与14次课件目录; 本地李庆扬等《数值分析》第5版目录
E1113,M_APPROXIMATION,F020,contains,0.93,本地理论/实验课程大纲与14次课件目录; 本地李庆扬等《数值分析》第5版目录
E1114,F020,M_APPROXIMATION,belongs_to,0.93,本地理论/实验课程大纲与14次课件目录; 本地李庆扬等《数值分析》第5版目录
E1115,M_APPROXIMATION,F021,contains,0.93,本地理论/实验课程大纲与14次课件目录; 本地李庆扬等《数值分析》第5版目录
E1116,F021,M_APPROXIMATION,belongs_to,0.93,本地理论/实验课程大纲与14次课件目录; 本地李庆扬等《数值分析》第5版目录
E1117,M_APPROXIMATION,F022,contains,0.93,本地理论/实验课程大纲与14次课件目录; 本地李庆扬等《数值分析》第5版目录
E1118,F022,M_APPROXIMATION,belongs_to,0.93,本地理论/实验课程大纲与14次课件目录; 本地李庆扬等《数值分析》第5版目录
E1119,M_NUM_DIFF,F023,contains,0.92,本地朱晓临《数值分析》第2版目录; 本地李庆扬等《数值分析》第5版目录
E1120,F023,M_NUM_DIFF,belongs_to,0.92,本地朱晓临《数值分析》第2版目录; 本地李庆扬等《数值分析》第5版目录
E1121,M_NUM_DIFF,F024,contains,0.92,本地朱晓临《数值分析》第2版目录; 本地李庆扬等《数值分析》第5版目录
E1122,F024,M_NUM_DIFF,belongs_to,0.92,本地朱晓临《数值分析》第2版目录; 本地李庆扬等《数值分析》第5版目录
E1123,M_NUM_DIFF,F025,contains,0.92,本地朱晓临《数值分析》第2版目录; 本地李庆扬等《数值分析》第5版目录
E1124,F025,M_NUM_DIFF,belongs_to,0.92,本地朱晓临《数值分析》第2版目录; 本地李庆扬等《数值分析》第5版目录
E1125,M_NUM_DIFF,F026,contains,0.92,本地朱晓临《数值分析》第2版目录; 本地李庆扬等《数值分析》第5版目录
E1126,F026,M_NUM_DIFF,belongs_to,0.92,本地朱晓临《数值分析》第2版目录; 本地李庆扬等《数值分析》第5版目录
E1127,M_NUM_INT,F027,contains,0.93,本地理论/实验课程大纲与14次课件目录; 本地朱晓临《数值分析》第2版目录; SciPy integrate官方文档
E1128,F027,M_NUM_INT,belongs_to,0.93,本地理论/实验课程大纲与14次课件目录; 本地朱晓临《数值分析》第2版目录; SciPy integrate官方文档
E1129,M_NUM_INT,F028,contains,0.93,本地理论/实验课程大纲与14次课件目录; 本地朱晓临《数值分析》第2版目录; SciPy integrate官方文档
E1130,F028,M_NUM_INT,belongs_to,0.93,本地理论/实验课程大纲与14次课件目录; 本地朱晓临《数值分析》第2版目录; SciPy integrate官方文档
E1131,M_NUM_INT,F029,contains,0.93,本地理论/实验课程大纲与14次课件目录; 本地朱晓临《数值分析》第2版目录; SciPy integrate官方文档
E1132,F029,M_NUM_INT,belongs_to,0.93,本地理论/实验课程大纲与14次课件目录; 本地朱晓临《数值分析》第2版目录; SciPy integrate官方文档
E1133,M_NUM_INT,F030,contains,0.93,本地理论/实验课程大纲与14次课件目录; 本地朱晓临《数值分析》第2版目录; SciPy integrate官方文档
E1134,F030,M_NUM_INT,belongs_to,0.93,本地理论/实验课程大纲与14次课件目录; 本地朱晓临《数值分析》第2版目录; SciPy integrate官方文档
E1135,M_NUM_INT,F031,contains,0.93,本地理论/实验课程大纲与14次课件目录; 本地朱晓临《数值分析》第2版目录; SciPy integrate官方文档
E1136,F031,M_NUM_INT,belongs_to,0.93,本地理论/实验课程大纲与14次课件目录; 本地朱晓临《数值分析》第2版目录; SciPy integrate官方文档
E1137,M_NUM_INT,F032,contains,0.93,本地理论/实验课程大纲与14次课件目录; 本地朱晓临《数值分析》第2版目录; SciPy integrate官方文档
E1138,F032,M_NUM_INT,belongs_to,0.93,本地理论/实验课程大纲与14次课件目录; 本地朱晓临《数值分析》第2版目录; SciPy integrate官方文档
E1139,M_NUM_INT,F033,contains,0.93,本地理论/实验课程大纲与14次课件目录; 本地朱晓临《数值分析》第2版目录; SciPy integrate官方文档
E1140,F033,M_NUM_INT,belongs_to,0.93,本地理论/实验课程大纲与14次课件目录; 本地朱晓临《数值分析》第2版目录; SciPy integrate官方文档
E1141,M_ODE_IVP,F034,contains,0.93,本地理论/实验课程大纲与14次课件目录; 本地朱晓临《数值分析》第2版目录; MathWorks MATLAB ODE官方文档
E1142,F034,M_ODE_IVP,belongs_to,0.93,本地理论/实验课程大纲与14次课件目录; 本地朱晓临《数值分析》第2版目录; MathWorks MATLAB ODE官方文档
E1143,M_ODE_IVP,F035,contains,0.93,本地理论/实验课程大纲与14次课件目录; 本地朱晓临《数值分析》第2版目录; MathWorks MATLAB ODE官方文档
E1144,F035,M_ODE_IVP,belongs_to,0.93,本地理论/实验课程大纲与14次课件目录; 本地朱晓临《数值分析》第2版目录; MathWorks MATLAB ODE官方文档
E1145,M_ODE_IVP,F036,contains,0.93,本地理论/实验课程大纲与14次课件目录; 本地朱晓临《数值分析》第2版目录; MathWorks MATLAB ODE官方文档
E1146,F036,M_ODE_IVP,belongs_to,0.93,本地理论/实验课程大纲与14次课件目录; 本地朱晓临《数值分析》第2版目录; MathWorks MATLAB ODE官方文档
E1147,M_ODE_IVP,F037,contains,0.93,本地理论/实验课程大纲与14次课件目录; 本地朱晓临《数值分析》第2版目录; MathWorks MATLAB ODE官方文档
E1148,F037,M_ODE_IVP,belongs_to,0.93,本地理论/实验课程大纲与14次课件目录; 本地朱晓临《数值分析》第2版目录; MathWorks MATLAB ODE官方文档
E1149,M_ODE_IVP,F038,contains,0.93,本地理论/实验课程大纲与14次课件目录; 本地朱晓临《数值分析》第2版目录; MathWorks MATLAB ODE官方文档
E1150,F038,M_ODE_IVP,belongs_to,0.93,本地理论/实验课程大纲与14次课件目录; 本地朱晓临《数值分析》第2版目录; MathWorks MATLAB ODE官方文档
E1151,M_ODE_IVP,F039,contains,0.93,本地理论/实验课程大纲与14次课件目录; 本地朱晓临《数值分析》第2版目录; MathWorks MATLAB ODE官方文档
E1152,F039,M_ODE_IVP,belongs_to,0.93,本地理论/实验课程大纲与14次课件目录; 本地朱晓临《数值分析》第2版目录; MathWorks MATLAB ODE官方文档
E1153,M_ODE_BVP,F040,contains,0.92,本地理论/实验课程大纲与14次课件目录; 本地朱晓临《数值分析》第2版目录
E1154,F040,M_ODE_BVP,belongs_to,0.92,本地理论/实验课程大纲与14次课件目录; 本地朱晓临《数值分析》第2版目录
E1155,M_ODE_BVP,F041,contains,0.92,本地理论/实验课程大纲与14次课件目录; 本地朱晓临《数值分析》第2版目录
E1156,F041,M_ODE_BVP,belongs_to,0.92,本地理论/实验课程大纲与14次课件目录; 本地朱晓临《数值分析》第2版目录
E1157,M_EIGEN_SVD,F042,contains,0.90,本地朱晓临《数值分析》第2版目录; 本地潘建瑜《数值分析讲义》目录
E1158,F042,M_EIGEN_SVD,belongs_to,0.90,本地朱晓临《数值分析》第2版目录; 本地潘建瑜《数值分析讲义》目录
E1159,M_EIGEN_SVD,F043,contains,0.90,本地朱晓临《数值分析》第2版目录; 本地潘建瑜《数值分析讲义》目录
E1160,F043,M_EIGEN_SVD,belongs_to,0.90,本地朱晓临《数值分析》第2版目录; 本地潘建瑜《数值分析讲义》目录
E1161,M_EIGEN_SVD,F044,contains,0.90,本地朱晓临《数值分析》第2版目录; 本地潘建瑜《数值分析讲义》目录
E1162,F044,M_EIGEN_SVD,belongs_to,0.90,本地朱晓临《数值分析》第2版目录; 本地潘建瑜《数值分析讲义》目录
E1163,M_EIGEN_SVD,F045,contains,0.90,本地朱晓临《数值分析》第2版目录; 本地潘建瑜《数值分析讲义》目录
E1164,F045,M_EIGEN_SVD,belongs_to,0.90,本地朱晓临《数值分析》第2版目录; 本地潘建瑜《数值分析讲义》目录
E1165,M_PDE,F046,contains,0.86,MIT OCW 18.336 Numerical Methods for PDEs syllabus
E1166,F046,M_PDE,belongs_to,0.86,MIT OCW 18.336 Numerical Methods for PDEs syllabus
E1167,M_PDE,F047,contains,0.86,MIT OCW 18.336 Numerical Methods for PDEs syllabus
E1168,F047,M_PDE,belongs_to,0.86,MIT OCW 18.336 Numerical Methods for PDEs syllabus
E1169,M_PDE,F048,contains,0.86,MIT OCW 18.336 Numerical Methods for PDEs syllabus
E1170,F048,M_PDE,belongs_to,0.86,MIT OCW 18.336 Numerical Methods for PDEs syllabus
E1171,M_PDE,F049,contains,0.86,MIT OCW 18.336 Numerical Methods for PDEs syllabus
E1172,F049,M_PDE,belongs_to,0.86,MIT OCW 18.336 Numerical Methods for PDEs syllabus
E1173,M_PDE,F050,contains,0.86,MIT OCW 18.336 Numerical Methods for PDEs syllabus
E1174,F050,M_PDE,belongs_to,0.86,MIT OCW 18.336 Numerical Methods for PDEs syllabus
E1175,M_OPTIMIZATION,F051,contains,0.86,MIT OCW 18.335 Introduction to Numerical Methods syllabus; SciPy optimize官方文档
E1176,F051,M_OPTIMIZATION,belongs_to,0.86,MIT OCW 18.335 Introduction to Numerical Methods syllabus; SciPy optimize官方文档
E1177,M_OPTIMIZATION,F052,contains,0.86,MIT OCW 18.335 Introduction to Numerical Methods syllabus; SciPy optimize官方文档
E1178,F052,M_OPTIMIZATION,belongs_to,0.86,MIT OCW 18.335 Introduction to Numerical Methods syllabus; SciPy optimize官方文档
E1179,M_OPTIMIZATION,F053,contains,0.86,MIT OCW 18.335 Introduction to Numerical Methods syllabus; SciPy optimize官方文档
E1180,F053,M_OPTIMIZATION,belongs_to,0.86,MIT OCW 18.335 Introduction to Numerical Methods syllabus; SciPy optimize官方文档
E1181,M_OPTIMIZATION,F054,contains,0.86,MIT OCW 18.335 Introduction to Numerical Methods syllabus; SciPy optimize官方文档
E1182,F054,M_OPTIMIZATION,belongs_to,0.86,MIT OCW 18.335 Introduction to Numerical Methods syllabus; SciPy optimize官方文档
E1183,M_OPTIMIZATION,F055,contains,0.86,MIT OCW 18.335 Introduction to Numerical Methods syllabus; SciPy optimize官方文档
E1184,F055,M_OPTIMIZATION,belongs_to,0.86,MIT OCW 18.335 Introduction to Numerical Methods syllabus; SciPy optimize官方文档
E1185,M_NONLINEAR_ROOT,THM001,contains,0.93,本地理论/实验课程大纲与14次课件目录; 本地朱晓临《数值分析》第2版目录
E1186,THM001,M_NONLINEAR_ROOT,belongs_to,0.93,本地理论/实验课程大纲与14次课件目录; 本地朱晓临《数值分析》第2版目录
E1187,M_NONLINEAR_ROOT,THM002,contains,0.93,本地理论/实验课程大纲与14次课件目录; 本地朱晓临《数值分析》第2版目录
E1188,THM002,M_NONLINEAR_ROOT,belongs_to,0.93,本地理论/实验课程大纲与14次课件目录; 本地朱晓临《数值分析》第2版目录
E1189,M_NONLINEAR_ROOT,THM003,contains,0.93,本地理论/实验课程大纲与14次课件目录; 本地朱晓临《数值分析》第2版目录
E1190,THM003,M_NONLINEAR_ROOT,belongs_to,0.93,本地理论/实验课程大纲与14次课件目录; 本地朱晓临《数值分析》第2版目录
E1191,M_LINEAR_SYSTEMS,THM004,contains,0.93,本地理论/实验课程大纲与14次课件目录; 本地朱晓临《数值分析》第2版目录; Netlib Templates for the Solution of Linear Systems
E1192,THM004,M_LINEAR_SYSTEMS,belongs_to,0.93,本地理论/实验课程大纲与14次课件目录; 本地朱晓临《数值分析》第2版目录; Netlib Templates for the Solution of Linear Systems
E1193,M_LINEAR_SYSTEMS,THM005,contains,0.93,本地理论/实验课程大纲与14次课件目录; 本地朱晓临《数值分析》第2版目录; Netlib Templates for the Solution of Linear Systems
E1194,THM005,M_LINEAR_SYSTEMS,belongs_to,0.93,本地理论/实验课程大纲与14次课件目录; 本地朱晓临《数值分析》第2版目录; Netlib Templates for the Solution of Linear Systems
E1195,M_LINEAR_SYSTEMS,THM006,contains,0.93,本地理论/实验课程大纲与14次课件目录; 本地朱晓临《数值分析》第2版目录; Netlib Templates for the Solution of Linear Systems
E1196,THM006,M_LINEAR_SYSTEMS,belongs_to,0.93,本地理论/实验课程大纲与14次课件目录; 本地朱晓临《数值分析》第2版目录; Netlib Templates for the Solution of Linear Systems
E1197,M_EIGEN_SVD,THM007,contains,0.90,本地朱晓临《数值分析》第2版目录; 本地潘建瑜《数值分析讲义》目录
E1198,THM007,M_EIGEN_SVD,belongs_to,0.90,本地朱晓临《数值分析》第2版目录; 本地潘建瑜《数值分析讲义》目录
E1199,M_PRE_LINEAR_ALGEBRA,THM008,contains,0.92,本地理论/实验课程大纲与14次课件目录
E1200,THM008,M_PRE_LINEAR_ALGEBRA,belongs_to,0.92,本地理论/实验课程大纲与14次课件目录
E1201,M_INTERPOLATION,THM009,contains,0.93,本地理论/实验课程大纲与14次课件目录; 本地朱晓临《数值分析》第2版目录; 本地李庆扬等《数值分析》第5版目录
E1202,THM009,M_INTERPOLATION,belongs_to,0.93,本地理论/实验课程大纲与14次课件目录; 本地朱晓临《数值分析》第2版目录; 本地李庆扬等《数值分析》第5版目录
E1203,M_INTERPOLATION,THM010,contains,0.93,本地理论/实验课程大纲与14次课件目录; 本地朱晓临《数值分析》第2版目录; 本地李庆扬等《数值分析》第5版目录
E1204,THM010,M_INTERPOLATION,belongs_to,0.93,本地理论/实验课程大纲与14次课件目录; 本地朱晓临《数值分析》第2版目录; 本地李庆扬等《数值分析》第5版目录
E1205,M_APPROXIMATION,THM011,contains,0.93,本地理论/实验课程大纲与14次课件目录; 本地李庆扬等《数值分析》第5版目录
E1206,THM011,M_APPROXIMATION,belongs_to,0.93,本地理论/实验课程大纲与14次课件目录; 本地李庆扬等《数值分析》第5版目录
E1207,M_APPROXIMATION,THM012,contains,0.93,本地理论/实验课程大纲与14次课件目录; 本地李庆扬等《数值分析》第5版目录
E1208,THM012,M_APPROXIMATION,belongs_to,0.93,本地理论/实验课程大纲与14次课件目录; 本地李庆扬等《数值分析》第5版目录
E1209,M_NUM_INT,THM013,contains,0.93,本地理论/实验课程大纲与14次课件目录; 本地朱晓临《数值分析》第2版目录; SciPy integrate官方文档
E1210,THM013,M_NUM_INT,belongs_to,0.93,本地理论/实验课程大纲与14次课件目录; 本地朱晓临《数值分析》第2版目录; SciPy integrate官方文档
E1211,M_NUM_DIFF,THM014,contains,0.92,本地朱晓临《数值分析》第2版目录; 本地李庆扬等《数值分析》第5版目录
E1212,THM014,M_NUM_DIFF,belongs_to,0.92,本地朱晓临《数值分析》第2版目录; 本地李庆扬等《数值分析》第5版目录
E1213,M_ODE_IVP,THM015,contains,0.93,本地理论/实验课程大纲与14次课件目录; 本地朱晓临《数值分析》第2版目录; MathWorks MATLAB ODE官方文档
E1214,THM015,M_ODE_IVP,belongs_to,0.93,本地理论/实验课程大纲与14次课件目录; 本地朱晓临《数值分析》第2版目录; MathWorks MATLAB ODE官方文档
E1215,M_PDE,THM016,contains,0.86,MIT OCW 18.336 Numerical Methods for PDEs syllabus
E1216,THM016,M_PDE,belongs_to,0.86,MIT OCW 18.336 Numerical Methods for PDEs syllabus
E1217,M_PDE,THM017,contains,0.86,MIT OCW 18.336 Numerical Methods for PDEs syllabus
E1218,THM017,M_PDE,belongs_to,0.86,MIT OCW 18.336 Numerical Methods for PDEs syllabus
E1219,M_EIGEN_SVD,THM018,contains,0.90,本地朱晓临《数值分析》第2版目录; 本地潘建瑜《数值分析讲义》目录
E1220,THM018,M_EIGEN_SVD,belongs_to,0.90,本地朱晓临《数值分析》第2版目录; 本地潘建瑜《数值分析讲义》目录
E1221,M_EIGEN_SVD,THM019,contains,0.90,本地朱晓临《数值分析》第2版目录; 本地潘建瑜《数值分析讲义》目录
E1222,THM019,M_EIGEN_SVD,belongs_to,0.90,本地朱晓临《数值分析》第2版目录; 本地潘建瑜《数值分析讲义》目录
E1223,M_OPTIMIZATION,THM020,contains,0.86,MIT OCW 18.335 Introduction to Numerical Methods syllabus; SciPy optimize官方文档
E1224,THM020,M_OPTIMIZATION,belongs_to,0.86,MIT OCW 18.335 Introduction to Numerical Methods syllabus; SciPy optimize官方文档
E1225,M_OPTIMIZATION,THM021,contains,0.86,MIT OCW 18.335 Introduction to Numerical Methods syllabus; SciPy optimize官方文档
E1226,THM021,M_OPTIMIZATION,belongs_to,0.86,MIT OCW 18.335 Introduction to Numerical Methods syllabus; SciPy optimize官方文档
E1227,M_OPTIMIZATION,THM022,contains,0.86,MIT OCW 18.335 Introduction to Numerical Methods syllabus; SciPy optimize官方文档
E1228,THM022,M_OPTIMIZATION,belongs_to,0.86,MIT OCW 18.335 Introduction to Numerical Methods syllabus; SciPy optimize官方文档
E1229,M_OPTIMIZATION,THM023,contains,0.86,MIT OCW 18.335 Introduction to Numerical Methods syllabus; SciPy optimize官方文档
E1230,THM023,M_OPTIMIZATION,belongs_to,0.86,MIT OCW 18.335 Introduction to Numerical Methods syllabus; SciPy optimize官方文档
E1231,M_LINEAR_SYSTEMS,THM024,contains,0.93,本地理论/实验课程大纲与14次课件目录; 本地朱晓临《数值分析》第2版目录; Netlib Templates for the Solution of Linear Systems
E1232,THM024,M_LINEAR_SYSTEMS,belongs_to,0.93,本地理论/实验课程大纲与14次课件目录; 本地朱晓临《数值分析》第2版目录; Netlib Templates for the Solution of Linear Systems
E1233,M_ASSESSMENT,ERR001,contains,0.72,原创错因分类，依据数值分析常见作业、实验和考试错误整理。
E1234,ERR001,M_ASSESSMENT,belongs_to,0.72,原创错因分类，依据数值分析常见作业、实验和考试错误整理。
E1235,M_ASSESSMENT,ERR002,contains,0.72,原创错因分类，依据数值分析常见作业、实验和考试错误整理。
E1236,ERR002,M_ASSESSMENT,belongs_to,0.72,原创错因分类，依据数值分析常见作业、实验和考试错误整理。
E1237,M_ASSESSMENT,ERR003,contains,0.72,原创错因分类，依据数值分析常见作业、实验和考试错误整理。
E1238,ERR003,M_ASSESSMENT,belongs_to,0.72,原创错因分类，依据数值分析常见作业、实验和考试错误整理。
E1239,M_ASSESSMENT,ERR004,contains,0.72,原创错因分类，依据数值分析常见作业、实验和考试错误整理。
E1240,ERR004,M_ASSESSMENT,belongs_to,0.72,原创错因分类，依据数值分析常见作业、实验和考试错误整理。
E1241,M_ASSESSMENT,ERR005,contains,0.72,原创错因分类，依据数值分析常见作业、实验和考试错误整理。
E1242,ERR005,M_ASSESSMENT,belongs_to,0.72,原创错因分类，依据数值分析常见作业、实验和考试错误整理。
E1243,M_ASSESSMENT,ERR006,contains,0.72,原创错因分类，依据数值分析常见作业、实验和考试错误整理。
E1244,ERR006,M_ASSESSMENT,belongs_to,0.72,原创错因分类，依据数值分析常见作业、实验和考试错误整理。
E1245,M_ASSESSMENT,ERR007,contains,0.72,原创错因分类，依据数值分析常见作业、实验和考试错误整理。
E1246,ERR007,M_ASSESSMENT,belongs_to,0.72,原创错因分类，依据数值分析常见作业、实验和考试错误整理。
E1247,M_ASSESSMENT,ERR008,contains,0.72,原创错因分类，依据数值分析常见作业、实验和考试错误整理。
E1248,ERR008,M_ASSESSMENT,belongs_to,0.72,原创错因分类，依据数值分析常见作业、实验和考试错误整理。
E1249,M_ASSESSMENT,ERR009,contains,0.72,原创错因分类，依据数值分析常见作业、实验和考试错误整理。
E1250,ERR009,M_ASSESSMENT,belongs_to,0.72,原创错因分类，依据数值分析常见作业、实验和考试错误整理。
E1251,M_ASSESSMENT,ERR010,contains,0.72,原创错因分类，依据数值分析常见作业、实验和考试错误整理。
E1252,ERR010,M_ASSESSMENT,belongs_to,0.72,原创错因分类，依据数值分析常见作业、实验和考试错误整理。
E1253,M_ASSESSMENT,ERR011,contains,0.72,原创错因分类，依据数值分析常见作业、实验和考试错误整理。
E1254,ERR011,M_ASSESSMENT,belongs_to,0.72,原创错因分类，依据数值分析常见作业、实验和考试错误整理。
E1255,M_ASSESSMENT,ERR012,contains,0.72,原创错因分类，依据数值分析常见作业、实验和考试错误整理。
E1256,ERR012,M_ASSESSMENT,belongs_to,0.72,原创错因分类，依据数值分析常见作业、实验和考试错误整理。
E1257,M_ASSESSMENT,ERR013,contains,0.72,原创错因分类，依据数值分析常见作业、实验和考试错误整理。
E1258,ERR013,M_ASSESSMENT,belongs_to,0.72,原创错因分类，依据数值分析常见作业、实验和考试错误整理。
E1259,M_ASSESSMENT,ERR014,contains,0.72,原创错因分类，依据数值分析常见作业、实验和考试错误整理。
E1260,ERR014,M_ASSESSMENT,belongs_to,0.72,原创错因分类，依据数值分析常见作业、实验和考试错误整理。
E1261,M_ASSESSMENT,ERR015,contains,0.72,原创错因分类，依据数值分析常见作业、实验和考试错误整理。
E1262,ERR015,M_ASSESSMENT,belongs_to,0.72,原创错因分类，依据数值分析常见作业、实验和考试错误整理。
E1263,M_ASSESSMENT,ERR016,contains,0.72,原创错因分类，依据数值分析常见作业、实验和考试错误整理。
E1264,ERR016,M_ASSESSMENT,belongs_to,0.72,原创错因分类，依据数值分析常见作业、实验和考试错误整理。
E1265,M_ASSESSMENT,ERR017,contains,0.72,原创错因分类，依据数值分析常见作业、实验和考试错误整理。
E1266,ERR017,M_ASSESSMENT,belongs_to,0.72,原创错因分类，依据数值分析常见作业、实验和考试错误整理。
E1267,M_ASSESSMENT,ERR018,contains,0.72,原创错因分类，依据数值分析常见作业、实验和考试错误整理。
E1268,ERR018,M_ASSESSMENT,belongs_to,0.72,原创错因分类，依据数值分析常见作业、实验和考试错误整理。
E1269,M_ASSESSMENT,ERR019,contains,0.72,原创错因分类，依据数值分析常见作业、实验和考试错误整理。
E1270,ERR019,M_ASSESSMENT,belongs_to,0.72,原创错因分类，依据数值分析常见作业、实验和考试错误整理。
E1271,M_ASSESSMENT,ERR020,contains,0.72,原创错因分类，依据数值分析常见作业、实验和考试错误整理。
E1272,ERR020,M_ASSESSMENT,belongs_to,0.72,原创错因分类，依据数值分析常见作业、实验和考试错误整理。
E1273,M_ASSESSMENT,ERR021,contains,0.72,原创错因分类，依据数值分析常见作业、实验和考试错误整理。
E1274,ERR021,M_ASSESSMENT,belongs_to,0.72,原创错因分类，依据数值分析常见作业、实验和考试错误整理。
E1275,M_ASSESSMENT,ERR022,contains,0.72,原创错因分类，依据数值分析常见作业、实验和考试错误整理。
E1276,ERR022,M_ASSESSMENT,belongs_to,0.72,原创错因分类，依据数值分析常见作业、实验和考试错误整理。
E1277,M_ASSESSMENT,ERR023,contains,0.72,原创错因分类，依据数值分析常见作业、实验和考试错误整理。
E1278,ERR023,M_ASSESSMENT,belongs_to,0.72,原创错因分类，依据数值分析常见作业、实验和考试错误整理。
E1279,M_ASSESSMENT,ERR024,contains,0.72,原创错因分类，依据数值分析常见作业、实验和考试错误整理。
E1280,ERR024,M_ASSESSMENT,belongs_to,0.72,原创错因分类，依据数值分析常见作业、实验和考试错误整理。
E1281,M_ASSESSMENT,ERR025,contains,0.72,原创错因分类，依据数值分析常见作业、实验和考试错误整理。
E1282,ERR025,M_ASSESSMENT,belongs_to,0.72,原创错因分类，依据数值分析常见作业、实验和考试错误整理。
E1283,M_ASSESSMENT,ERR026,contains,0.72,原创错因分类，依据数值分析常见作业、实验和考试错误整理。
E1284,ERR026,M_ASSESSMENT,belongs_to,0.72,原创错因分类，依据数值分析常见作业、实验和考试错误整理。
E1285,M_ASSESSMENT,ERR027,contains,0.72,原创错因分类，依据数值分析常见作业、实验和考试错误整理。
E1286,ERR027,M_ASSESSMENT,belongs_to,0.72,原创错因分类，依据数值分析常见作业、实验和考试错误整理。
E1287,M_ASSESSMENT,ERR028,contains,0.72,原创错因分类，依据数值分析常见作业、实验和考试错误整理。
E1288,ERR028,M_ASSESSMENT,belongs_to,0.72,原创错因分类，依据数值分析常见作业、实验和考试错误整理。
E1289,M_ASSESSMENT,ERR029,contains,0.72,原创错因分类，依据数值分析常见作业、实验和考试错误整理。
E1290,ERR029,M_ASSESSMENT,belongs_to,0.72,原创错因分类，依据数值分析常见作业、实验和考试错误整理。
E1291,M_ASSESSMENT,ERR030,contains,0.72,原创错因分类，依据数值分析常见作业、实验和考试错误整理。
E1292,ERR030,M_ASSESSMENT,belongs_to,0.72,原创错因分类，依据数值分析常见作业、实验和考试错误整理。
E1293,M_ASSESSMENT,ERR031,contains,0.72,原创错因分类，依据数值分析常见作业、实验和考试错误整理。
E1294,ERR031,M_ASSESSMENT,belongs_to,0.72,原创错因分类，依据数值分析常见作业、实验和考试错误整理。
E1295,M_ASSESSMENT,ERR032,contains,0.72,原创错因分类，依据数值分析常见作业、实验和考试错误整理。
E1296,ERR032,M_ASSESSMENT,belongs_to,0.72,原创错因分类，依据数值分析常见作业、实验和考试错误整理。
E1297,M_ASSESSMENT,ERR033,contains,0.72,原创错因分类，依据数值分析常见作业、实验和考试错误整理。
E1298,ERR033,M_ASSESSMENT,belongs_to,0.72,原创错因分类，依据数值分析常见作业、实验和考试错误整理。
E1299,M_ASSESSMENT,ERR034,contains,0.72,原创错因分类，依据数值分析常见作业、实验和考试错误整理。
E1300,ERR034,M_ASSESSMENT,belongs_to,0.72,原创错因分类，依据数值分析常见作业、实验和考试错误整理。
E1301,M_ASSESSMENT,ERR035,contains,0.72,原创错因分类，依据数值分析常见作业、实验和考试错误整理。
E1302,ERR035,M_ASSESSMENT,belongs_to,0.72,原创错因分类，依据数值分析常见作业、实验和考试错误整理。
E1303,M_ASSESSMENT,ERR036,contains,0.72,原创错因分类，依据数值分析常见作业、实验和考试错误整理。
E1304,ERR036,M_ASSESSMENT,belongs_to,0.72,原创错因分类，依据数值分析常见作业、实验和考试错误整理。
E1305,M_ASSESSMENT,ERR037,contains,0.72,原创错因分类，依据数值分析常见作业、实验和考试错误整理。
E1306,ERR037,M_ASSESSMENT,belongs_to,0.72,原创错因分类，依据数值分析常见作业、实验和考试错误整理。
E1307,M_ASSESSMENT,ERR038,contains,0.72,原创错因分类，依据数值分析常见作业、实验和考试错误整理。
E1308,ERR038,M_ASSESSMENT,belongs_to,0.72,原创错因分类，依据数值分析常见作业、实验和考试错误整理。
E1309,M_ASSESSMENT,ERR039,contains,0.72,原创错因分类，依据数值分析常见作业、实验和考试错误整理。
E1310,ERR039,M_ASSESSMENT,belongs_to,0.72,原创错因分类，依据数值分析常见作业、实验和考试错误整理。
E1311,M_ASSESSMENT,ERR040,contains,0.72,原创错因分类，依据数值分析常见作业、实验和考试错误整理。
E1312,ERR040,M_ASSESSMENT,belongs_to,0.72,原创错因分类，依据数值分析常见作业、实验和考试错误整理。
E1313,M_PRE_CALCULUS,PRE001,contains,0.84,本地理论/实验课程大纲与14次课件目录; 专家补全：按数值分析通用知识体系整理，建议人工审核
E1314,PRE001,M_PRE_CALCULUS,belongs_to,0.84,本地理论/实验课程大纲与14次课件目录; 专家补全：按数值分析通用知识体系整理，建议人工审核
E1315,M_PRE_CALCULUS,PRE002,contains,0.84,本地理论/实验课程大纲与14次课件目录; 专家补全：按数值分析通用知识体系整理，建议人工审核
E1316,PRE002,M_PRE_CALCULUS,belongs_to,0.84,本地理论/实验课程大纲与14次课件目录; 专家补全：按数值分析通用知识体系整理，建议人工审核
E1317,M_PRE_CALCULUS,PRE003,contains,0.84,本地理论/实验课程大纲与14次课件目录; 专家补全：按数值分析通用知识体系整理，建议人工审核
E1318,PRE003,M_PRE_CALCULUS,belongs_to,0.84,本地理论/实验课程大纲与14次课件目录; 专家补全：按数值分析通用知识体系整理，建议人工审核
E1319,M_PRE_LINEAR_ALGEBRA,PRE004,contains,0.84,本地理论/实验课程大纲与14次课件目录; 专家补全：按数值分析通用知识体系整理，建议人工审核
E1320,PRE004,M_PRE_LINEAR_ALGEBRA,belongs_to,0.84,本地理论/实验课程大纲与14次课件目录; 专家补全：按数值分析通用知识体系整理，建议人工审核
E1321,M_PRE_LINEAR_ALGEBRA,PRE005,contains,0.84,本地理论/实验课程大纲与14次课件目录; 专家补全：按数值分析通用知识体系整理，建议人工审核
E1322,PRE005,M_PRE_LINEAR_ALGEBRA,belongs_to,0.84,本地理论/实验课程大纲与14次课件目录; 专家补全：按数值分析通用知识体系整理，建议人工审核
E1323,M_PRE_LINEAR_ALGEBRA,PRE006,contains,0.84,本地理论/实验课程大纲与14次课件目录; 专家补全：按数值分析通用知识体系整理，建议人工审核
E1324,PRE006,M_PRE_LINEAR_ALGEBRA,belongs_to,0.84,本地理论/实验课程大纲与14次课件目录; 专家补全：按数值分析通用知识体系整理，建议人工审核
E1325,M_PRE_PROGRAMMING,PRE007,contains,0.84,本地理论/实验课程大纲与14次课件目录; 专家补全：按数值分析通用知识体系整理，建议人工审核
E1326,PRE007,M_PRE_PROGRAMMING,belongs_to,0.84,本地理论/实验课程大纲与14次课件目录; 专家补全：按数值分析通用知识体系整理，建议人工审核
E1327,M_PRE_PROGRAMMING,PRE008,contains,0.84,本地理论/实验课程大纲与14次课件目录; 专家补全：按数值分析通用知识体系整理，建议人工审核
E1328,PRE008,M_PRE_PROGRAMMING,belongs_to,0.84,本地理论/实验课程大纲与14次课件目录; 专家补全：按数值分析通用知识体系整理，建议人工审核
E1329,M_PRE_PROGRAMMING,PRE009,contains,0.84,本地理论/实验课程大纲与14次课件目录; 专家补全：按数值分析通用知识体系整理，建议人工审核
E1330,PRE009,M_PRE_PROGRAMMING,belongs_to,0.84,本地理论/实验课程大纲与14次课件目录; 专家补全：按数值分析通用知识体系整理，建议人工审核
E1331,M_ERROR_ANALYSIS,PRE010,contains,0.84,本地朱晓临《数值分析》第2版目录; 本地李庆扬等《数值分析》第5版目录; 专家补全：按数值分析通用知识体系整理，建议人工审核
E1332,PRE010,M_ERROR_ANALYSIS,belongs_to,0.84,本地朱晓临《数值分析》第2版目录; 本地李庆扬等《数值分析》第5版目录; 专家补全：按数值分析通用知识体系整理，建议人工审核
E1333,M_LINEAR_SYSTEMS,PRE011,contains,0.84,本地理论/实验课程大纲与14次课件目录; 本地朱晓临《数值分析》第2版目录; Netlib Templates for the Solution of Linear Systems; 专家补全：按数值分析通用知识体系整理，建议人工审核
E1334,PRE011,M_LINEAR_SYSTEMS,belongs_to,0.84,本地理论/实验课程大纲与14次课件目录; 本地朱晓临《数值分析》第2版目录; Netlib Templates for the Solution of Linear Systems; 专家补全：按数值分析通用知识体系整理，建议人工审核
E1335,M_INTERPOLATION,PRE012,contains,0.84,本地理论/实验课程大纲与14次课件目录; 本地朱晓临《数值分析》第2版目录; 本地李庆扬等《数值分析》第5版目录; 专家补全：按数值分析通用知识体系整理，建议人工审核
E1336,PRE012,M_INTERPOLATION,belongs_to,0.84,本地理论/实验课程大纲与14次课件目录; 本地朱晓临《数值分析》第2版目录; 本地李庆扬等《数值分析》第5版目录; 专家补全：按数值分析通用知识体系整理，建议人工审核
E1337,M_SCI_COMP,EXP001,contains,0.78,本地实验课程大纲强调上机程序作业，实验主题按学科级图谱扩展。
E1338,EXP001,M_SCI_COMP,belongs_to,0.78,本地实验课程大纲强调上机程序作业，实验主题按学科级图谱扩展。
E1339,M_SCI_COMP,EXP002,contains,0.78,本地实验课程大纲强调上机程序作业，实验主题按学科级图谱扩展。
E1340,EXP002,M_SCI_COMP,belongs_to,0.78,本地实验课程大纲强调上机程序作业，实验主题按学科级图谱扩展。
E1341,M_SCI_COMP,EXP003,contains,0.78,本地实验课程大纲强调上机程序作业，实验主题按学科级图谱扩展。
E1342,EXP003,M_SCI_COMP,belongs_to,0.78,本地实验课程大纲强调上机程序作业，实验主题按学科级图谱扩展。
E1343,M_SCI_COMP,EXP004,contains,0.78,本地实验课程大纲强调上机程序作业，实验主题按学科级图谱扩展。
E1344,EXP004,M_SCI_COMP,belongs_to,0.78,本地实验课程大纲强调上机程序作业，实验主题按学科级图谱扩展。
E1345,M_SCI_COMP,EXP005,contains,0.78,本地实验课程大纲强调上机程序作业，实验主题按学科级图谱扩展。
E1346,EXP005,M_SCI_COMP,belongs_to,0.78,本地实验课程大纲强调上机程序作业，实验主题按学科级图谱扩展。
E1347,M_SCI_COMP,EXP006,contains,0.78,本地实验课程大纲强调上机程序作业，实验主题按学科级图谱扩展。
E1348,EXP006,M_SCI_COMP,belongs_to,0.78,本地实验课程大纲强调上机程序作业，实验主题按学科级图谱扩展。
E1349,M_SCI_COMP,EXP007,contains,0.78,本地实验课程大纲强调上机程序作业，实验主题按学科级图谱扩展。
E1350,EXP007,M_SCI_COMP,belongs_to,0.78,本地实验课程大纲强调上机程序作业，实验主题按学科级图谱扩展。
E1351,M_SCI_COMP,EXP008,contains,0.78,本地实验课程大纲强调上机程序作业，实验主题按学科级图谱扩展。
E1352,EXP008,M_SCI_COMP,belongs_to,0.78,本地实验课程大纲强调上机程序作业，实验主题按学科级图谱扩展。
E1353,M_SCI_COMP,EXP009,contains,0.78,本地实验课程大纲强调上机程序作业，实验主题按学科级图谱扩展。
E1354,EXP009,M_SCI_COMP,belongs_to,0.78,本地实验课程大纲强调上机程序作业，实验主题按学科级图谱扩展。
E1355,M_SCI_COMP,EXP010,contains,0.78,本地实验课程大纲强调上机程序作业，实验主题按学科级图谱扩展。
E1356,EXP010,M_SCI_COMP,belongs_to,0.78,本地实验课程大纲强调上机程序作业，实验主题按学科级图谱扩展。
E1357,M_SCI_COMP,EXP011,contains,0.78,本地实验课程大纲强调上机程序作业，实验主题按学科级图谱扩展。
E1358,EXP011,M_SCI_COMP,belongs_to,0.78,本地实验课程大纲强调上机程序作业，实验主题按学科级图谱扩展。
E1359,M_SCI_COMP,EXP012,contains,0.78,本地实验课程大纲强调上机程序作业，实验主题按学科级图谱扩展。
E1360,EXP012,M_SCI_COMP,belongs_to,0.78,本地实验课程大纲强调上机程序作业，实验主题按学科级图谱扩展。
E1361,M_SCI_COMP,EXP013,contains,0.78,本地实验课程大纲强调上机程序作业，实验主题按学科级图谱扩展。
E1362,EXP013,M_SCI_COMP,belongs_to,0.78,本地实验课程大纲强调上机程序作业，实验主题按学科级图谱扩展。
E1363,M_SCI_COMP,EXP014,contains,0.78,本地实验课程大纲强调上机程序作业，实验主题按学科级图谱扩展。
E1364,EXP014,M_SCI_COMP,belongs_to,0.78,本地实验课程大纲强调上机程序作业，实验主题按学科级图谱扩展。
E1365,M_SCI_COMP,EXP015,contains,0.78,本地实验课程大纲强调上机程序作业，实验主题按学科级图谱扩展。
E1366,EXP015,M_SCI_COMP,belongs_to,0.78,本地实验课程大纲强调上机程序作业，实验主题按学科级图谱扩展。
E1367,M_SCI_COMP,EXP016,contains,0.78,本地实验课程大纲强调上机程序作业，实验主题按学科级图谱扩展。
E1368,EXP016,M_SCI_COMP,belongs_to,0.78,本地实验课程大纲强调上机程序作业，实验主题按学科级图谱扩展。
E1369,M_SCI_COMP,EXP017,contains,0.78,本地实验课程大纲强调上机程序作业，实验主题按学科级图谱扩展。
E1370,EXP017,M_SCI_COMP,belongs_to,0.78,本地实验课程大纲强调上机程序作业，实验主题按学科级图谱扩展。
E1371,M_SCI_COMP,EXP018,contains,0.78,本地实验课程大纲强调上机程序作业，实验主题按学科级图谱扩展。
E1372,EXP018,M_SCI_COMP,belongs_to,0.78,本地实验课程大纲强调上机程序作业，实验主题按学科级图谱扩展。
E1373,M_SCI_COMP,EXP019,contains,0.78,本地实验课程大纲强调上机程序作业，实验主题按学科级图谱扩展。
E1374,EXP019,M_SCI_COMP,belongs_to,0.78,本地实验课程大纲强调上机程序作业，实验主题按学科级图谱扩展。
E1375,M_SCI_COMP,EXP020,contains,0.78,本地实验课程大纲强调上机程序作业，实验主题按学科级图谱扩展。
E1376,EXP020,M_SCI_COMP,belongs_to,0.78,本地实验课程大纲强调上机程序作业，实验主题按学科级图谱扩展。
E1377,M_SCI_COMP,EXP021,contains,0.78,本地实验课程大纲强调上机程序作业，实验主题按学科级图谱扩展。
E1378,EXP021,M_SCI_COMP,belongs_to,0.78,本地实验课程大纲强调上机程序作业，实验主题按学科级图谱扩展。
E1379,M_SCI_COMP,EXP022,contains,0.78,本地实验课程大纲强调上机程序作业，实验主题按学科级图谱扩展。
E1380,EXP022,M_SCI_COMP,belongs_to,0.78,本地实验课程大纲强调上机程序作业，实验主题按学科级图谱扩展。
E1381,M_SCI_COMP,EXP023,contains,0.78,本地实验课程大纲强调上机程序作业，实验主题按学科级图谱扩展。
E1382,EXP023,M_SCI_COMP,belongs_to,0.78,本地实验课程大纲强调上机程序作业，实验主题按学科级图谱扩展。
E1383,M_SCI_COMP,EXP024,contains,0.78,本地实验课程大纲强调上机程序作业，实验主题按学科级图谱扩展。
E1384,EXP024,M_SCI_COMP,belongs_to,0.78,本地实验课程大纲强调上机程序作业，实验主题按学科级图谱扩展。
E1385,M_SCI_COMP,EXP025,contains,0.78,本地实验课程大纲强调上机程序作业，实验主题按学科级图谱扩展。
E1386,EXP025,M_SCI_COMP,belongs_to,0.78,本地实验课程大纲强调上机程序作业，实验主题按学科级图谱扩展。
E1387,M_SCI_COMP,EXP026,contains,0.78,本地实验课程大纲强调上机程序作业，实验主题按学科级图谱扩展。
E1388,EXP026,M_SCI_COMP,belongs_to,0.78,本地实验课程大纲强调上机程序作业，实验主题按学科级图谱扩展。
E1389,M_SCI_COMP,EXP027,contains,0.78,本地实验课程大纲强调上机程序作业，实验主题按学科级图谱扩展。
E1390,EXP027,M_SCI_COMP,belongs_to,0.78,本地实验课程大纲强调上机程序作业，实验主题按学科级图谱扩展。
E1391,M_SCI_COMP,EXP028,contains,0.78,本地实验课程大纲强调上机程序作业，实验主题按学科级图谱扩展。
E1392,EXP028,M_SCI_COMP,belongs_to,0.78,本地实验课程大纲强调上机程序作业，实验主题按学科级图谱扩展。
E1393,M_SCI_COMP,EXP029,contains,0.78,本地实验课程大纲强调上机程序作业，实验主题按学科级图谱扩展。
E1394,EXP029,M_SCI_COMP,belongs_to,0.78,本地实验课程大纲强调上机程序作业，实验主题按学科级图谱扩展。
E1395,M_SCI_COMP,EXP030,contains,0.78,本地实验课程大纲强调上机程序作业，实验主题按学科级图谱扩展。
E1396,EXP030,M_SCI_COMP,belongs_to,0.78,本地实验课程大纲强调上机程序作业，实验主题按学科级图谱扩展。
E1397,M_SCI_COMP,EXP031,contains,0.78,本地实验课程大纲强调上机程序作业，实验主题按学科级图谱扩展。
E1398,EXP031,M_SCI_COMP,belongs_to,0.78,本地实验课程大纲强调上机程序作业，实验主题按学科级图谱扩展。
E1399,M_SCI_COMP,EXP032,contains,0.78,本地实验课程大纲强调上机程序作业，实验主题按学科级图谱扩展。
E1400,EXP032,M_SCI_COMP,belongs_to,0.78,本地实验课程大纲强调上机程序作业，实验主题按学科级图谱扩展。
E1401,M_SCI_COMP,EXP033,contains,0.78,本地实验课程大纲强调上机程序作业，实验主题按学科级图谱扩展。
E1402,EXP033,M_SCI_COMP,belongs_to,0.78,本地实验课程大纲强调上机程序作业，实验主题按学科级图谱扩展。
E1403,M_SCI_COMP,EXP034,contains,0.78,本地实验课程大纲强调上机程序作业，实验主题按学科级图谱扩展。
E1404,EXP034,M_SCI_COMP,belongs_to,0.78,本地实验课程大纲强调上机程序作业，实验主题按学科级图谱扩展。
E1405,M_SCI_COMP,EXP035,contains,0.78,本地实验课程大纲强调上机程序作业，实验主题按学科级图谱扩展。
E1406,EXP035,M_SCI_COMP,belongs_to,0.78,本地实验课程大纲强调上机程序作业，实验主题按学科级图谱扩展。
E1407,M_RESOURCES,RES001,contains,0.90,课程目标、教材和参考资料。
E1408,RES001,M_RESOURCES,belongs_to,0.90,课程目标、教材和参考资料。
E1409,M_RESOURCES,RES002,contains,0.90,覆盖本地课程核心章节与讲授顺序。
E1410,RES002,M_RESOURCES,belongs_to,0.90,覆盖本地课程核心章节与讲授顺序。
E1411,M_RESOURCES,RES003,contains,0.90,课程章节、重点难点和学时安排。
E1412,RES003,M_RESOURCES,belongs_to,0.90,课程章节、重点难点和学时安排。
E1413,M_RESOURCES,RES004,contains,0.90,实验项目和编程实践安排。
E1414,RES004,M_RESOURCES,belongs_to,0.90,实验项目和编程实践安排。
E1415,M_RESOURCES,RES005,contains,0.90,与本地课程大纲高度对齐的主教材。
E1416,RES005,M_RESOURCES,belongs_to,0.90,与本地课程大纲高度对齐的主教材。
E1417,M_RESOURCES,RES006,contains,0.90,补充函数逼近、FFT和经典数值分析结构。
E1418,RES006,M_RESOURCES,belongs_to,0.90,补充函数逼近、FFT和经典数值分析结构。
E1419,M_RESOURCES,RES007,contains,0.90,补充线性代数、QR/SVD、特征值和现代数值线性代数。
E1420,RES007,M_RESOURCES,belongs_to,0.90,补充线性代数、QR/SVD、特征值和现代数值线性代数。
E1421,M_RESOURCES,RES008,contains,0.90,补充学科级数值方法和科学计算背景。
E1422,RES008,M_RESOURCES,belongs_to,0.90,补充学科级数值方法和科学计算背景。
E1423,M_RESOURCES,RES009,contains,0.90,补充PDE数值方法范围。
E1424,RES009,M_RESOURCES,belongs_to,0.90,补充PDE数值方法范围。
E1425,M_RESOURCES,RES010,contains,0.90,优化、求根、最小二乘和实现接口。
E1426,RES010,M_RESOURCES,belongs_to,0.90,优化、求根、最小二乘和实现接口。
E1427,M_RESOURCES,RES011,contains,0.90,积分和ODE求解实现接口。
E1428,RES011,M_RESOURCES,belongs_to,0.90,积分和ODE求解实现接口。
E1429,M_RESOURCES,RES012,contains,0.90,MATLAB ODE求解器与实现说明。
E1430,RES012,M_RESOURCES,belongs_to,0.90,MATLAB ODE求解器与实现说明。
E1431,M_RESOURCES,RES013,contains,0.90,迭代线性系统模板和Krylov方法。
E1432,RES013,M_RESOURCES,belongs_to,0.90,迭代线性系统模板和Krylov方法。
E1433,M_RESOURCES,RES014,contains,0.78,原创短诊断题，不复制教材题。
E1434,RES014,M_RESOURCES,belongs_to,0.78,原创短诊断题，不复制教材题。
E1435,M_RESOURCES,RES015,contains,0.78,从错因到补学节点的推荐规则。
E1436,RES015,M_RESOURCES,belongs_to,0.78,从错因到补学节点的推荐规则。
E1437,M_PRE_CALCULUS,M_PRE_LINEAR_ALGEBRA,teaching_order,0.68,按本地课程章节顺序与学科级扩展路径整理，仅表示推荐学习顺序。
E1438,M_PRE_CALCULUS,M_PRE_LINEAR_ALGEBRA,weak_prerequisite,0.66,按课程组织和学习路径经验整理，不等同于强概念依赖。
E1439,M_PRE_LINEAR_ALGEBRA,M_PRE_PROGRAMMING,teaching_order,0.68,按本地课程章节顺序与学科级扩展路径整理，仅表示推荐学习顺序。
E1440,M_PRE_LINEAR_ALGEBRA,M_PRE_PROGRAMMING,weak_prerequisite,0.66,按课程组织和学习路径经验整理，不等同于强概念依赖。
E1441,M_PRE_PROGRAMMING,M_ERROR_ANALYSIS,teaching_order,0.68,按本地课程章节顺序与学科级扩展路径整理，仅表示推荐学习顺序。
E1442,M_PRE_PROGRAMMING,M_ERROR_ANALYSIS,weak_prerequisite,0.66,按课程组织和学习路径经验整理，不等同于强概念依赖。
E1443,M_ERROR_ANALYSIS,M_LINEAR_SYSTEMS,teaching_order,0.68,按本地课程章节顺序与学科级扩展路径整理，仅表示推荐学习顺序。
E1444,M_ERROR_ANALYSIS,M_LINEAR_SYSTEMS,weak_prerequisite,0.66,按课程组织和学习路径经验整理，不等同于强概念依赖。
E1445,M_LINEAR_SYSTEMS,M_NONLINEAR_ROOT,teaching_order,0.68,按本地课程章节顺序与学科级扩展路径整理，仅表示推荐学习顺序。
E1446,M_LINEAR_SYSTEMS,M_NONLINEAR_ROOT,weak_prerequisite,0.66,按课程组织和学习路径经验整理，不等同于强概念依赖。
E1447,M_NONLINEAR_ROOT,M_INTERPOLATION,teaching_order,0.68,按本地课程章节顺序与学科级扩展路径整理，仅表示推荐学习顺序。
E1448,M_NONLINEAR_ROOT,M_INTERPOLATION,weak_prerequisite,0.66,按课程组织和学习路径经验整理，不等同于强概念依赖。
E1449,M_INTERPOLATION,M_APPROXIMATION,teaching_order,0.68,按本地课程章节顺序与学科级扩展路径整理，仅表示推荐学习顺序。
E1450,M_INTERPOLATION,M_APPROXIMATION,weak_prerequisite,0.66,按课程组织和学习路径经验整理，不等同于强概念依赖。
E1451,M_APPROXIMATION,M_NUM_DIFF,teaching_order,0.68,按本地课程章节顺序与学科级扩展路径整理，仅表示推荐学习顺序。
E1452,M_APPROXIMATION,M_NUM_DIFF,weak_prerequisite,0.66,按课程组织和学习路径经验整理，不等同于强概念依赖。
E1453,M_NUM_DIFF,M_NUM_INT,teaching_order,0.68,按本地课程章节顺序与学科级扩展路径整理，仅表示推荐学习顺序。
E1454,M_NUM_DIFF,M_NUM_INT,weak_prerequisite,0.66,按课程组织和学习路径经验整理，不等同于强概念依赖。
E1455,M_NUM_INT,M_ODE_IVP,teaching_order,0.68,按本地课程章节顺序与学科级扩展路径整理，仅表示推荐学习顺序。
E1456,M_NUM_INT,M_ODE_IVP,weak_prerequisite,0.66,按课程组织和学习路径经验整理，不等同于强概念依赖。
E1457,M_ODE_IVP,M_ODE_BVP,teaching_order,0.68,按本地课程章节顺序与学科级扩展路径整理，仅表示推荐学习顺序。
E1458,M_ODE_IVP,M_ODE_BVP,weak_prerequisite,0.66,按课程组织和学习路径经验整理，不等同于强概念依赖。
E1459,M_ODE_BVP,M_EIGEN_SVD,teaching_order,0.68,按本地课程章节顺序与学科级扩展路径整理，仅表示推荐学习顺序。
E1460,M_ODE_BVP,M_EIGEN_SVD,weak_prerequisite,0.66,按课程组织和学习路径经验整理，不等同于强概念依赖。
E1461,M_EIGEN_SVD,M_PDE,teaching_order,0.68,按本地课程章节顺序与学科级扩展路径整理，仅表示推荐学习顺序。
E1462,M_EIGEN_SVD,M_PDE,weak_prerequisite,0.66,按课程组织和学习路径经验整理，不等同于强概念依赖。
E1463,M_PDE,M_OPTIMIZATION,teaching_order,0.68,按本地课程章节顺序与学科级扩展路径整理，仅表示推荐学习顺序。
E1464,M_PDE,M_OPTIMIZATION,weak_prerequisite,0.66,按课程组织和学习路径经验整理，不等同于强概念依赖。
E1465,M_OPTIMIZATION,M_SCI_COMP,teaching_order,0.68,按本地课程章节顺序与学科级扩展路径整理，仅表示推荐学习顺序。
E1466,M_OPTIMIZATION,M_SCI_COMP,weak_prerequisite,0.66,按课程组织和学习路径经验整理，不等同于强概念依赖。
E1467,M_SCI_COMP,M_IMPLEMENTATION,teaching_order,0.68,按本地课程章节顺序与学科级扩展路径整理，仅表示推荐学习顺序。
E1468,M_SCI_COMP,M_IMPLEMENTATION,weak_prerequisite,0.66,按课程组织和学习路径经验整理，不等同于强概念依赖。
E1469,M_IMPLEMENTATION,M_ASSESSMENT,teaching_order,0.68,按本地课程章节顺序与学科级扩展路径整理，仅表示推荐学习顺序。
E1470,M_IMPLEMENTATION,M_ASSESSMENT,weak_prerequisite,0.66,按课程组织和学习路径经验整理，不等同于强概念依赖。
E1471,T001,T002,teaching_order,0.65,高等数学基础内部的推荐学习顺序，需人工按教学目标微调。
E1472,T002,T003,teaching_order,0.65,高等数学基础内部的推荐学习顺序，需人工按教学目标微调。
E1473,T003,T004,teaching_order,0.65,高等数学基础内部的推荐学习顺序，需人工按教学目标微调。
E1474,T004,T005,teaching_order,0.65,高等数学基础内部的推荐学习顺序，需人工按教学目标微调。
E1475,T005,T006,teaching_order,0.65,高等数学基础内部的推荐学习顺序，需人工按教学目标微调。
E1476,T006,T007,teaching_order,0.65,高等数学基础内部的推荐学习顺序，需人工按教学目标微调。
E1477,T007,T008,teaching_order,0.65,高等数学基础内部的推荐学习顺序，需人工按教学目标微调。
E1478,T008,T009,teaching_order,0.65,高等数学基础内部的推荐学习顺序，需人工按教学目标微调。
E1479,T009,T010,teaching_order,0.65,高等数学基础内部的推荐学习顺序，需人工按教学目标微调。
E1480,T010,T011,teaching_order,0.65,高等数学基础内部的推荐学习顺序，需人工按教学目标微调。
E1481,T011,T012,teaching_order,0.65,高等数学基础内部的推荐学习顺序，需人工按教学目标微调。
E1482,T012,T013,teaching_order,0.65,高等数学基础内部的推荐学习顺序，需人工按教学目标微调。
E1483,T013,T014,teaching_order,0.65,高等数学基础内部的推荐学习顺序，需人工按教学目标微调。
E1484,T014,T015,teaching_order,0.65,高等数学基础内部的推荐学习顺序，需人工按教学目标微调。
E1485,T015,T016,teaching_order,0.65,高等数学基础内部的推荐学习顺序，需人工按教学目标微调。
E1486,T016,T017,teaching_order,0.65,高等数学基础内部的推荐学习顺序，需人工按教学目标微调。
E1487,T017,T018,teaching_order,0.65,高等数学基础内部的推荐学习顺序，需人工按教学目标微调。
E1488,T018,T019,teaching_order,0.65,高等数学基础内部的推荐学习顺序，需人工按教学目标微调。
E1489,T019,T020,teaching_order,0.65,高等数学基础内部的推荐学习顺序，需人工按教学目标微调。
E1490,T020,T021,teaching_order,0.65,高等数学基础内部的推荐学习顺序，需人工按教学目标微调。
E1491,T022,T023,teaching_order,0.65,线性代数基础内部的推荐学习顺序，需人工按教学目标微调。
E1492,T023,T024,teaching_order,0.65,线性代数基础内部的推荐学习顺序，需人工按教学目标微调。
E1493,T024,T025,teaching_order,0.65,线性代数基础内部的推荐学习顺序，需人工按教学目标微调。
E1494,T025,T026,teaching_order,0.65,线性代数基础内部的推荐学习顺序，需人工按教学目标微调。
E1495,T026,T027,teaching_order,0.65,线性代数基础内部的推荐学习顺序，需人工按教学目标微调。
E1496,T027,T028,teaching_order,0.65,线性代数基础内部的推荐学习顺序，需人工按教学目标微调。
E1497,T028,T029,teaching_order,0.65,线性代数基础内部的推荐学习顺序，需人工按教学目标微调。
E1498,T029,T030,teaching_order,0.65,线性代数基础内部的推荐学习顺序，需人工按教学目标微调。
E1499,T030,T031,teaching_order,0.65,线性代数基础内部的推荐学习顺序，需人工按教学目标微调。
E1500,T031,T032,teaching_order,0.65,线性代数基础内部的推荐学习顺序，需人工按教学目标微调。
E1501,T032,T033,teaching_order,0.65,线性代数基础内部的推荐学习顺序，需人工按教学目标微调。
E1502,T033,T034,teaching_order,0.65,线性代数基础内部的推荐学习顺序，需人工按教学目标微调。
E1503,T034,T035,teaching_order,0.65,线性代数基础内部的推荐学习顺序，需人工按教学目标微调。
E1504,T035,T036,teaching_order,0.65,线性代数基础内部的推荐学习顺序，需人工按教学目标微调。
E1505,T036,T037,teaching_order,0.65,线性代数基础内部的推荐学习顺序，需人工按教学目标微调。
E1506,T037,T038,teaching_order,0.65,线性代数基础内部的推荐学习顺序，需人工按教学目标微调。
E1507,T038,T039,teaching_order,0.65,线性代数基础内部的推荐学习顺序，需人工按教学目标微调。
E1508,T039,T040,teaching_order,0.65,线性代数基础内部的推荐学习顺序，需人工按教学目标微调。
E1509,T040,T041,teaching_order,0.65,线性代数基础内部的推荐学习顺序，需人工按教学目标微调。
E1510,T041,T042,teaching_order,0.65,线性代数基础内部的推荐学习顺序，需人工按教学目标微调。
E1511,T042,T043,teaching_order,0.65,线性代数基础内部的推荐学习顺序，需人工按教学目标微调。
E1512,T043,T044,teaching_order,0.65,线性代数基础内部的推荐学习顺序，需人工按教学目标微调。
E1513,T044,T045,teaching_order,0.65,线性代数基础内部的推荐学习顺序，需人工按教学目标微调。
E1514,T045,T046,teaching_order,0.65,线性代数基础内部的推荐学习顺序，需人工按教学目标微调。
E1515,T046,T047,teaching_order,0.65,线性代数基础内部的推荐学习顺序，需人工按教学目标微调。
E1516,T047,T048,teaching_order,0.65,线性代数基础内部的推荐学习顺序，需人工按教学目标微调。
E1517,T048,T049,teaching_order,0.65,线性代数基础内部的推荐学习顺序，需人工按教学目标微调。
E1518,T049,T050,teaching_order,0.65,线性代数基础内部的推荐学习顺序，需人工按教学目标微调。
E1519,T050,T051,teaching_order,0.65,线性代数基础内部的推荐学习顺序，需人工按教学目标微调。
E1520,T051,T052,teaching_order,0.65,线性代数基础内部的推荐学习顺序，需人工按教学目标微调。
E1521,T052,T053,teaching_order,0.65,线性代数基础内部的推荐学习顺序，需人工按教学目标微调。
E1522,T053,T054,teaching_order,0.65,线性代数基础内部的推荐学习顺序，需人工按教学目标微调。
E1523,T054,T055,teaching_order,0.65,线性代数基础内部的推荐学习顺序，需人工按教学目标微调。
E1524,T055,T056,teaching_order,0.65,线性代数基础内部的推荐学习顺序，需人工按教学目标微调。
E1525,T057,T058,teaching_order,0.65,程序设计与数值软件基础内部的推荐学习顺序，需人工按教学目标微调。
E1526,T058,T059,teaching_order,0.65,程序设计与数值软件基础内部的推荐学习顺序，需人工按教学目标微调。
E1527,T059,T060,teaching_order,0.65,程序设计与数值软件基础内部的推荐学习顺序，需人工按教学目标微调。
E1528,T060,T061,teaching_order,0.65,程序设计与数值软件基础内部的推荐学习顺序，需人工按教学目标微调。
E1529,T061,T062,teaching_order,0.65,程序设计与数值软件基础内部的推荐学习顺序，需人工按教学目标微调。
E1530,T062,T063,teaching_order,0.65,程序设计与数值软件基础内部的推荐学习顺序，需人工按教学目标微调。
E1531,T063,T064,teaching_order,0.65,程序设计与数值软件基础内部的推荐学习顺序，需人工按教学目标微调。
E1532,T064,T065,teaching_order,0.65,程序设计与数值软件基础内部的推荐学习顺序，需人工按教学目标微调。
E1533,T065,T066,teaching_order,0.65,程序设计与数值软件基础内部的推荐学习顺序，需人工按教学目标微调。
E1534,T066,T067,teaching_order,0.65,程序设计与数值软件基础内部的推荐学习顺序，需人工按教学目标微调。
E1535,T067,T068,teaching_order,0.65,程序设计与数值软件基础内部的推荐学习顺序，需人工按教学目标微调。
E1536,T068,T069,teaching_order,0.65,程序设计与数值软件基础内部的推荐学习顺序，需人工按教学目标微调。
E1537,T069,T070,teaching_order,0.65,程序设计与数值软件基础内部的推荐学习顺序，需人工按教学目标微调。
E1538,T070,T071,teaching_order,0.65,程序设计与数值软件基础内部的推荐学习顺序，需人工按教学目标微调。
E1539,T071,T072,teaching_order,0.65,程序设计与数值软件基础内部的推荐学习顺序，需人工按教学目标微调。
E1540,T072,T073,teaching_order,0.65,程序设计与数值软件基础内部的推荐学习顺序，需人工按教学目标微调。
E1541,T073,T074,teaching_order,0.65,程序设计与数值软件基础内部的推荐学习顺序，需人工按教学目标微调。
E1542,T074,T075,teaching_order,0.65,程序设计与数值软件基础内部的推荐学习顺序，需人工按教学目标微调。
E1543,T075,T076,teaching_order,0.65,程序设计与数值软件基础内部的推荐学习顺序，需人工按教学目标微调。
E1544,T077,T078,teaching_order,0.65,误差分析与稳定性内部的推荐学习顺序，需人工按教学目标微调。
E1545,T078,T079,teaching_order,0.65,误差分析与稳定性内部的推荐学习顺序，需人工按教学目标微调。
E1546,T079,T080,teaching_order,0.65,误差分析与稳定性内部的推荐学习顺序，需人工按教学目标微调。
E1547,T080,T081,teaching_order,0.65,误差分析与稳定性内部的推荐学习顺序，需人工按教学目标微调。
E1548,T081,T082,teaching_order,0.65,误差分析与稳定性内部的推荐学习顺序，需人工按教学目标微调。
E1549,T082,T083,teaching_order,0.65,误差分析与稳定性内部的推荐学习顺序，需人工按教学目标微调。
E1550,T083,T084,teaching_order,0.65,误差分析与稳定性内部的推荐学习顺序，需人工按教学目标微调。
E1551,T084,T085,teaching_order,0.65,误差分析与稳定性内部的推荐学习顺序，需人工按教学目标微调。
E1552,T085,T086,teaching_order,0.65,误差分析与稳定性内部的推荐学习顺序，需人工按教学目标微调。
E1553,T086,T087,teaching_order,0.65,误差分析与稳定性内部的推荐学习顺序，需人工按教学目标微调。
E1554,T087,T088,teaching_order,0.65,误差分析与稳定性内部的推荐学习顺序，需人工按教学目标微调。
E1555,T088,T089,teaching_order,0.65,误差分析与稳定性内部的推荐学习顺序，需人工按教学目标微调。
E1556,T089,T090,teaching_order,0.65,误差分析与稳定性内部的推荐学习顺序，需人工按教学目标微调。
E1557,T090,T091,teaching_order,0.65,误差分析与稳定性内部的推荐学习顺序，需人工按教学目标微调。
E1558,T091,T092,teaching_order,0.65,误差分析与稳定性内部的推荐学习顺序，需人工按教学目标微调。
E1559,T092,T093,teaching_order,0.65,误差分析与稳定性内部的推荐学习顺序，需人工按教学目标微调。
E1560,T093,T094,teaching_order,0.65,误差分析与稳定性内部的推荐学习顺序，需人工按教学目标微调。
E1561,T094,T095,teaching_order,0.65,误差分析与稳定性内部的推荐学习顺序，需人工按教学目标微调。
E1562,T095,T096,teaching_order,0.65,误差分析与稳定性内部的推荐学习顺序，需人工按教学目标微调。
E1563,T096,T097,teaching_order,0.65,误差分析与稳定性内部的推荐学习顺序，需人工按教学目标微调。
E1564,T097,T098,teaching_order,0.65,误差分析与稳定性内部的推荐学习顺序，需人工按教学目标微调。
E1565,T098,T099,teaching_order,0.65,误差分析与稳定性内部的推荐学习顺序，需人工按教学目标微调。
E1566,T099,T100,teaching_order,0.65,误差分析与稳定性内部的推荐学习顺序，需人工按教学目标微调。
E1567,T100,T101,teaching_order,0.65,误差分析与稳定性内部的推荐学习顺序，需人工按教学目标微调。
E1568,T101,T102,teaching_order,0.65,误差分析与稳定性内部的推荐学习顺序，需人工按教学目标微调。
E1569,T103,T104,teaching_order,0.65,非线性方程求根内部的推荐学习顺序，需人工按教学目标微调。
E1570,T104,T105,teaching_order,0.65,非线性方程求根内部的推荐学习顺序，需人工按教学目标微调。
E1571,T105,T106,teaching_order,0.65,非线性方程求根内部的推荐学习顺序，需人工按教学目标微调。
E1572,T106,T107,teaching_order,0.65,非线性方程求根内部的推荐学习顺序，需人工按教学目标微调。
E1573,T107,T108,teaching_order,0.65,非线性方程求根内部的推荐学习顺序，需人工按教学目标微调。
E1574,T108,T109,teaching_order,0.65,非线性方程求根内部的推荐学习顺序，需人工按教学目标微调。
E1575,T109,T110,teaching_order,0.65,非线性方程求根内部的推荐学习顺序，需人工按教学目标微调。
E1576,T110,T111,teaching_order,0.65,非线性方程求根内部的推荐学习顺序，需人工按教学目标微调。
E1577,T111,T112,teaching_order,0.65,非线性方程求根内部的推荐学习顺序，需人工按教学目标微调。
E1578,T112,T113,teaching_order,0.65,非线性方程求根内部的推荐学习顺序，需人工按教学目标微调。
E1579,T113,T114,teaching_order,0.65,非线性方程求根内部的推荐学习顺序，需人工按教学目标微调。
E1580,T114,T115,teaching_order,0.65,非线性方程求根内部的推荐学习顺序，需人工按教学目标微调。
E1581,T115,T116,teaching_order,0.65,非线性方程求根内部的推荐学习顺序，需人工按教学目标微调。
E1582,T116,T117,teaching_order,0.65,非线性方程求根内部的推荐学习顺序，需人工按教学目标微调。
E1583,T117,T118,teaching_order,0.65,非线性方程求根内部的推荐学习顺序，需人工按教学目标微调。
E1584,T118,T119,teaching_order,0.65,非线性方程求根内部的推荐学习顺序，需人工按教学目标微调。
E1585,T119,T120,teaching_order,0.65,非线性方程求根内部的推荐学习顺序，需人工按教学目标微调。
E1586,T120,T121,teaching_order,0.65,非线性方程求根内部的推荐学习顺序，需人工按教学目标微调。
E1587,T121,T122,teaching_order,0.65,非线性方程求根内部的推荐学习顺序，需人工按教学目标微调。
E1588,T122,T123,teaching_order,0.65,非线性方程求根内部的推荐学习顺序，需人工按教学目标微调。
E1589,T123,T124,teaching_order,0.65,非线性方程求根内部的推荐学习顺序，需人工按教学目标微调。
E1590,T124,T125,teaching_order,0.65,非线性方程求根内部的推荐学习顺序，需人工按教学目标微调。
E1591,T125,T126,teaching_order,0.65,非线性方程求根内部的推荐学习顺序，需人工按教学目标微调。
E1592,T126,T127,teaching_order,0.65,非线性方程求根内部的推荐学习顺序，需人工按教学目标微调。
E1593,T128,T129,teaching_order,0.65,线性方程组数值解法内部的推荐学习顺序，需人工按教学目标微调。
E1594,T129,T130,teaching_order,0.65,线性方程组数值解法内部的推荐学习顺序，需人工按教学目标微调。
E1595,T130,T131,teaching_order,0.65,线性方程组数值解法内部的推荐学习顺序，需人工按教学目标微调。
E1596,T131,T132,teaching_order,0.65,线性方程组数值解法内部的推荐学习顺序，需人工按教学目标微调。
E1597,T132,T133,teaching_order,0.65,线性方程组数值解法内部的推荐学习顺序，需人工按教学目标微调。
E1598,T133,T134,teaching_order,0.65,线性方程组数值解法内部的推荐学习顺序，需人工按教学目标微调。
E1599,T134,T135,teaching_order,0.65,线性方程组数值解法内部的推荐学习顺序，需人工按教学目标微调。
E1600,T135,T136,teaching_order,0.65,线性方程组数值解法内部的推荐学习顺序，需人工按教学目标微调。
E1601,T136,T137,teaching_order,0.65,线性方程组数值解法内部的推荐学习顺序，需人工按教学目标微调。
E1602,T137,T138,teaching_order,0.65,线性方程组数值解法内部的推荐学习顺序，需人工按教学目标微调。
E1603,T138,T139,teaching_order,0.65,线性方程组数值解法内部的推荐学习顺序，需人工按教学目标微调。
E1604,T139,T140,teaching_order,0.65,线性方程组数值解法内部的推荐学习顺序，需人工按教学目标微调。
E1605,T140,T141,teaching_order,0.65,线性方程组数值解法内部的推荐学习顺序，需人工按教学目标微调。
E1606,T141,T142,teaching_order,0.65,线性方程组数值解法内部的推荐学习顺序，需人工按教学目标微调。
E1607,T142,T143,teaching_order,0.65,线性方程组数值解法内部的推荐学习顺序，需人工按教学目标微调。
E1608,T143,T144,teaching_order,0.65,线性方程组数值解法内部的推荐学习顺序，需人工按教学目标微调。
E1609,T144,T145,teaching_order,0.65,线性方程组数值解法内部的推荐学习顺序，需人工按教学目标微调。
E1610,T145,T146,teaching_order,0.65,线性方程组数值解法内部的推荐学习顺序，需人工按教学目标微调。
E1611,T146,T147,teaching_order,0.65,线性方程组数值解法内部的推荐学习顺序，需人工按教学目标微调。
E1612,T147,T148,teaching_order,0.65,线性方程组数值解法内部的推荐学习顺序，需人工按教学目标微调。
E1613,T148,T149,teaching_order,0.65,线性方程组数值解法内部的推荐学习顺序，需人工按教学目标微调。
E1614,T149,T150,teaching_order,0.65,线性方程组数值解法内部的推荐学习顺序，需人工按教学目标微调。
E1615,T150,T151,teaching_order,0.65,线性方程组数值解法内部的推荐学习顺序，需人工按教学目标微调。
E1616,T151,T152,teaching_order,0.65,线性方程组数值解法内部的推荐学习顺序，需人工按教学目标微调。
E1617,T152,T153,teaching_order,0.65,线性方程组数值解法内部的推荐学习顺序，需人工按教学目标微调。
E1618,T153,T154,teaching_order,0.65,线性方程组数值解法内部的推荐学习顺序，需人工按教学目标微调。
E1619,T154,T155,teaching_order,0.65,线性方程组数值解法内部的推荐学习顺序，需人工按教学目标微调。
E1620,T155,T156,teaching_order,0.65,线性方程组数值解法内部的推荐学习顺序，需人工按教学目标微调。
E1621,T156,T157,teaching_order,0.65,线性方程组数值解法内部的推荐学习顺序，需人工按教学目标微调。
E1622,T158,T159,teaching_order,0.65,插值与样条内部的推荐学习顺序，需人工按教学目标微调。
E1623,T159,T160,teaching_order,0.65,插值与样条内部的推荐学习顺序，需人工按教学目标微调。
E1624,T160,T161,teaching_order,0.65,插值与样条内部的推荐学习顺序，需人工按教学目标微调。
E1625,T161,T162,teaching_order,0.65,插值与样条内部的推荐学习顺序，需人工按教学目标微调。
E1626,T162,T163,teaching_order,0.65,插值与样条内部的推荐学习顺序，需人工按教学目标微调。
E1627,T163,T164,teaching_order,0.65,插值与样条内部的推荐学习顺序，需人工按教学目标微调。
E1628,T164,T165,teaching_order,0.65,插值与样条内部的推荐学习顺序，需人工按教学目标微调。
E1629,T165,T166,teaching_order,0.65,插值与样条内部的推荐学习顺序，需人工按教学目标微调。
E1630,T166,T167,teaching_order,0.65,插值与样条内部的推荐学习顺序，需人工按教学目标微调。
E1631,T167,T168,teaching_order,0.65,插值与样条内部的推荐学习顺序，需人工按教学目标微调。
E1632,T168,T169,teaching_order,0.65,插值与样条内部的推荐学习顺序，需人工按教学目标微调。
E1633,T169,T170,teaching_order,0.65,插值与样条内部的推荐学习顺序，需人工按教学目标微调。
E1634,T170,T171,teaching_order,0.65,插值与样条内部的推荐学习顺序，需人工按教学目标微调。
E1635,T171,T172,teaching_order,0.65,插值与样条内部的推荐学习顺序，需人工按教学目标微调。
E1636,T172,T173,teaching_order,0.65,插值与样条内部的推荐学习顺序，需人工按教学目标微调。
E1637,T173,T174,teaching_order,0.65,插值与样条内部的推荐学习顺序，需人工按教学目标微调。
E1638,T174,T175,teaching_order,0.65,插值与样条内部的推荐学习顺序，需人工按教学目标微调。
E1639,T175,T176,teaching_order,0.65,插值与样条内部的推荐学习顺序，需人工按教学目标微调。
E1640,T176,T177,teaching_order,0.65,插值与样条内部的推荐学习顺序，需人工按教学目标微调。
E1641,T177,T178,teaching_order,0.65,插值与样条内部的推荐学习顺序，需人工按教学目标微调。
E1642,T178,T179,teaching_order,0.65,插值与样条内部的推荐学习顺序，需人工按教学目标微调。
E1643,T179,T180,teaching_order,0.65,插值与样条内部的推荐学习顺序，需人工按教学目标微调。
E1644,T180,T181,teaching_order,0.65,插值与样条内部的推荐学习顺序，需人工按教学目标微调。
E1645,T181,T182,teaching_order,0.65,插值与样条内部的推荐学习顺序，需人工按教学目标微调。
E1646,T183,T184,teaching_order,0.65,拟合与函数逼近内部的推荐学习顺序，需人工按教学目标微调。
E1647,T184,T185,teaching_order,0.65,拟合与函数逼近内部的推荐学习顺序，需人工按教学目标微调。
E1648,T185,T186,teaching_order,0.65,拟合与函数逼近内部的推荐学习顺序，需人工按教学目标微调。
E1649,T186,T187,teaching_order,0.65,拟合与函数逼近内部的推荐学习顺序，需人工按教学目标微调。
E1650,T187,T188,teaching_order,0.65,拟合与函数逼近内部的推荐学习顺序，需人工按教学目标微调。
E1651,T188,T189,teaching_order,0.65,拟合与函数逼近内部的推荐学习顺序，需人工按教学目标微调。
E1652,T189,T190,teaching_order,0.65,拟合与函数逼近内部的推荐学习顺序，需人工按教学目标微调。
E1653,T190,T191,teaching_order,0.65,拟合与函数逼近内部的推荐学习顺序，需人工按教学目标微调。
E1654,T191,T192,teaching_order,0.65,拟合与函数逼近内部的推荐学习顺序，需人工按教学目标微调。
E1655,T192,T193,teaching_order,0.65,拟合与函数逼近内部的推荐学习顺序，需人工按教学目标微调。
E1656,T193,T194,teaching_order,0.65,拟合与函数逼近内部的推荐学习顺序，需人工按教学目标微调。
E1657,T194,T195,teaching_order,0.65,拟合与函数逼近内部的推荐学习顺序，需人工按教学目标微调。
E1658,T195,T196,teaching_order,0.65,拟合与函数逼近内部的推荐学习顺序，需人工按教学目标微调。
E1659,T196,T197,teaching_order,0.65,拟合与函数逼近内部的推荐学习顺序，需人工按教学目标微调。
E1660,T197,T198,teaching_order,0.65,拟合与函数逼近内部的推荐学习顺序，需人工按教学目标微调。
E1661,T198,T199,teaching_order,0.65,拟合与函数逼近内部的推荐学习顺序，需人工按教学目标微调。
E1662,T199,T200,teaching_order,0.65,拟合与函数逼近内部的推荐学习顺序，需人工按教学目标微调。
E1663,T200,T201,teaching_order,0.65,拟合与函数逼近内部的推荐学习顺序，需人工按教学目标微调。
E1664,T201,T202,teaching_order,0.65,拟合与函数逼近内部的推荐学习顺序，需人工按教学目标微调。
E1665,T202,T203,teaching_order,0.65,拟合与函数逼近内部的推荐学习顺序，需人工按教学目标微调。
E1666,T203,T204,teaching_order,0.65,拟合与函数逼近内部的推荐学习顺序，需人工按教学目标微调。
E1667,T204,T205,teaching_order,0.65,拟合与函数逼近内部的推荐学习顺序，需人工按教学目标微调。
E1668,T205,T206,teaching_order,0.65,拟合与函数逼近内部的推荐学习顺序，需人工按教学目标微调。
E1669,T206,T207,teaching_order,0.65,拟合与函数逼近内部的推荐学习顺序，需人工按教学目标微调。
E1670,T207,T208,teaching_order,0.65,拟合与函数逼近内部的推荐学习顺序，需人工按教学目标微调。
E1671,T208,T209,teaching_order,0.65,拟合与函数逼近内部的推荐学习顺序，需人工按教学目标微调。
E1672,T209,T210,teaching_order,0.65,拟合与函数逼近内部的推荐学习顺序，需人工按教学目标微调。
E1673,T211,T212,teaching_order,0.65,数值微分内部的推荐学习顺序，需人工按教学目标微调。
E1674,T212,T213,teaching_order,0.65,数值微分内部的推荐学习顺序，需人工按教学目标微调。
E1675,T213,T214,teaching_order,0.65,数值微分内部的推荐学习顺序，需人工按教学目标微调。
E1676,T214,T215,teaching_order,0.65,数值微分内部的推荐学习顺序，需人工按教学目标微调。
E1677,T215,T216,teaching_order,0.65,数值微分内部的推荐学习顺序，需人工按教学目标微调。
E1678,T216,T217,teaching_order,0.65,数值微分内部的推荐学习顺序，需人工按教学目标微调。
E1679,T217,T218,teaching_order,0.65,数值微分内部的推荐学习顺序，需人工按教学目标微调。
E1680,T218,T219,teaching_order,0.65,数值微分内部的推荐学习顺序，需人工按教学目标微调。
E1681,T219,T220,teaching_order,0.65,数值微分内部的推荐学习顺序，需人工按教学目标微调。
E1682,T220,T221,teaching_order,0.65,数值微分内部的推荐学习顺序，需人工按教学目标微调。
E1683,T221,T222,teaching_order,0.65,数值微分内部的推荐学习顺序，需人工按教学目标微调。
E1684,T222,T223,teaching_order,0.65,数值微分内部的推荐学习顺序，需人工按教学目标微调。
E1685,T223,T224,teaching_order,0.65,数值微分内部的推荐学习顺序，需人工按教学目标微调。
E1686,T224,T225,teaching_order,0.65,数值微分内部的推荐学习顺序，需人工按教学目标微调。
E1687,T226,T227,teaching_order,0.65,数值积分内部的推荐学习顺序，需人工按教学目标微调。
E1688,T227,T228,teaching_order,0.65,数值积分内部的推荐学习顺序，需人工按教学目标微调。
E1689,T228,T229,teaching_order,0.65,数值积分内部的推荐学习顺序，需人工按教学目标微调。
E1690,T229,T230,teaching_order,0.65,数值积分内部的推荐学习顺序，需人工按教学目标微调。
E1691,T230,T231,teaching_order,0.65,数值积分内部的推荐学习顺序，需人工按教学目标微调。
E1692,T231,T232,teaching_order,0.65,数值积分内部的推荐学习顺序，需人工按教学目标微调。
E1693,T232,T233,teaching_order,0.65,数值积分内部的推荐学习顺序，需人工按教学目标微调。
E1694,T233,T234,teaching_order,0.65,数值积分内部的推荐学习顺序，需人工按教学目标微调。
E1695,T234,T235,teaching_order,0.65,数值积分内部的推荐学习顺序，需人工按教学目标微调。
E1696,T235,T236,teaching_order,0.65,数值积分内部的推荐学习顺序，需人工按教学目标微调。
E1697,T236,T237,teaching_order,0.65,数值积分内部的推荐学习顺序，需人工按教学目标微调。
E1698,T237,T238,teaching_order,0.65,数值积分内部的推荐学习顺序，需人工按教学目标微调。
E1699,T238,T239,teaching_order,0.65,数值积分内部的推荐学习顺序，需人工按教学目标微调。
E1700,T239,T240,teaching_order,0.65,数值积分内部的推荐学习顺序，需人工按教学目标微调。
E1701,T240,T241,teaching_order,0.65,数值积分内部的推荐学习顺序，需人工按教学目标微调。
E1702,T241,T242,teaching_order,0.65,数值积分内部的推荐学习顺序，需人工按教学目标微调。
E1703,T242,T243,teaching_order,0.65,数值积分内部的推荐学习顺序，需人工按教学目标微调。
E1704,T243,T244,teaching_order,0.65,数值积分内部的推荐学习顺序，需人工按教学目标微调。
E1705,T244,T245,teaching_order,0.65,数值积分内部的推荐学习顺序，需人工按教学目标微调。
E1706,T245,T246,teaching_order,0.65,数值积分内部的推荐学习顺序，需人工按教学目标微调。
E1707,T246,T247,teaching_order,0.65,数值积分内部的推荐学习顺序，需人工按教学目标微调。
E1708,T247,T248,teaching_order,0.65,数值积分内部的推荐学习顺序，需人工按教学目标微调。
E1709,T248,T249,teaching_order,0.65,数值积分内部的推荐学习顺序，需人工按教学目标微调。
E1710,T249,T250,teaching_order,0.65,数值积分内部的推荐学习顺序，需人工按教学目标微调。
E1711,T250,T251,teaching_order,0.65,数值积分内部的推荐学习顺序，需人工按教学目标微调。
E1712,T252,T253,teaching_order,0.65,ODE初值问题数值解法内部的推荐学习顺序，需人工按教学目标微调。
E1713,T253,T254,teaching_order,0.65,ODE初值问题数值解法内部的推荐学习顺序，需人工按教学目标微调。
E1714,T254,T255,teaching_order,0.65,ODE初值问题数值解法内部的推荐学习顺序，需人工按教学目标微调。
E1715,T255,T256,teaching_order,0.65,ODE初值问题数值解法内部的推荐学习顺序，需人工按教学目标微调。
E1716,T256,T257,teaching_order,0.65,ODE初值问题数值解法内部的推荐学习顺序，需人工按教学目标微调。
E1717,T257,T258,teaching_order,0.65,ODE初值问题数值解法内部的推荐学习顺序，需人工按教学目标微调。
E1718,T258,T259,teaching_order,0.65,ODE初值问题数值解法内部的推荐学习顺序，需人工按教学目标微调。
E1719,T259,T260,teaching_order,0.65,ODE初值问题数值解法内部的推荐学习顺序，需人工按教学目标微调。
E1720,T260,T261,teaching_order,0.65,ODE初值问题数值解法内部的推荐学习顺序，需人工按教学目标微调。
E1721,T261,T262,teaching_order,0.65,ODE初值问题数值解法内部的推荐学习顺序，需人工按教学目标微调。
E1722,T262,T263,teaching_order,0.65,ODE初值问题数值解法内部的推荐学习顺序，需人工按教学目标微调。
E1723,T263,T264,teaching_order,0.65,ODE初值问题数值解法内部的推荐学习顺序，需人工按教学目标微调。
E1724,T264,T265,teaching_order,0.65,ODE初值问题数值解法内部的推荐学习顺序，需人工按教学目标微调。
E1725,T265,T266,teaching_order,0.65,ODE初值问题数值解法内部的推荐学习顺序，需人工按教学目标微调。
E1726,T266,T267,teaching_order,0.65,ODE初值问题数值解法内部的推荐学习顺序，需人工按教学目标微调。
E1727,T267,T268,teaching_order,0.65,ODE初值问题数值解法内部的推荐学习顺序，需人工按教学目标微调。
E1728,T268,T269,teaching_order,0.65,ODE初值问题数值解法内部的推荐学习顺序，需人工按教学目标微调。
E1729,T269,T270,teaching_order,0.65,ODE初值问题数值解法内部的推荐学习顺序，需人工按教学目标微调。
E1730,T270,T271,teaching_order,0.65,ODE初值问题数值解法内部的推荐学习顺序，需人工按教学目标微调。
E1731,T271,T272,teaching_order,0.65,ODE初值问题数值解法内部的推荐学习顺序，需人工按教学目标微调。
E1732,T272,T273,teaching_order,0.65,ODE初值问题数值解法内部的推荐学习顺序，需人工按教学目标微调。
E1733,T273,T274,teaching_order,0.65,ODE初值问题数值解法内部的推荐学习顺序，需人工按教学目标微调。
E1734,T274,T275,teaching_order,0.65,ODE初值问题数值解法内部的推荐学习顺序，需人工按教学目标微调。
E1735,T275,T276,teaching_order,0.65,ODE初值问题数值解法内部的推荐学习顺序，需人工按教学目标微调。
E1736,T276,T277,teaching_order,0.65,ODE初值问题数值解法内部的推荐学习顺序，需人工按教学目标微调。
E1737,T277,T278,teaching_order,0.65,ODE初值问题数值解法内部的推荐学习顺序，需人工按教学目标微调。
E1738,T278,T279,teaching_order,0.65,ODE初值问题数值解法内部的推荐学习顺序，需人工按教学目标微调。
E1739,T279,T280,teaching_order,0.65,ODE初值问题数值解法内部的推荐学习顺序，需人工按教学目标微调。
E1740,T280,T281,teaching_order,0.65,ODE初值问题数值解法内部的推荐学习顺序，需人工按教学目标微调。
E1741,T282,T283,teaching_order,0.65,ODE边值问题数值解法内部的推荐学习顺序，需人工按教学目标微调。
E1742,T283,T284,teaching_order,0.65,ODE边值问题数值解法内部的推荐学习顺序，需人工按教学目标微调。
E1743,T284,T285,teaching_order,0.65,ODE边值问题数值解法内部的推荐学习顺序，需人工按教学目标微调。
E1744,T285,T286,teaching_order,0.65,ODE边值问题数值解法内部的推荐学习顺序，需人工按教学目标微调。
E1745,T286,T287,teaching_order,0.65,ODE边值问题数值解法内部的推荐学习顺序，需人工按教学目标微调。
E1746,T287,T288,teaching_order,0.65,ODE边值问题数值解法内部的推荐学习顺序，需人工按教学目标微调。
E1747,T288,T289,teaching_order,0.65,ODE边值问题数值解法内部的推荐学习顺序，需人工按教学目标微调。
E1748,T289,T290,teaching_order,0.65,ODE边值问题数值解法内部的推荐学习顺序，需人工按教学目标微调。
E1749,T290,T291,teaching_order,0.65,ODE边值问题数值解法内部的推荐学习顺序，需人工按教学目标微调。
E1750,T291,T292,teaching_order,0.65,ODE边值问题数值解法内部的推荐学习顺序，需人工按教学目标微调。
E1751,T292,T293,teaching_order,0.65,ODE边值问题数值解法内部的推荐学习顺序，需人工按教学目标微调。
E1752,T293,T294,teaching_order,0.65,ODE边值问题数值解法内部的推荐学习顺序，需人工按教学目标微调。
E1753,T294,T295,teaching_order,0.65,ODE边值问题数值解法内部的推荐学习顺序，需人工按教学目标微调。
E1754,T295,T296,teaching_order,0.65,ODE边值问题数值解法内部的推荐学习顺序，需人工按教学目标微调。
E1755,T296,T297,teaching_order,0.65,ODE边值问题数值解法内部的推荐学习顺序，需人工按教学目标微调。
E1756,T297,T298,teaching_order,0.65,ODE边值问题数值解法内部的推荐学习顺序，需人工按教学目标微调。
E1757,T298,T299,teaching_order,0.65,ODE边值问题数值解法内部的推荐学习顺序，需人工按教学目标微调。
E1758,T299,T300,teaching_order,0.65,ODE边值问题数值解法内部的推荐学习顺序，需人工按教学目标微调。
E1759,T300,T301,teaching_order,0.65,ODE边值问题数值解法内部的推荐学习顺序，需人工按教学目标微调。
E1760,T302,T303,teaching_order,0.65,特征值与奇异值计算内部的推荐学习顺序，需人工按教学目标微调。
E1761,T303,T304,teaching_order,0.65,特征值与奇异值计算内部的推荐学习顺序，需人工按教学目标微调。
E1762,T304,T305,teaching_order,0.65,特征值与奇异值计算内部的推荐学习顺序，需人工按教学目标微调。
E1763,T305,T306,teaching_order,0.65,特征值与奇异值计算内部的推荐学习顺序，需人工按教学目标微调。
E1764,T306,T307,teaching_order,0.65,特征值与奇异值计算内部的推荐学习顺序，需人工按教学目标微调。
E1765,T307,T308,teaching_order,0.65,特征值与奇异值计算内部的推荐学习顺序，需人工按教学目标微调。
E1766,T308,T309,teaching_order,0.65,特征值与奇异值计算内部的推荐学习顺序，需人工按教学目标微调。
E1767,T309,T310,teaching_order,0.65,特征值与奇异值计算内部的推荐学习顺序，需人工按教学目标微调。
E1768,T310,T311,teaching_order,0.65,特征值与奇异值计算内部的推荐学习顺序，需人工按教学目标微调。
E1769,T311,T312,teaching_order,0.65,特征值与奇异值计算内部的推荐学习顺序，需人工按教学目标微调。
E1770,T312,T313,teaching_order,0.65,特征值与奇异值计算内部的推荐学习顺序，需人工按教学目标微调。
E1771,T313,T314,teaching_order,0.65,特征值与奇异值计算内部的推荐学习顺序，需人工按教学目标微调。
E1772,T314,T315,teaching_order,0.65,特征值与奇异值计算内部的推荐学习顺序，需人工按教学目标微调。
E1773,T315,T316,teaching_order,0.65,特征值与奇异值计算内部的推荐学习顺序，需人工按教学目标微调。
E1774,T316,T317,teaching_order,0.65,特征值与奇异值计算内部的推荐学习顺序，需人工按教学目标微调。
E1775,T317,T318,teaching_order,0.65,特征值与奇异值计算内部的推荐学习顺序，需人工按教学目标微调。
E1776,T318,T319,teaching_order,0.65,特征值与奇异值计算内部的推荐学习顺序，需人工按教学目标微调。
E1777,T319,T320,teaching_order,0.65,特征值与奇异值计算内部的推荐学习顺序，需人工按教学目标微调。
E1778,T320,T321,teaching_order,0.65,特征值与奇异值计算内部的推荐学习顺序，需人工按教学目标微调。
E1779,T321,T322,teaching_order,0.65,特征值与奇异值计算内部的推荐学习顺序，需人工按教学目标微调。
E1780,T322,T323,teaching_order,0.65,特征值与奇异值计算内部的推荐学习顺序，需人工按教学目标微调。
E1781,T324,T325,teaching_order,0.65,PDE数值方法内部的推荐学习顺序，需人工按教学目标微调。
E1782,T325,T326,teaching_order,0.65,PDE数值方法内部的推荐学习顺序，需人工按教学目标微调。
E1783,T326,T327,teaching_order,0.65,PDE数值方法内部的推荐学习顺序，需人工按教学目标微调。
E1784,T327,T328,teaching_order,0.65,PDE数值方法内部的推荐学习顺序，需人工按教学目标微调。
E1785,T328,T329,teaching_order,0.65,PDE数值方法内部的推荐学习顺序，需人工按教学目标微调。
E1786,T329,T330,teaching_order,0.65,PDE数值方法内部的推荐学习顺序，需人工按教学目标微调。
E1787,T330,T331,teaching_order,0.65,PDE数值方法内部的推荐学习顺序，需人工按教学目标微调。
E1788,T331,T332,teaching_order,0.65,PDE数值方法内部的推荐学习顺序，需人工按教学目标微调。
E1789,T332,T333,teaching_order,0.65,PDE数值方法内部的推荐学习顺序，需人工按教学目标微调。
E1790,T333,T334,teaching_order,0.65,PDE数值方法内部的推荐学习顺序，需人工按教学目标微调。
E1791,T334,T335,teaching_order,0.65,PDE数值方法内部的推荐学习顺序，需人工按教学目标微调。
E1792,T335,T336,teaching_order,0.65,PDE数值方法内部的推荐学习顺序，需人工按教学目标微调。
E1793,T336,T337,teaching_order,0.65,PDE数值方法内部的推荐学习顺序，需人工按教学目标微调。
E1794,T337,T338,teaching_order,0.65,PDE数值方法内部的推荐学习顺序，需人工按教学目标微调。
E1795,T338,T339,teaching_order,0.65,PDE数值方法内部的推荐学习顺序，需人工按教学目标微调。
E1796,T339,T340,teaching_order,0.65,PDE数值方法内部的推荐学习顺序，需人工按教学目标微调。
E1797,T340,T341,teaching_order,0.65,PDE数值方法内部的推荐学习顺序，需人工按教学目标微调。
E1798,T341,T342,teaching_order,0.65,PDE数值方法内部的推荐学习顺序，需人工按教学目标微调。
E1799,T342,T343,teaching_order,0.65,PDE数值方法内部的推荐学习顺序，需人工按教学目标微调。
E1800,T343,T344,teaching_order,0.65,PDE数值方法内部的推荐学习顺序，需人工按教学目标微调。
E1801,T344,T345,teaching_order,0.65,PDE数值方法内部的推荐学习顺序，需人工按教学目标微调。
E1802,T345,T346,teaching_order,0.65,PDE数值方法内部的推荐学习顺序，需人工按教学目标微调。
E1803,T346,T347,teaching_order,0.65,PDE数值方法内部的推荐学习顺序，需人工按教学目标微调。
E1804,T347,T348,teaching_order,0.65,PDE数值方法内部的推荐学习顺序，需人工按教学目标微调。
E1805,T348,T349,teaching_order,0.65,PDE数值方法内部的推荐学习顺序，需人工按教学目标微调。
E1806,T349,T350,teaching_order,0.65,PDE数值方法内部的推荐学习顺序，需人工按教学目标微调。
E1807,T350,T351,teaching_order,0.65,PDE数值方法内部的推荐学习顺序，需人工按教学目标微调。
E1808,T351,T352,teaching_order,0.65,PDE数值方法内部的推荐学习顺序，需人工按教学目标微调。
E1809,T352,T353,teaching_order,0.65,PDE数值方法内部的推荐学习顺序，需人工按教学目标微调。
E1810,T354,T355,teaching_order,0.65,数值优化内部的推荐学习顺序，需人工按教学目标微调。
E1811,T355,T356,teaching_order,0.65,数值优化内部的推荐学习顺序，需人工按教学目标微调。
E1812,T356,T357,teaching_order,0.65,数值优化内部的推荐学习顺序，需人工按教学目标微调。
E1813,T357,T358,teaching_order,0.65,数值优化内部的推荐学习顺序，需人工按教学目标微调。
E1814,T358,T359,teaching_order,0.65,数值优化内部的推荐学习顺序，需人工按教学目标微调。
E1815,T359,T360,teaching_order,0.65,数值优化内部的推荐学习顺序，需人工按教学目标微调。
E1816,T360,T361,teaching_order,0.65,数值优化内部的推荐学习顺序，需人工按教学目标微调。
E1817,T361,T362,teaching_order,0.65,数值优化内部的推荐学习顺序，需人工按教学目标微调。
E1818,T362,T363,teaching_order,0.65,数值优化内部的推荐学习顺序，需人工按教学目标微调。
E1819,T363,T364,teaching_order,0.65,数值优化内部的推荐学习顺序，需人工按教学目标微调。
E1820,T364,T365,teaching_order,0.65,数值优化内部的推荐学习顺序，需人工按教学目标微调。
E1821,T365,T366,teaching_order,0.65,数值优化内部的推荐学习顺序，需人工按教学目标微调。
E1822,T366,T367,teaching_order,0.65,数值优化内部的推荐学习顺序，需人工按教学目标微调。
E1823,T367,T368,teaching_order,0.65,数值优化内部的推荐学习顺序，需人工按教学目标微调。
E1824,T368,T369,teaching_order,0.65,数值优化内部的推荐学习顺序，需人工按教学目标微调。
E1825,T369,T370,teaching_order,0.65,数值优化内部的推荐学习顺序，需人工按教学目标微调。
E1826,T370,T371,teaching_order,0.65,数值优化内部的推荐学习顺序，需人工按教学目标微调。
E1827,T371,T372,teaching_order,0.65,数值优化内部的推荐学习顺序，需人工按教学目标微调。
E1828,T372,T373,teaching_order,0.65,数值优化内部的推荐学习顺序，需人工按教学目标微调。
E1829,T373,T374,teaching_order,0.65,数值优化内部的推荐学习顺序，需人工按教学目标微调。
E1830,T374,T375,teaching_order,0.65,数值优化内部的推荐学习顺序，需人工按教学目标微调。
E1831,T375,T376,teaching_order,0.65,数值优化内部的推荐学习顺序，需人工按教学目标微调。
E1832,T376,T377,teaching_order,0.65,数值优化内部的推荐学习顺序，需人工按教学目标微调。
E1833,T377,T378,teaching_order,0.65,数值优化内部的推荐学习顺序，需人工按教学目标微调。
E1834,T378,T379,teaching_order,0.65,数值优化内部的推荐学习顺序，需人工按教学目标微调。
E1835,T379,T380,teaching_order,0.65,数值优化内部的推荐学习顺序，需人工按教学目标微调。
E1836,T380,T381,teaching_order,0.65,数值优化内部的推荐学习顺序，需人工按教学目标微调。
E1837,T381,T382,teaching_order,0.65,数值优化内部的推荐学习顺序，需人工按教学目标微调。
E1838,T382,T383,teaching_order,0.65,数值优化内部的推荐学习顺序，需人工按教学目标微调。
E1839,T383,T384,teaching_order,0.65,数值优化内部的推荐学习顺序，需人工按教学目标微调。
E1840,T384,T385,teaching_order,0.65,数值优化内部的推荐学习顺序，需人工按教学目标微调。
E1841,T385,T386,teaching_order,0.65,数值优化内部的推荐学习顺序，需人工按教学目标微调。
E1842,T386,T387,teaching_order,0.65,数值优化内部的推荐学习顺序，需人工按教学目标微调。
E1843,T387,T388,teaching_order,0.65,数值优化内部的推荐学习顺序，需人工按教学目标微调。
E1844,T389,T390,teaching_order,0.65,科学计算实验方法内部的推荐学习顺序，需人工按教学目标微调。
E1845,T390,T391,teaching_order,0.65,科学计算实验方法内部的推荐学习顺序，需人工按教学目标微调。
E1846,T391,T392,teaching_order,0.65,科学计算实验方法内部的推荐学习顺序，需人工按教学目标微调。
E1847,T392,T393,teaching_order,0.65,科学计算实验方法内部的推荐学习顺序，需人工按教学目标微调。
E1848,T393,T394,teaching_order,0.65,科学计算实验方法内部的推荐学习顺序，需人工按教学目标微调。
E1849,T394,T395,teaching_order,0.65,科学计算实验方法内部的推荐学习顺序，需人工按教学目标微调。
E1850,T395,T396,teaching_order,0.65,科学计算实验方法内部的推荐学习顺序，需人工按教学目标微调。
E1851,T396,T397,teaching_order,0.65,科学计算实验方法内部的推荐学习顺序，需人工按教学目标微调。
E1852,T397,T398,teaching_order,0.65,科学计算实验方法内部的推荐学习顺序，需人工按教学目标微调。
E1853,T398,T399,teaching_order,0.65,科学计算实验方法内部的推荐学习顺序，需人工按教学目标微调。
E1854,T399,T400,teaching_order,0.65,科学计算实验方法内部的推荐学习顺序，需人工按教学目标微调。
E1855,T400,T401,teaching_order,0.65,科学计算实验方法内部的推荐学习顺序，需人工按教学目标微调。
E1856,T401,T402,teaching_order,0.65,科学计算实验方法内部的推荐学习顺序，需人工按教学目标微调。
E1857,T402,T403,teaching_order,0.65,科学计算实验方法内部的推荐学习顺序，需人工按教学目标微调。
E1858,T403,T404,teaching_order,0.65,科学计算实验方法内部的推荐学习顺序，需人工按教学目标微调。
E1859,T404,T405,teaching_order,0.65,科学计算实验方法内部的推荐学习顺序，需人工按教学目标微调。
E1860,T405,T406,teaching_order,0.65,科学计算实验方法内部的推荐学习顺序，需人工按教学目标微调。
E1861,T406,T407,teaching_order,0.65,科学计算实验方法内部的推荐学习顺序，需人工按教学目标微调。
E1862,T407,T408,teaching_order,0.65,科学计算实验方法内部的推荐学习顺序，需人工按教学目标微调。
E1863,T409,T410,teaching_order,0.65,Python/MATLAB实现内部的推荐学习顺序，需人工按教学目标微调。
E1864,T410,T411,teaching_order,0.65,Python/MATLAB实现内部的推荐学习顺序，需人工按教学目标微调。
E1865,T411,T412,teaching_order,0.65,Python/MATLAB实现内部的推荐学习顺序，需人工按教学目标微调。
E1866,T412,T413,teaching_order,0.65,Python/MATLAB实现内部的推荐学习顺序，需人工按教学目标微调。
E1867,T413,T414,teaching_order,0.65,Python/MATLAB实现内部的推荐学习顺序，需人工按教学目标微调。
E1868,T414,T415,teaching_order,0.65,Python/MATLAB实现内部的推荐学习顺序，需人工按教学目标微调。
E1869,T415,T416,teaching_order,0.65,Python/MATLAB实现内部的推荐学习顺序，需人工按教学目标微调。
E1870,T416,T417,teaching_order,0.65,Python/MATLAB实现内部的推荐学习顺序，需人工按教学目标微调。
E1871,T417,T418,teaching_order,0.65,Python/MATLAB实现内部的推荐学习顺序，需人工按教学目标微调。
E1872,T418,T419,teaching_order,0.65,Python/MATLAB实现内部的推荐学习顺序，需人工按教学目标微调。
E1873,T419,T420,teaching_order,0.65,Python/MATLAB实现内部的推荐学习顺序，需人工按教学目标微调。
E1874,T420,T421,teaching_order,0.65,Python/MATLAB实现内部的推荐学习顺序，需人工按教学目标微调。
E1875,T421,T422,teaching_order,0.65,Python/MATLAB实现内部的推荐学习顺序，需人工按教学目标微调。
E1876,T422,T423,teaching_order,0.65,Python/MATLAB实现内部的推荐学习顺序，需人工按教学目标微调。
E1877,T423,T424,teaching_order,0.65,Python/MATLAB实现内部的推荐学习顺序，需人工按教学目标微调。
E1878,T424,T425,teaching_order,0.65,Python/MATLAB实现内部的推荐学习顺序，需人工按教学目标微调。
E1879,T425,T426,teaching_order,0.65,Python/MATLAB实现内部的推荐学习顺序，需人工按教学目标微调。
E1880,T426,T427,teaching_order,0.65,Python/MATLAB实现内部的推荐学习顺序，需人工按教学目标微调。
E1881,T427,T428,teaching_order,0.65,Python/MATLAB实现内部的推荐学习顺序，需人工按教学目标微调。
E1882,PRE001,T007,contains,0.82,先修要求节点聚合该先修知识点。
E1883,T007,PRE001,belongs_to,0.82,该知识点属于对应先修要求包。
E1884,PRE001,T003,contains,0.82,先修要求节点聚合该先修知识点。
E1885,T003,PRE001,belongs_to,0.82,该知识点属于对应先修要求包。
E1886,PRE001,T009,contains,0.82,先修要求节点聚合该先修知识点。
E1887,T009,PRE001,belongs_to,0.82,该知识点属于对应先修要求包。
E1888,PRE002,T004,contains,0.82,先修要求节点聚合该先修知识点。
E1889,T004,PRE002,belongs_to,0.82,该知识点属于对应先修要求包。
E1890,PRE002,T005,contains,0.82,先修要求节点聚合该先修知识点。
E1891,T005,PRE002,belongs_to,0.82,该知识点属于对应先修要求包。
E1892,PRE002,T006,contains,0.82,先修要求节点聚合该先修知识点。
E1893,T006,PRE002,belongs_to,0.82,该知识点属于对应先修要求包。
E1894,PRE003,T011,contains,0.82,先修要求节点聚合该先修知识点。
E1895,T011,PRE003,belongs_to,0.82,该知识点属于对应先修要求包。
E1896,PRE003,T012,contains,0.82,先修要求节点聚合该先修知识点。
E1897,T012,PRE003,belongs_to,0.82,该知识点属于对应先修要求包。
E1898,PRE004,T023,contains,0.82,先修要求节点聚合该先修知识点。
E1899,T023,PRE004,belongs_to,0.82,该知识点属于对应先修要求包。
E1900,PRE004,T032,contains,0.82,先修要求节点聚合该先修知识点。
E1901,T032,PRE004,belongs_to,0.82,该知识点属于对应先修要求包。
E1902,PRE004,T033,contains,0.82,先修要求节点聚合该先修知识点。
E1903,T033,PRE004,belongs_to,0.82,该知识点属于对应先修要求包。
E1904,PRE004,T046,contains,0.82,先修要求节点聚合该先修知识点。
E1905,T046,PRE004,belongs_to,0.82,该知识点属于对应先修要求包。
E1906,PRE004,T045,contains,0.82,先修要求节点聚合该先修知识点。
E1907,T045,PRE004,belongs_to,0.82,该知识点属于对应先修要求包。
E1908,PRE005,T046,contains,0.82,先修要求节点聚合该先修知识点。
E1909,T046,PRE005,belongs_to,0.82,该知识点属于对应先修要求包。
E1910,PRE005,T045,contains,0.82,先修要求节点聚合该先修知识点。
E1911,T045,PRE005,belongs_to,0.82,该知识点属于对应先修要求包。
E1912,PRE005,T047,contains,0.82,先修要求节点聚合该先修知识点。
E1913,T047,PRE005,belongs_to,0.82,该知识点属于对应先修要求包。
E1914,PRE005,T039,contains,0.82,先修要求节点聚合该先修知识点。
E1915,T039,PRE005,belongs_to,0.82,该知识点属于对应先修要求包。
E1916,PRE006,T035,contains,0.82,先修要求节点聚合该先修知识点。
E1917,T035,PRE006,belongs_to,0.82,该知识点属于对应先修要求包。
E1918,PRE006,T034,contains,0.82,先修要求节点聚合该先修知识点。
E1919,T034,PRE006,belongs_to,0.82,该知识点属于对应先修要求包。
E1920,PRE006,T056,contains,0.82,先修要求节点聚合该先修知识点。
E1921,T056,PRE006,belongs_to,0.82,该知识点属于对应先修要求包。
E1922,PRE007,T058,contains,0.82,先修要求节点聚合该先修知识点。
E1923,T058,PRE007,belongs_to,0.82,该知识点属于对应先修要求包。
E1924,PRE007,T064,contains,0.82,先修要求节点聚合该先修知识点。
E1925,T064,PRE007,belongs_to,0.82,该知识点属于对应先修要求包。
E1926,PRE007,T063,contains,0.82,先修要求节点聚合该先修知识点。
E1927,T063,PRE007,belongs_to,0.82,该知识点属于对应先修要求包。
E1928,PRE007,T065,contains,0.82,先修要求节点聚合该先修知识点。
E1929,T065,PRE007,belongs_to,0.82,该知识点属于对应先修要求包。
E1930,PRE008,T059,contains,0.82,先修要求节点聚合该先修知识点。
E1931,T059,PRE008,belongs_to,0.82,该知识点属于对应先修要求包。
E1932,PRE008,T060,contains,0.82,先修要求节点聚合该先修知识点。
E1933,T060,PRE008,belongs_to,0.82,该知识点属于对应先修要求包。
E1934,PRE008,T062,contains,0.82,先修要求节点聚合该先修知识点。
E1935,T062,PRE008,belongs_to,0.82,该知识点属于对应先修要求包。
E1936,PRE008,T067,contains,0.82,先修要求节点聚合该先修知识点。
E1937,T067,PRE008,belongs_to,0.82,该知识点属于对应先修要求包。
E1938,PRE009,T061,contains,0.82,先修要求节点聚合该先修知识点。
E1939,T061,PRE009,belongs_to,0.82,该知识点属于对应先修要求包。
E1940,PRE009,T063,contains,0.82,先修要求节点聚合该先修知识点。
E1941,T063,PRE009,belongs_to,0.82,该知识点属于对应先修要求包。
E1942,PRE009,T415,contains,0.82,先修要求节点聚合该先修知识点。
E1943,T415,PRE009,belongs_to,0.82,该知识点属于对应先修要求包。
E1944,PRE010,T081,contains,0.82,先修要求节点聚合该先修知识点。
E1945,T081,PRE010,belongs_to,0.82,该知识点属于对应先修要求包。
E1946,PRE010,T080,contains,0.82,先修要求节点聚合该先修知识点。
E1947,T080,PRE010,belongs_to,0.82,该知识点属于对应先修要求包。
E1948,PRE010,T037,contains,0.82,先修要求节点聚合该先修知识点。
E1949,T037,PRE010,belongs_to,0.82,该知识点属于对应先修要求包。
E1950,PRE010,T090,contains,0.82,先修要求节点聚合该先修知识点。
E1951,T090,PRE010,belongs_to,0.82,该知识点属于对应先修要求包。
E1952,PRE011,T136,contains,0.82,先修要求节点聚合该先修知识点。
E1953,T136,PRE011,belongs_to,0.82,该知识点属于对应先修要求包。
E1954,PRE011,T149,contains,0.82,先修要求节点聚合该先修知识点。
E1955,T149,PRE011,belongs_to,0.82,该知识点属于对应先修要求包。
E1956,PRE011,T148,contains,0.82,先修要求节点聚合该先修知识点。
E1957,T148,PRE011,belongs_to,0.82,该知识点属于对应先修要求包。
E1958,PRE012,T160,contains,0.82,先修要求节点聚合该先修知识点。
E1959,T160,PRE012,belongs_to,0.82,该知识点属于对应先修要求包。
E1960,PRE012,T163,contains,0.82,先修要求节点聚合该先修知识点。
E1961,T163,PRE012,belongs_to,0.82,该知识点属于对应先修要求包。
E1962,PRE012,T188,contains,0.82,先修要求节点聚合该先修知识点。
E1963,T188,PRE012,belongs_to,0.82,该知识点属于对应先修要求包。
E1964,T001,T002,weak_prerequisite,0.82,微积分概念依赖；强前置来自公式、算法或概念依赖。 | [AI candidate merge 2026-06-01T16:22:00] judge_final_action=downgrade_to_weak; priority=P1; judge_confidence=0.82; Consensus low-risk downgrade accepted into candidate graph.
E1965,T002,THM002,weak_prerequisite,0.82,定理条件依赖；强前置来自公式、算法或概念依赖。 | [AI candidate merge 2026-06-01T16:22:00] judge_final_action=downgrade_to_weak; priority=P1; judge_confidence=0.82; Consensus low-risk downgrade accepted into candidate graph.
E1966,T003,F008,weak_prerequisite,0.82,公式依赖；强前置来自公式、算法或概念依赖。 | [AI candidate merge 2026-06-01T16:22:00] judge_final_action=downgrade_to_weak; priority=P1; judge_confidence=0.82; Consensus low-risk downgrade accepted into candidate graph.
E1967,T003,F006,weak_prerequisite,0.82,公式推导依赖；强前置来自公式、算法或概念依赖。 | [AI candidate merge 2026-06-01T16:22:00] judge_final_action=downgrade_to_weak; priority=P1; judge_confidence=0.82; Consensus low-risk downgrade accepted into candidate graph.
E1968,T007,F006,weak_prerequisite,0.82,公式依赖；强前置来自公式、算法或概念依赖。 | [AI candidate merge 2026-06-01T16:22:00] judge_final_action=downgrade_to_weak; priority=P1; judge_confidence=0.82; Consensus low-risk downgrade accepted into candidate graph.
E1969,T008,T080,weak_prerequisite,0.82,误差分析依赖；强前置来自公式、算法或概念依赖。 | [AI candidate merge 2026-06-01T16:22:00] judge_final_action=downgrade_to_weak; priority=P1; judge_confidence=0.82; Consensus low-risk downgrade accepted into candidate graph.
E1970,F006,THM003,weak_prerequisite,0.82,收敛性推导依赖；强前置来自公式、算法或概念依赖。 | [AI candidate merge 2026-06-01T16:22:00] judge_final_action=downgrade_to_weak; priority=P1; judge_confidence=0.82; Consensus low-risk downgrade accepted into candidate graph.
E1971,T004,T005,weak_prerequisite,0.82,多元微积分依赖；强前置来自公式、算法或概念依赖。 | [AI candidate merge 2026-06-01T16:22:00] judge_final_action=downgrade_to_weak; priority=P1; judge_confidence=0.82; Consensus low-risk downgrade accepted into candidate graph.
E1972,T005,T119,weak_prerequisite,0.82,多元导数依赖；强前置来自公式、算法或概念依赖。 | [AI candidate merge 2026-06-01T16:22:00] judge_final_action=downgrade_to_weak; priority=P1; judge_confidence=0.82; Consensus low-risk downgrade accepted into candidate graph.
E1973,T006,ALG082,weak_prerequisite,0.82,优化Newton步依赖；强前置来自公式、算法或概念依赖。 | [AI candidate merge 2026-06-01T16:22:00] judge_final_action=downgrade_to_weak; priority=P1; judge_confidence=0.82; Consensus low-risk downgrade accepted into candidate graph.
E1974,T023,T024,weak_prerequisite,0.82,线性代数概念依赖；强前置来自公式、算法或概念依赖。 | [AI candidate merge 2026-06-01T16:22:00] judge_final_action=downgrade_to_weak; priority=P1; judge_confidence=0.82; Consensus low-risk downgrade accepted into candidate graph.
E1975,T032,T033,weak_prerequisite,0.82,范数定义依赖；强前置来自公式、算法或概念依赖。 | [AI candidate merge 2026-06-01T16:22:00] judge_final_action=downgrade_to_weak; priority=P1; judge_confidence=0.82; Consensus low-risk downgrade accepted into candidate graph.
E1976,T033,T037,strong_prerequisite,0.90,人工二次审核：矩阵条件数通常由矩阵范数与逆矩阵范数定义。
E1977,T033,THM006,weak_prerequisite,0.82,线性迭代收敛分析依赖；强前置来自公式、算法或概念依赖。 | [AI candidate merge 2026-06-01T16:22:00] judge_final_action=downgrade_to_weak; priority=P1; judge_confidence=0.82; Consensus low-risk downgrade accepted into candidate graph.
E1978,T034,T144,weak_prerequisite,0.82,迭代矩阵收敛条件依赖；强前置来自公式、算法或概念依赖。 | [AI candidate merge 2026-06-01T16:22:00] judge_final_action=downgrade_to_weak; priority=P1; judge_confidence=0.82; Consensus low-risk downgrade accepted into candidate graph.
E1979,T029,THM005,weak_prerequisite,0.82,定理条件依赖；强前置来自公式、算法或概念依赖。 | [AI candidate merge 2026-06-01T16:22:00] judge_final_action=downgrade_to_weak; priority=P1; judge_confidence=0.82; Consensus low-risk downgrade accepted into candidate graph.
E1980,T029,ALG021,weak_prerequisite,0.82,CG算法适用条件依赖；强前置来自公式、算法或概念依赖。 | [AI candidate merge 2026-06-01T16:22:00] judge_final_action=downgrade_to_weak; priority=P1; judge_confidence=0.82; Consensus low-risk downgrade accepted into candidate graph.
E1981,T054,ALG016,weak_prerequisite,0.82,算法结构依赖；强前置来自公式、算法或概念依赖。 | [AI candidate merge 2026-06-01T16:22:00] judge_final_action=downgrade_to_weak; priority=P1; judge_confidence=0.82; Consensus low-risk downgrade accepted into candidate graph.
E1982,T045,ALG035,weak_prerequisite,0.82,算法依赖；强前置来自公式、算法或概念依赖。 | [AI candidate merge 2026-06-01T16:22:00] judge_final_action=downgrade_to_weak; priority=P1; judge_confidence=0.82; Consensus low-risk downgrade accepted into candidate graph.
E1983,T039,ALG036,weak_prerequisite,0.82,算法依赖；强前置来自公式、算法或概念依赖。 | [AI candidate merge 2026-06-01T16:22:00] judge_final_action=downgrade_to_weak; priority=P1; judge_confidence=0.82; Consensus low-risk downgrade accepted into candidate graph.
E1984,T035,ALG067,strong_prerequisite,0.90,人工二次审核：幂法目标是主特征值及对应特征向量。
E1985,T035,T034,weak_prerequisite,0.82,谱半径定义依赖；强前置来自公式、算法或概念依赖。 | [AI candidate merge 2026-06-01T16:22:00] judge_final_action=downgrade_to_weak; priority=P1; judge_confidence=0.82; Consensus low-risk downgrade accepted into candidate graph.
E1986,T056,ALG069,weak_prerequisite,0.82,公式依赖；强前置来自公式、算法或概念依赖。 | [AI candidate merge 2026-06-01T16:22:00] judge_final_action=downgrade_to_weak; priority=P1; judge_confidence=0.82; Consensus low-risk downgrade accepted into candidate graph.
E1987,T057,T081,weak_prerequisite,0.82,误差来源依赖；强前置来自公式、算法或概念依赖。 | [AI candidate merge 2026-06-01T16:22:00] judge_final_action=downgrade_to_weak; priority=P1; judge_confidence=0.82; Consensus low-risk downgrade accepted into candidate graph.
E1988,T087,T088,weak_prerequisite,0.82,误差机制依赖；强前置来自公式、算法或概念依赖。 | [AI candidate merge 2026-06-01T16:22:00] judge_final_action=downgrade_to_weak; priority=P1; judge_confidence=0.82; Consensus low-risk downgrade accepted into candidate graph.
E1989,T082,T083,weak_prerequisite,0.82,误差概念依赖；强前置来自公式、算法或概念依赖。 | [AI candidate merge 2026-06-01T16:22:00] judge_final_action=downgrade_to_weak; priority=P1; judge_confidence=0.82; Consensus low-risk downgrade accepted into candidate graph.
E1990,T037,T091,weak_prerequisite,0.82,病态性判断依赖；强前置来自公式、算法或概念依赖。 | [AI candidate merge 2026-06-01T16:22:00] judge_final_action=downgrade_to_weak; priority=P1; judge_confidence=0.82; Consensus low-risk downgrade accepted into candidate graph.
E1991,T160,F012,weak_prerequisite,0.82,公式构造依赖；强前置来自公式、算法或概念依赖。 | [AI candidate merge 2026-06-01T16:22:00] judge_final_action=downgrade_to_weak; priority=P1; judge_confidence=0.82; Consensus low-risk downgrade accepted into candidate graph.
E1992,T162,ALG026,weak_prerequisite,0.82,算法依赖；强前置来自公式、算法或概念依赖。 | [AI candidate merge 2026-06-01T16:22:00] judge_final_action=downgrade_to_weak; priority=P1; judge_confidence=0.82; Consensus low-risk downgrade accepted into candidate graph.
E1993,T163,ALG027,weak_prerequisite,0.82,算法依赖；强前置来自公式、算法或概念依赖。 | [AI candidate merge 2026-06-01T16:22:00] judge_final_action=downgrade_to_weak; priority=P1; judge_confidence=0.82; Consensus low-risk downgrade accepted into candidate graph.
E1994,T166,ALG030,weak_prerequisite,0.82,算法依赖；强前置来自公式、算法或概念依赖。 | [AI candidate merge 2026-06-01T16:22:00] judge_final_action=downgrade_to_weak; priority=P1; judge_confidence=0.82; Consensus low-risk downgrade accepted into candidate graph.
E1995,T172,ALG032,weak_prerequisite,0.82,算法依赖；强前置来自公式、算法或概念依赖。 | [AI candidate merge 2026-06-01T16:22:00] judge_final_action=downgrade_to_weak; priority=P1; judge_confidence=0.82; Consensus low-risk downgrade accepted into candidate graph.
E1996,T160,ALG047,weak_prerequisite,0.82,求积公式构造依赖；强前置来自公式、算法或概念依赖。 | [AI candidate merge 2026-06-01T16:22:00] judge_final_action=downgrade_to_weak; priority=P1; judge_confidence=0.82; Consensus low-risk downgrade accepted into candidate graph.
E1997,T188,ALG050,weak_prerequisite,0.82,Gauss节点构造依赖；强前置来自公式、算法或概念依赖。 | [AI candidate merge 2026-06-01T16:22:00] judge_final_action=downgrade_to_weak; priority=P1; judge_confidence=0.82; Consensus low-risk downgrade accepted into candidate graph.
E1998,T040,T044,weak_prerequisite,0.82,线性代数概念依赖；强前置来自公式、算法或概念依赖。 | [AI candidate merge 2026-06-01T16:22:00] judge_final_action=downgrade_to_weak; priority=P1; judge_confidence=0.82; Consensus low-risk downgrade accepted into candidate graph.
E1999,T044,THM012,weak_prerequisite,0.82,投影定理依赖；强前置来自公式、算法或概念依赖。 | [AI candidate merge 2026-06-01T16:22:00] judge_final_action=downgrade_to_weak; priority=P1; judge_confidence=0.82; Consensus low-risk downgrade accepted into candidate graph.
E2000,T193,ALG034,weak_prerequisite,0.82,问题建模依赖；强前置来自公式、算法或概念依赖。 | [AI candidate merge 2026-06-01T16:22:00] judge_final_action=downgrade_to_weak; priority=P1; judge_confidence=0.82; Consensus low-risk downgrade accepted into candidate graph.
E2001,T195,ALG034,weak_prerequisite,0.82,公式依赖；强前置来自公式、算法或概念依赖。 | [AI candidate merge 2026-06-01T16:22:00] judge_final_action=downgrade_to_weak; priority=P1; judge_confidence=0.82; Consensus low-risk downgrade accepted into candidate graph.
E2002,T212,ALG041,weak_prerequisite,0.82,算法依赖；强前置来自公式、算法或概念依赖。 | [AI candidate merge 2026-06-01T16:22:00] judge_final_action=downgrade_to_weak; priority=P1; judge_confidence=0.82; Consensus low-risk downgrade accepted into candidate graph.
E2003,T212,ALG043,weak_prerequisite,0.82,算法依赖；强前置来自公式、算法或概念依赖。 | [AI candidate merge 2026-06-01T16:22:00] judge_final_action=downgrade_to_weak; priority=P1; judge_confidence=0.82; Consensus low-risk downgrade accepted into candidate graph.
E2004,T007,F025,weak_prerequisite,0.82,差分误差推导依赖；强前置来自公式、算法或概念依赖。 | [AI candidate merge 2026-06-01T16:22:00] judge_final_action=downgrade_to_weak; priority=P1; judge_confidence=0.82; Consensus low-risk downgrade accepted into candidate graph.
E2005,T262,T263,weak_prerequisite,0.82,误差概念依赖；强前置来自公式、算法或概念依赖。 | [AI candidate merge 2026-06-01T16:22:00] judge_final_action=downgrade_to_weak; priority=P1; judge_confidence=0.82; Consensus low-risk downgrade accepted into candidate graph.
E2006,T254,ALG053,weak_prerequisite,0.82,方法分类依赖；强前置来自公式、算法或概念依赖。 | [AI candidate merge 2026-06-01T16:22:00] judge_final_action=downgrade_to_weak; priority=P1; judge_confidence=0.82; Consensus low-risk downgrade accepted into candidate graph.
E2007,T260,ALG057,weak_prerequisite,0.82,算法结构依赖；强前置来自公式、算法或概念依赖。 | [AI candidate merge 2026-06-01T16:22:00] judge_final_action=downgrade_to_weak; priority=P1; judge_confidence=0.82; Consensus low-risk downgrade accepted into candidate graph.
E2008,T255,ALG059,weak_prerequisite,0.82,方法分类依赖；强前置来自公式、算法或概念依赖。 | [AI candidate merge 2026-06-01T16:22:00] judge_final_action=downgrade_to_weak; priority=P1; judge_confidence=0.82; Consensus low-risk downgrade accepted into candidate graph.
E2009,T266,ALG061,weak_prerequisite,0.82,适用问题依赖；强前置来自公式、算法或概念依赖。 | [AI candidate merge 2026-06-01T16:22:00] judge_final_action=downgrade_to_weak; priority=P1; judge_confidence=0.82; Consensus low-risk downgrade accepted into candidate graph.
E2010,T012,ALG063,weak_prerequisite,0.82,问题类型依赖；强前置来自公式、算法或概念依赖。 | [AI candidate merge 2026-06-01T16:22:00] judge_final_action=downgrade_to_weak; priority=P1; judge_confidence=0.82; Consensus low-risk downgrade accepted into candidate graph.
E2011,T286,ALG065,weak_prerequisite,0.82,算法依赖；强前置来自公式、算法或概念依赖。 | [AI candidate merge 2026-06-01T16:22:00] judge_final_action=downgrade_to_weak; priority=P1; judge_confidence=0.82; Consensus low-risk downgrade accepted into candidate graph.
E2012,T290,ALG066,weak_prerequisite,0.82,算法依赖；强前置来自公式、算法或概念依赖。 | [AI candidate merge 2026-06-01T16:22:00] judge_final_action=downgrade_to_weak; priority=P1; judge_confidence=0.82; Consensus low-risk downgrade accepted into candidate graph.
E2013,T337,ALG076,weak_prerequisite,0.82,算法依赖；强前置来自公式、算法或概念依赖。 | [AI candidate merge 2026-06-01T16:22:00] judge_final_action=downgrade_to_weak; priority=P1; judge_confidence=0.82; Consensus low-risk downgrade accepted into candidate graph.
E2014,T335,ALG074,weak_prerequisite,0.82,算法依赖；强前置来自公式、算法或概念依赖。 | [AI candidate merge 2026-06-01T16:22:00] judge_final_action=downgrade_to_weak; priority=P1; judge_confidence=0.82; Consensus low-risk downgrade accepted into candidate graph.
E2015,T336,ALG075,weak_prerequisite,0.82,算法依赖；强前置来自公式、算法或概念依赖。 | [AI candidate merge 2026-06-01T16:22:00] judge_final_action=downgrade_to_weak; priority=P1; judge_confidence=0.82; Consensus low-risk downgrade accepted into candidate graph.
E2016,T338,ALG077,weak_prerequisite,0.82,算法依赖；强前置来自公式、算法或概念依赖。 | [AI candidate merge 2026-06-01T16:22:00] judge_final_action=downgrade_to_weak; priority=P1; judge_confidence=0.82; Consensus low-risk downgrade accepted into candidate graph.
E2017,T339,THM016,weak_prerequisite,0.82,定理条件依赖；强前置来自公式、算法或概念依赖。 | [AI candidate merge 2026-06-01T16:22:00] judge_final_action=downgrade_to_weak; priority=P1; judge_confidence=0.82; Consensus low-risk downgrade accepted into candidate graph.
E2018,T340,THM016,weak_prerequisite,0.82,定理条件依赖；强前置来自公式、算法或概念依赖。 | [AI candidate merge 2026-06-01T16:22:00] judge_final_action=downgrade_to_weak; priority=P1; judge_confidence=0.82; Consensus low-risk downgrade accepted into candidate graph.
E2019,T343,ALG078,weak_prerequisite,0.82,稳定性分析依赖；强前置来自公式、算法或概念依赖。 | [AI candidate merge 2026-06-01T16:22:00] judge_final_action=downgrade_to_weak; priority=P1; judge_confidence=0.82; Consensus low-risk downgrade accepted into candidate graph.
E2020,T358,ALG081,weak_prerequisite,0.82,算法依赖；强前置来自公式、算法或概念依赖。 | [AI candidate merge 2026-06-01T16:22:00] judge_final_action=downgrade_to_weak; priority=P1; judge_confidence=0.82; Consensus low-risk downgrade accepted into candidate graph.
E2021,T359,F052,weak_prerequisite,0.82,公式依赖；强前置来自公式、算法或概念依赖。 | [AI candidate merge 2026-06-01T16:22:00] judge_final_action=downgrade_to_weak; priority=P1; judge_confidence=0.82; Consensus low-risk downgrade accepted into candidate graph.
E2022,T370,ALG082,weak_prerequisite,0.82,算法依赖；强前置来自公式、算法或概念依赖。 | [AI candidate merge 2026-06-01T16:22:00] judge_final_action=downgrade_to_weak; priority=P1; judge_confidence=0.82; Consensus low-risk downgrade accepted into candidate graph.
E2023,T371,ALG084,weak_prerequisite,0.82,算法依赖；强前置来自公式、算法或概念依赖。 | [AI candidate merge 2026-06-01T16:22:00] judge_final_action=downgrade_to_weak; priority=P1; judge_confidence=0.82; Consensus low-risk downgrade accepted into candidate graph.
E2024,T365,ALG083,weak_prerequisite,0.82,全局化策略依赖；强前置来自公式、算法或概念依赖。 | [AI candidate merge 2026-06-01T16:22:00] judge_final_action=downgrade_to_weak; priority=P1; judge_confidence=0.82; Consensus low-risk downgrade accepted into candidate graph.
E2025,T375,T373,weak_prerequisite,0.82,约束最优性依赖；强前置来自公式、算法或概念依赖。 | [AI candidate merge 2026-06-01T16:22:00] judge_final_action=downgrade_to_weak; priority=P1; judge_confidence=0.82; Consensus low-risk downgrade accepted into candidate graph.
E2026,T119,ALG087,weak_prerequisite,0.82,算法依赖；强前置来自公式、算法或概念依赖。 | [AI candidate merge 2026-06-01T16:22:00] judge_final_action=downgrade_to_weak; priority=P1; judge_confidence=0.82; Consensus low-risk downgrade accepted into candidate graph.
E2027,ALG001,T104,used_for,0.86,算法定义与对应问题/概念直接匹配。
E2028,ALG001,T105,used_for,0.86,算法定义与对应问题/概念直接匹配。
E2029,ALG002,T106,used_for,0.86,算法定义与对应问题/概念直接匹配。
E2030,ALG002,T107,used_for,0.86,算法定义与对应问题/概念直接匹配。
E2031,ALG003,T113,used_for,0.86,算法定义与对应问题/概念直接匹配。
E2032,ALG003,T120,used_for,0.86,算法定义与对应问题/概念直接匹配。
E2033,ALG004,T121,used_for,0.86,算法定义与对应问题/概念直接匹配。
E2034,ALG004,T123,used_for,0.86,算法定义与对应问题/概念直接匹配。
E2035,ALG005,T116,used_for,0.86,算法定义与对应问题/概念直接匹配。
E2036,ALG005,T126,used_for,0.86,算法定义与对应问题/概念直接匹配。
E2037,ALG006,T104,used_for,0.86,算法定义与对应问题/概念直接匹配。
E2038,ALG006,T125,used_for,0.86,算法定义与对应问题/概念直接匹配。
E2039,ALG007,T117,used_for,0.86,算法定义与对应问题/概念直接匹配。
E2040,ALG007,T103,used_for,0.86,算法定义与对应问题/概念直接匹配。
E2041,ALG008,T118,used_for,0.86,算法定义与对应问题/概念直接匹配。
E2042,ALG008,T119,used_for,0.86,算法定义与对应问题/概念直接匹配。
E2043,ALG009,T118,used_for,0.86,算法定义与对应问题/概念直接匹配。
E2044,ALG009,T371,used_for,0.86,算法定义与对应问题/概念直接匹配。
E2045,ALG010,T123,used_for,0.86,算法定义与对应问题/概念直接匹配。
E2046,ALG010,T127,used_for,0.86,算法定义与对应问题/概念直接匹配。
E2047,ALG011,T129,used_for,0.86,算法定义与对应问题/概念直接匹配。
E2048,ALG011,T128,used_for,0.86,算法定义与对应问题/概念直接匹配。
E2049,ALG012,T130,used_for,0.86,算法定义与对应问题/概念直接匹配。
E2050,ALG012,T133,used_for,0.86,算法定义与对应问题/概念直接匹配。
E2051,ALG013,T130,used_for,0.86,算法定义与对应问题/概念直接匹配。
E2052,ALG013,T154,used_for,0.86,算法定义与对应问题/概念直接匹配。
E2053,ALG014,T131,used_for,0.86,算法定义与对应问题/概念直接匹配。
E2054,ALG014,T132,used_for,0.86,算法定义与对应问题/概念直接匹配。
E2055,ALG015,T134,used_for,0.86,算法定义与对应问题/概念直接匹配。
E2056,ALG015,T146,used_for,0.86,算法定义与对应问题/概念直接匹配。
E2057,ALG016,T135,used_for,0.86,算法定义与对应问题/概念直接匹配。
E2058,ALG016,T053,used_for,0.86,算法定义与对应问题/概念直接匹配。
E2059,ALG017,T140,used_for,0.86,算法定义与对应问题/概念直接匹配。
E2060,ALG017,T139,used_for,0.86,算法定义与对应问题/概念直接匹配。
E2061,ALG018,T141,used_for,0.86,算法定义与对应问题/概念直接匹配。
E2062,ALG018,T139,used_for,0.86,算法定义与对应问题/概念直接匹配。
E2063,ALG019,T142,used_for,0.86,算法定义与对应问题/概念直接匹配。
E2064,ALG019,T143,used_for,0.86,算法定义与对应问题/概念直接匹配。
E2065,ALG020,T138,used_for,0.86,算法定义与对应问题/概念直接匹配。
E2066,ALG020,T147,used_for,0.86,算法定义与对应问题/概念直接匹配。
E2067,ALG021,T149,used_for,0.86,算法定义与对应问题/概念直接匹配。
E2068,ALG021,T150,used_for,0.86,算法定义与对应问题/概念直接匹配。
E2069,ALG022,T149,used_for,0.86,算法定义与对应问题/概念直接匹配。
E2070,ALG022,T152,used_for,0.86,算法定义与对应问题/概念直接匹配。
E2071,ALG023,T149,used_for,0.86,算法定义与对应问题/概念直接匹配。
E2072,ALG023,T313,used_for,0.86,算法定义与对应问题/概念直接匹配。
E2073,ALG024,T149,used_for,0.86,算法定义与对应问题/概念直接匹配。
E2074,ALG024,T312,used_for,0.86,算法定义与对应问题/概念直接匹配。
E2075,ALG025,T148,used_for,0.86,算法定义与对应问题/概念直接匹配。
E2076,ALG025,T150,used_for,0.86,算法定义与对应问题/概念直接匹配。
E2077,ALG026,T162,used_for,0.86,算法定义与对应问题/概念直接匹配。
E2078,ALG026,T160,used_for,0.86,算法定义与对应问题/概念直接匹配。
E2079,ALG027,T163,used_for,0.86,算法定义与对应问题/概念直接匹配。
E2080,ALG027,T160,used_for,0.86,算法定义与对应问题/概念直接匹配。
E2081,ALG028,T159,used_for,0.86,算法定义与对应问题/概念直接匹配。
E2082,ALG028,T182,used_for,0.86,算法定义与对应问题/概念直接匹配。
E2083,ALG029,T159,used_for,0.86,算法定义与对应问题/概念直接匹配。
E2084,ALG029,T160,used_for,0.86,算法定义与对应问题/概念直接匹配。
E2085,ALG030,T166,used_for,0.86,算法定义与对应问题/概念直接匹配。
E2086,ALG030,T165,used_for,0.86,算法定义与对应问题/概念直接匹配。
E2087,ALG031,T170,used_for,0.86,算法定义与对应问题/概念直接匹配。
E2088,ALG031,T169,used_for,0.86,算法定义与对应问题/概念直接匹配。
E2089,ALG032,T172,used_for,0.86,算法定义与对应问题/概念直接匹配。
E2090,ALG032,T180,used_for,0.86,算法定义与对应问题/概念直接匹配。
E2091,ALG033,T175,used_for,0.86,算法定义与对应问题/概念直接匹配。
E2092,ALG033,T181,used_for,0.86,算法定义与对应问题/概念直接匹配。
E2093,ALG034,T195,used_for,0.86,算法定义与对应问题/概念直接匹配。
E2094,ALG034,T196,used_for,0.86,算法定义与对应问题/概念直接匹配。
E2095,ALG035,T045,used_for,0.86,算法定义与对应问题/概念直接匹配。
E2096,ALG035,T193,used_for,0.86,算法定义与对应问题/概念直接匹配。
E2097,ALG036,T039,used_for,0.86,算法定义与对应问题/概念直接匹配。
E2098,ALG036,T193,used_for,0.86,算法定义与对应问题/概念直接匹配。
E2099,ALG037,T188,used_for,0.86,算法定义与对应问题/概念直接匹配。
E2100,ALG037,T045,used_for,0.86,算法定义与对应问题/概念直接匹配。
E2101,ALG038,T049,used_for,0.86,算法定义与对应问题/概念直接匹配。
E2102,ALG038,T045,used_for,0.86,算法定义与对应问题/概念直接匹配。
E2103,ALG039,T050,used_for,0.86,算法定义与对应问题/概念直接匹配。
E2104,ALG039,T045,used_for,0.86,算法定义与对应问题/概念直接匹配。
E2105,ALG040,T206,used_for,0.86,算法定义与对应问题/概念直接匹配。
E2106,ALG040,T205,used_for,0.86,算法定义与对应问题/概念直接匹配。
E2107,ALG041,T213,used_for,0.86,算法定义与对应问题/概念直接匹配。
E2108,ALG041,T217,used_for,0.86,算法定义与对应问题/概念直接匹配。
E2109,ALG042,T214,used_for,0.86,算法定义与对应问题/概念直接匹配。
E2110,ALG042,T217,used_for,0.86,算法定义与对应问题/概念直接匹配。
E2111,ALG043,T215,used_for,0.86,算法定义与对应问题/概念直接匹配。
E2112,ALG043,T218,used_for,0.86,算法定义与对应问题/概念直接匹配。
E2113,ALG044,T219,used_for,0.86,算法定义与对应问题/概念直接匹配。
E2114,ALG044,T216,used_for,0.86,算法定义与对应问题/概念直接匹配。
E2115,ALG045,T232,used_for,0.86,算法定义与对应问题/概念直接匹配。
E2116,ALG045,T234,used_for,0.86,算法定义与对应问题/概念直接匹配。
E2117,ALG046,T233,used_for,0.86,算法定义与对应问题/概念直接匹配。
E2118,ALG046,T234,used_for,0.86,算法定义与对应问题/概念直接匹配。
E2119,ALG047,T231,used_for,0.86,算法定义与对应问题/概念直接匹配。
E2120,ALG047,T230,used_for,0.86,算法定义与对应问题/概念直接匹配。
E2121,ALG048,T234,used_for,0.86,算法定义与对应问题/概念直接匹配。
E2122,ALG048,T235,used_for,0.86,算法定义与对应问题/概念直接匹配。
E2123,ALG049,T236,used_for,0.86,算法定义与对应问题/概念直接匹配。
E2124,ALG049,T240,used_for,0.86,算法定义与对应问题/概念直接匹配。
E2125,ALG050,T237,used_for,0.86,算法定义与对应问题/概念直接匹配。
E2126,ALG050,T238,used_for,0.86,算法定义与对应问题/概念直接匹配。
E2127,ALG051,T239,used_for,0.86,算法定义与对应问题/概念直接匹配。
E2128,ALG051,T240,used_for,0.86,算法定义与对应问题/概念直接匹配。
E2129,ALG052,T244,used_for,0.86,算法定义与对应问题/概念直接匹配。
E2130,ALG052,T245,used_for,0.86,算法定义与对应问题/概念直接匹配。
E2131,ALG053,T258,used_for,0.86,算法定义与对应问题/概念直接匹配。
E2132,ALG053,T256,used_for,0.86,算法定义与对应问题/概念直接匹配。
E2133,ALG054,T258,used_for,0.86,算法定义与对应问题/概念直接匹配。
E2134,ALG054,T257,used_for,0.86,算法定义与对应问题/概念直接匹配。
E2135,ALG055,T259,used_for,0.86,算法定义与对应问题/概念直接匹配。
E2136,ALG055,T254,used_for,0.86,算法定义与对应问题/概念直接匹配。
E2137,ALG056,T260,used_for,0.86,算法定义与对应问题/概念直接匹配。
E2138,ALG056,T264,used_for,0.86,算法定义与对应问题/概念直接匹配。
E2139,ALG057,T260,used_for,0.86,算法定义与对应问题/概念直接匹配。
E2140,ALG057,T261,used_for,0.86,算法定义与对应问题/概念直接匹配。
E2141,ALG058,T271,used_for,0.86,算法定义与对应问题/概念直接匹配。
E2142,ALG058,T269,used_for,0.86,算法定义与对应问题/概念直接匹配。
E2143,ALG059,T272,used_for,0.86,算法定义与对应问题/概念直接匹配。
E2144,ALG059,T256,used_for,0.86,算法定义与对应问题/概念直接匹配。
E2145,ALG060,T272,used_for,0.86,算法定义与对应问题/概念直接匹配。
E2146,ALG060,T257,used_for,0.86,算法定义与对应问题/概念直接匹配。
E2147,ALG061,T273,used_for,0.86,算法定义与对应问题/概念直接匹配。
E2148,ALG061,T266,used_for,0.86,算法定义与对应问题/概念直接匹配。
E2149,ALG062,T274,used_for,0.86,算法定义与对应问题/概念直接匹配。
E2150,ALG062,T255,used_for,0.86,算法定义与对应问题/概念直接匹配。
E2151,ALG063,T284,used_for,0.86,算法定义与对应问题/概念直接匹配。
E2152,ALG063,T282,used_for,0.86,算法定义与对应问题/概念直接匹配。
E2153,ALG064,T285,used_for,0.86,算法定义与对应问题/概念直接匹配。
E2154,ALG064,T297,used_for,0.86,算法定义与对应问题/概念直接匹配。
E2155,ALG065,T286,used_for,0.86,算法定义与对应问题/概念直接匹配。
E2156,ALG065,T289,used_for,0.86,算法定义与对应问题/概念直接匹配。
E2157,ALG066,T290,used_for,0.86,算法定义与对应问题/概念直接匹配。
E2158,ALG066,T294,used_for,0.86,算法定义与对应问题/概念直接匹配。
E2159,ALG067,T303,used_for,0.86,算法定义与对应问题/概念直接匹配。
E2160,ALG067,T306,used_for,0.86,算法定义与对应问题/概念直接匹配。
E2161,ALG068,T307,used_for,0.86,算法定义与对应问题/概念直接匹配。
E2162,ALG068,T308,used_for,0.86,算法定义与对应问题/概念直接匹配。
E2163,ALG069,T305,used_for,0.86,算法定义与对应问题/概念直接匹配。
E2164,ALG069,T302,used_for,0.86,算法定义与对应问题/概念直接匹配。
E2165,ALG070,T309,used_for,0.86,算法定义与对应问题/概念直接匹配。
E2166,ALG070,T322,used_for,0.86,算法定义与对应问题/概念直接匹配。
E2167,ALG071,T311,used_for,0.86,算法定义与对应问题/概念直接匹配。
E2168,ALG071,T312,used_for,0.86,算法定义与对应问题/概念直接匹配。
E2169,ALG072,T323,used_for,0.86,算法定义与对应问题/概念直接匹配。
E2170,ALG072,T312,used_for,0.86,算法定义与对应问题/概念直接匹配。
E2171,ALG073,T323,used_for,0.86,算法定义与对应问题/概念直接匹配。
E2172,ALG073,T313,used_for,0.86,算法定义与对应问题/概念直接匹配。
E2173,ALG074,T335,used_for,0.86,算法定义与对应问题/概念直接匹配。
E2174,ALG074,T333,used_for,0.86,算法定义与对应问题/概念直接匹配。
E2175,ALG075,T336,used_for,0.86,算法定义与对应问题/概念直接匹配。
E2176,ALG075,T331,used_for,0.86,算法定义与对应问题/概念直接匹配。
E2177,ALG076,T337,used_for,0.86,算法定义与对应问题/概念直接匹配。
E2178,ALG076,T350,used_for,0.86,算法定义与对应问题/概念直接匹配。
E2179,ALG077,T338,used_for,0.86,算法定义与对应问题/概念直接匹配。
E2180,ALG077,T333,used_for,0.86,算法定义与对应问题/概念直接匹配。
E2181,ALG078,T334,used_for,0.86,算法定义与对应问题/概念直接匹配。
E2182,ALG078,T340,used_for,0.86,算法定义与对应问题/概念直接匹配。
E2183,ALG079,T331,used_for,0.86,算法定义与对应问题/概念直接匹配。
E2184,ALG079,T344,used_for,0.86,算法定义与对应问题/概念直接匹配。
E2185,ALG080,T347,used_for,0.86,算法定义与对应问题/概念直接匹配。
E2186,ALG080,T348,used_for,0.86,算法定义与对应问题/概念直接匹配。
E2187,ALG081,T358,used_for,0.86,算法定义与对应问题/概念直接匹配。
E2188,ALG081,T369,used_for,0.86,算法定义与对应问题/概念直接匹配。
E2189,ALG082,T370,used_for,0.86,算法定义与对应问题/概念直接匹配。
E2190,ALG082,T359,used_for,0.86,算法定义与对应问题/概念直接匹配。
E2191,ALG083,T365,used_for,0.86,算法定义与对应问题/概念直接匹配。
E2192,ALG083,T370,used_for,0.86,算法定义与对应问题/概念直接匹配。
E2193,ALG084,T371,used_for,0.86,算法定义与对应问题/概念直接匹配。
E2194,ALG084,T372,used_for,0.86,算法定义与对应问题/概念直接匹配。
E2195,ALG085,T371,used_for,0.86,算法定义与对应问题/概念直接匹配。
E2196,ALG085,T157,used_for,0.86,算法定义与对应问题/概念直接匹配。
E2197,ALG086,T369,used_for,0.86,算法定义与对应问题/概念直接匹配。
E2198,ALG086,T383,used_for,0.86,算法定义与对应问题/概念直接匹配。
E2199,ALG087,T379,used_for,0.86,算法定义与对应问题/概念直接匹配。
E2200,ALG087,T119,used_for,0.86,算法定义与对应问题/概念直接匹配。
E2201,ALG088,T379,used_for,0.86,算法定义与对应问题/概念直接匹配。
E2202,ALG088,T380,used_for,0.86,算法定义与对应问题/概念直接匹配。
E2203,ALG089,T365,used_for,0.86,算法定义与对应问题/概念直接匹配。
E2204,ALG089,T366,used_for,0.86,算法定义与对应问题/概念直接匹配。
E2205,ALG090,T368,used_for,0.86,算法定义与对应问题/概念直接匹配。
E2206,ALG090,T370,used_for,0.86,算法定义与对应问题/概念直接匹配。
E2207,ALG003,F008,has_formula,0.88,算法或方法的核心计算公式。
E2208,ALG005,F009,has_formula,0.88,算法或方法的核心计算公式。
E2209,ALG002,F010,has_formula,0.88,算法或方法的核心计算公式。
E2210,ALG001,F011,has_formula,0.88,算法或方法的核心计算公式。
E2211,ALG026,F012,has_formula,0.88,算法或方法的核心计算公式。
E2212,ALG026,F013,has_formula,0.88,算法或方法的核心计算公式。
E2213,ALG027,F015,has_formula,0.88,算法或方法的核心计算公式。
E2214,ALG027,F014,has_formula,0.88,算法或方法的核心计算公式。
E2215,ALG030,F016,has_formula,0.88,算法或方法的核心计算公式。
E2216,ALG032,F018,has_formula,0.88,算法或方法的核心计算公式。
E2217,ALG034,F019,has_formula,0.88,算法或方法的核心计算公式。
E2218,ALG035,F020,has_formula,0.88,算法或方法的核心计算公式。
E2219,ALG040,F022,has_formula,0.88,算法或方法的核心计算公式。
E2220,ALG041,F023,has_formula,0.88,算法或方法的核心计算公式。
E2221,ALG042,F024,has_formula,0.88,算法或方法的核心计算公式。
E2222,ALG043,F025,has_formula,0.88,算法或方法的核心计算公式。
E2223,ALG045,F027,has_formula,0.88,算法或方法的核心计算公式。
E2224,ALG046,F028,has_formula,0.88,算法或方法的核心计算公式。
E2225,ALG047,F029,has_formula,0.88,算法或方法的核心计算公式。
E2226,ALG048,F030,has_formula,0.88,算法或方法的核心计算公式。
E2227,ALG049,F032,has_formula,0.88,算法或方法的核心计算公式。
E2228,ALG050,F033,has_formula,0.88,算法或方法的核心计算公式。
E2229,ALG053,F034,has_formula,0.88,算法或方法的核心计算公式。
E2230,ALG054,F035,has_formula,0.88,算法或方法的核心计算公式。
E2231,ALG055,F036,has_formula,0.88,算法或方法的核心计算公式。
E2232,ALG057,F037,has_formula,0.88,算法或方法的核心计算公式。
E2233,ALG059,F038,has_formula,0.88,算法或方法的核心计算公式。
E2234,ALG061,F039,has_formula,0.88,算法或方法的核心计算公式。
E2235,ALG065,F040,has_formula,0.88,算法或方法的核心计算公式。
E2236,ALG066,F041,has_formula,0.88,算法或方法的核心计算公式。
E2237,ALG067,F042,has_formula,0.88,算法或方法的核心计算公式。
E2238,ALG069,F043,has_formula,0.88,算法或方法的核心计算公式。
E2239,ALG070,F044,has_formula,0.88,算法或方法的核心计算公式。
E2240,ALG036,F045,has_formula,0.88,算法或方法的核心计算公式。
E2241,ALG074,F047,has_formula,0.88,算法或方法的核心计算公式。
E2242,ALG078,F046,has_formula,0.88,算法或方法的核心计算公式。
E2243,ALG075,F049,has_formula,0.88,算法或方法的核心计算公式。
E2244,ALG076,F050,has_formula,0.88,算法或方法的核心计算公式。
E2245,ALG081,F051,has_formula,0.88,算法或方法的核心计算公式。
E2246,ALG082,F052,has_formula,0.88,算法或方法的核心计算公式。
E2247,ALG084,F053,has_formula,0.88,算法或方法的核心计算公式。
E2248,ALG087,F055,has_formula,0.88,算法或方法的核心计算公式。
E2249,ALG002,THM001,explained_by,0.84,该定理解释算法适用条件、收敛性或最优性。
E2250,ALG001,THM002,explained_by,0.84,该定理解释算法适用条件、收敛性或最优性。
E2251,ALG003,THM003,explained_by,0.84,该定理解释算法适用条件、收敛性或最优性。
E2252,ALG014,THM004,explained_by,0.84,该定理解释算法适用条件、收敛性或最优性。
E2253,ALG015,THM005,explained_by,0.84,该定理解释算法适用条件、收敛性或最优性。
E2254,ALG017,THM006,explained_by,0.84,该定理解释算法适用条件、收敛性或最优性。
E2255,ALG018,THM006,explained_by,0.84,该定理解释算法适用条件、收敛性或最优性。
E2256,ALG021,THM024,explained_by,0.84,该定理解释算法适用条件、收敛性或最优性。
E2257,ALG026,THM009,explained_by,0.84,该定理解释算法适用条件、收敛性或最优性。
E2258,ALG027,THM010,explained_by,0.84,该定理解释算法适用条件、收敛性或最优性。
E2259,T192,THM011,explained_by,0.84,该定理解释算法适用条件、收敛性或最优性。
E2260,T193,THM012,explained_by,0.84,该定理解释算法适用条件、收敛性或最优性。
E2261,ALG050,THM013,explained_by,0.84,该定理解释算法适用条件、收敛性或最优性。
E2262,ALG044,THM014,explained_by,0.84,该定理解释算法适用条件、收敛性或最优性。
E2263,ALG059,THM015,explained_by,0.84,该定理解释算法适用条件、收敛性或最优性。
E2264,ALG074,THM016,explained_by,0.84,该定理解释算法适用条件、收敛性或最优性。
E2265,ALG076,THM017,explained_by,0.84,该定理解释算法适用条件、收敛性或最优性。
E2266,ALG070,THM018,explained_by,0.84,该定理解释算法适用条件、收敛性或最优性。
E2267,ALG036,THM019,explained_by,0.84,该定理解释算法适用条件、收敛性或最优性。
E2268,ALG081,THM020,explained_by,0.84,该定理解释算法适用条件、收敛性或最优性。
E2269,ALG082,THM021,explained_by,0.84,该定理解释算法适用条件、收敛性或最优性。
E2270,T373,THM022,explained_by,0.84,该定理解释算法适用条件、收敛性或最优性。
E2271,T362,THM023,explained_by,0.84,该定理解释算法适用条件、收敛性或最优性。
E2272,ALG001,ALG006,similar_to,0.70,方法目标或数学结构相近，建议人工审核具体相似维度。
E2273,ALG006,ALG001,similar_to,0.70,方法目标或数学结构相近，建议人工审核具体相似维度。
E2274,ALG003,ALG005,similar_to,0.70,方法目标或数学结构相近，建议人工审核具体相似维度。
E2275,ALG005,ALG003,similar_to,0.70,方法目标或数学结构相近，建议人工审核具体相似维度。
E2276,ALG017,ALG018,similar_to,0.70,方法目标或数学结构相近，建议人工审核具体相似维度。
E2277,ALG018,ALG017,similar_to,0.70,方法目标或数学结构相近，建议人工审核具体相似维度。
E2278,ALG018,ALG019,similar_to,0.70,方法目标或数学结构相近，建议人工审核具体相似维度。
E2279,ALG019,ALG018,similar_to,0.70,方法目标或数学结构相近，建议人工审核具体相似维度。
E2280,ALG021,ALG024,similar_to,0.70,方法目标或数学结构相近，建议人工审核具体相似维度。
E2281,ALG024,ALG021,similar_to,0.70,方法目标或数学结构相近，建议人工审核具体相似维度。
E2282,ALG022,ALG023,similar_to,0.70,方法目标或数学结构相近，建议人工审核具体相似维度。
E2283,ALG023,ALG022,similar_to,0.70,方法目标或数学结构相近，建议人工审核具体相似维度。
E2284,ALG026,ALG027,similar_to,0.70,方法目标或数学结构相近，建议人工审核具体相似维度。
E2285,ALG027,ALG026,similar_to,0.70,方法目标或数学结构相近，建议人工审核具体相似维度。
E2286,ALG028,ALG029,similar_to,0.70,方法目标或数学结构相近，建议人工审核具体相似维度。
E2287,ALG029,ALG028,similar_to,0.70,方法目标或数学结构相近，建议人工审核具体相似维度。
E2288,ALG030,T171,similar_to,0.70,方法目标或数学结构相近，建议人工审核具体相似维度。
E2289,T171,ALG030,similar_to,0.70,方法目标或数学结构相近，建议人工审核具体相似维度。
E2290,ALG045,ALG046,similar_to,0.70,方法目标或数学结构相近，建议人工审核具体相似维度。
E2291,ALG046,ALG045,similar_to,0.70,方法目标或数学结构相近，建议人工审核具体相似维度。
E2292,ALG053,ALG055,similar_to,0.70,方法目标或数学结构相近，建议人工审核具体相似维度。
E2293,ALG055,ALG053,similar_to,0.70,方法目标或数学结构相近，建议人工审核具体相似维度。
E2294,ALG059,ALG060,similar_to,0.70,方法目标或数学结构相近，建议人工审核具体相似维度。
E2295,ALG060,ALG059,similar_to,0.70,方法目标或数学结构相近，建议人工审核具体相似维度。
E2296,ALG067,ALG068,similar_to,0.70,方法目标或数学结构相近，建议人工审核具体相似维度。
E2297,ALG068,ALG067,similar_to,0.70,方法目标或数学结构相近，建议人工审核具体相似维度。
E2298,ALG072,ALG073,similar_to,0.70,方法目标或数学结构相近，建议人工审核具体相似维度。
E2299,ALG073,ALG072,similar_to,0.70,方法目标或数学结构相近，建议人工审核具体相似维度。
E2300,ALG074,ALG075,similar_to,0.70,方法目标或数学结构相近，建议人工审核具体相似维度。
E2301,ALG075,ALG074,similar_to,0.70,方法目标或数学结构相近，建议人工审核具体相似维度。
E2302,ALG082,ALG084,similar_to,0.70,方法目标或数学结构相近，建议人工审核具体相似维度。
E2303,ALG084,ALG082,similar_to,0.70,方法目标或数学结构相近，建议人工审核具体相似维度。
E2304,ALG087,ALG088,similar_to,0.70,方法目标或数学结构相近，建议人工审核具体相似维度。
E2305,ALG088,ALG087,similar_to,0.70,方法目标或数学结构相近，建议人工审核具体相似维度。
E2306,T080,T081,confused_with,0.67,学习诊断中常见混淆关系，低置信度边需人工审核。
E2307,T081,T080,confused_with,0.67,学习诊断中常见混淆关系，低置信度边需人工审核。
E2308,T082,T083,confused_with,0.67,学习诊断中常见混淆关系，低置信度边需人工审核。
E2309,T083,T082,confused_with,0.67,学习诊断中常见混淆关系，低置信度边需人工审核。
E2310,T099,T098,confused_with,0.67,学习诊断中常见混淆关系，低置信度边需人工审核。
E2311,T098,T099,confused_with,0.67,学习诊断中常见混淆关系，低置信度边需人工审核。
E2312,T094,T092,confused_with,0.67,学习诊断中常见混淆关系，低置信度边需人工审核。
E2313,T092,T094,confused_with,0.67,学习诊断中常见混淆关系，低置信度边需人工审核。
E2314,ALG026,ALG027,confused_with,0.67,学习诊断中常见混淆关系，低置信度边需人工审核。
E2315,ALG027,ALG026,confused_with,0.67,学习诊断中常见混淆关系，低置信度边需人工审核。
E2316,ALG030,ALG032,confused_with,0.67,学习诊断中常见混淆关系，低置信度边需人工审核。
E2317,ALG032,ALG030,confused_with,0.67,学习诊断中常见混淆关系，低置信度边需人工审核。
E2318,T193,T158,confused_with,0.67,学习诊断中常见混淆关系，低置信度边需人工审核。
E2319,T158,T193,confused_with,0.67,学习诊断中常见混淆关系，低置信度边需人工审核。
E2320,T213,T215,confused_with,0.67,学习诊断中常见混淆关系，低置信度边需人工审核。
E2321,T215,T213,confused_with,0.67,学习诊断中常见混淆关系，低置信度边需人工审核。
E2322,T231,T237,confused_with,0.67,学习诊断中常见混淆关系，低置信度边需人工审核。
E2323,T237,T231,confused_with,0.67,学习诊断中常见混淆关系，低置信度边需人工审核。
E2324,T256,T257,confused_with,0.67,学习诊断中常见混淆关系，低置信度边需人工审核。
E2325,T257,T256,confused_with,0.67,学习诊断中常见混淆关系，低置信度边需人工审核。
E2326,T267,T268,confused_with,0.67,学习诊断中常见混淆关系，低置信度边需人工审核。
E2327,T268,T267,confused_with,0.67,学习诊断中常见混淆关系，低置信度边需人工审核。
E2328,ALG063,ALG065,confused_with,0.67,学习诊断中常见混淆关系，低置信度边需人工审核。
E2329,ALG065,ALG063,confused_with,0.67,学习诊断中常见混淆关系，低置信度边需人工审核。
E2330,ALG067,ALG069,confused_with,0.67,学习诊断中常见混淆关系，低置信度边需人工审核。
E2331,ALG069,ALG067,confused_with,0.67,学习诊断中常见混淆关系，低置信度边需人工审核。
E2332,ALG074,ALG076,confused_with,0.67,学习诊断中常见混淆关系，低置信度边需人工审核。
E2333,ALG076,ALG074,confused_with,0.67,学习诊断中常见混淆关系，低置信度边需人工审核。
E2334,T365,T368,confused_with,0.67,学习诊断中常见混淆关系，低置信度边需人工审核。
E2335,T368,T365,confused_with,0.67,学习诊断中常见混淆关系，低置信度边需人工审核。
E2336,T375,T374,confused_with,0.67,学习诊断中常见混淆关系，低置信度边需人工审核。
E2337,T374,T375,confused_with,0.67,学习诊断中常见混淆关系，低置信度边需人工审核。
E2338,ALG012,ALG011,improves,0.76,改进关系来自稳定性、效率、适用范围或收敛表现。
E2339,ALG013,ALG011,improves,0.76,改进关系来自稳定性、效率、适用范围或收敛表现。
E2340,ALG015,ALG014,improves,0.76,改进关系来自稳定性、效率、适用范围或收敛表现。
E2341,ALG018,ALG017,improves,0.76,改进关系来自稳定性、效率、适用范围或收敛表现。
E2342,ALG019,ALG018,improves,0.76,改进关系来自稳定性、效率、适用范围或收敛表现。
E2343,ALG025,ALG021,improves,0.76,改进关系来自稳定性、效率、适用范围或收敛表现。
E2344,ALG027,ALG026,improves,0.76,改进关系来自稳定性、效率、适用范围或收敛表现。
E2345,ALG032,ALG031,improves,0.76,改进关系来自稳定性、效率、适用范围或收敛表现。
E2346,ALG035,ALG034,improves,0.76,改进关系来自稳定性、效率、适用范围或收敛表现。
E2347,ALG036,ALG034,improves,0.76,改进关系来自稳定性、效率、适用范围或收敛表现。
E2348,ALG043,ALG041,improves,0.76,改进关系来自稳定性、效率、适用范围或收敛表现。
E2349,ALG049,ALG048,improves,0.76,改进关系来自稳定性、效率、适用范围或收敛表现。
E2350,ALG050,ALG047,improves,0.76,改进关系来自稳定性、效率、适用范围或收敛表现。
E2351,ALG055,ALG053,improves,0.76,改进关系来自稳定性、效率、适用范围或收敛表现。
E2352,ALG057,ALG056,improves,0.76,改进关系来自稳定性、效率、适用范围或收敛表现。
E2353,ALG058,ALG057,improves,0.76,改进关系来自稳定性、效率、适用范围或收敛表现。
E2354,ALG061,ALG054,improves,0.76,改进关系来自稳定性、效率、适用范围或收敛表现。
E2355,ALG078,ALG074,improves,0.76,改进关系来自稳定性、效率、适用范围或收敛表现。
E2356,ALG080,ALG074,improves,0.76,改进关系来自稳定性、效率、适用范围或收敛表现。
E2357,ALG083,ALG082,improves,0.76,改进关系来自稳定性、效率、适用范围或收敛表现。
E2358,ALG084,ALG081,improves,0.76,改进关系来自稳定性、效率、适用范围或收敛表现。
E2359,ALG085,ALG084,improves,0.76,改进关系来自稳定性、效率、适用范围或收敛表现。
E2360,ALG088,ALG087,improves,0.76,改进关系来自稳定性、效率、适用范围或收敛表现。
E2361,ALG001,EXP001,implemented_by,0.78,实验设计用于实现和验证该算法。
E2362,ALG003,EXP001,implemented_by,0.78,实验设计用于实现和验证该算法。
E2363,ALG008,EXP002,implemented_by,0.78,实验设计用于实现和验证该算法。
E2364,ALG011,EXP003,implemented_by,0.78,实验设计用于实现和验证该算法。
E2365,ALG012,EXP003,implemented_by,0.78,实验设计用于实现和验证该算法。
E2366,ALG014,EXP004,implemented_by,0.78,实验设计用于实现和验证该算法。
E2367,ALG015,EXP004,implemented_by,0.78,实验设计用于实现和验证该算法。
E2368,ALG017,EXP005,implemented_by,0.78,实验设计用于实现和验证该算法。
E2369,ALG018,EXP005,implemented_by,0.78,实验设计用于实现和验证该算法。
E2370,ALG019,EXP006,implemented_by,0.78,实验设计用于实现和验证该算法。
E2371,ALG021,EXP007,implemented_by,0.78,实验设计用于实现和验证该算法。
E2372,ALG025,EXP007,implemented_by,0.78,实验设计用于实现和验证该算法。
E2373,ALG022,EXP008,implemented_by,0.78,实验设计用于实现和验证该算法。
E2374,ALG026,EXP009,implemented_by,0.78,实验设计用于实现和验证该算法。
E2375,ALG027,EXP009,implemented_by,0.78,实验设计用于实现和验证该算法。
E2376,ALG030,EXP010,implemented_by,0.78,实验设计用于实现和验证该算法。
E2377,ALG032,EXP010,implemented_by,0.78,实验设计用于实现和验证该算法。
E2378,ALG026,EXP011,implemented_by,0.78,实验设计用于实现和验证该算法。
E2379,ALG034,EXP012,implemented_by,0.78,实验设计用于实现和验证该算法。
E2380,ALG035,EXP012,implemented_by,0.78,实验设计用于实现和验证该算法。
E2381,ALG036,EXP013,implemented_by,0.78,实验设计用于实现和验证该算法。
E2382,ALG040,EXP014,implemented_by,0.78,实验设计用于实现和验证该算法。
E2383,ALG041,EXP015,implemented_by,0.78,实验设计用于实现和验证该算法。
E2384,ALG043,EXP015,implemented_by,0.78,实验设计用于实现和验证该算法。
E2385,ALG047,EXP016,implemented_by,0.78,实验设计用于实现和验证该算法。
E2386,ALG048,EXP016,implemented_by,0.78,实验设计用于实现和验证该算法。
E2387,ALG049,EXP017,implemented_by,0.78,实验设计用于实现和验证该算法。
E2388,ALG050,EXP017,implemented_by,0.78,实验设计用于实现和验证该算法。
E2389,ALG051,EXP018,implemented_by,0.78,实验设计用于实现和验证该算法。
E2390,ALG053,EXP019,implemented_by,0.78,实验设计用于实现和验证该算法。
E2391,ALG057,EXP019,implemented_by,0.78,实验设计用于实现和验证该算法。
E2392,ALG054,EXP020,implemented_by,0.78,实验设计用于实现和验证该算法。
E2393,ALG061,EXP020,implemented_by,0.78,实验设计用于实现和验证该算法。
E2394,ALG058,EXP021,implemented_by,0.78,实验设计用于实现和验证该算法。
E2395,ALG063,EXP022,implemented_by,0.78,实验设计用于实现和验证该算法。
E2396,ALG065,EXP023,implemented_by,0.78,实验设计用于实现和验证该算法。
E2397,ALG066,EXP024,implemented_by,0.78,实验设计用于实现和验证该算法。
E2398,ALG067,EXP025,implemented_by,0.78,实验设计用于实现和验证该算法。
E2399,ALG068,EXP025,implemented_by,0.78,实验设计用于实现和验证该算法。
E2400,ALG070,EXP026,implemented_by,0.78,实验设计用于实现和验证该算法。
E2401,ALG072,EXP027,implemented_by,0.78,实验设计用于实现和验证该算法。
E2402,ALG074,EXP028,implemented_by,0.78,实验设计用于实现和验证该算法。
E2403,ALG078,EXP028,implemented_by,0.78,实验设计用于实现和验证该算法。
E2404,ALG075,EXP029,implemented_by,0.78,实验设计用于实现和验证该算法。
E2405,ALG079,EXP029,implemented_by,0.78,实验设计用于实现和验证该算法。
E2406,ALG076,EXP030,implemented_by,0.78,实验设计用于实现和验证该算法。
E2407,ALG080,EXP031,implemented_by,0.78,实验设计用于实现和验证该算法。
E2408,ALG081,EXP032,implemented_by,0.78,实验设计用于实现和验证该算法。
E2409,ALG089,EXP032,implemented_by,0.78,实验设计用于实现和验证该算法。
E2410,ALG082,EXP033,implemented_by,0.78,实验设计用于实现和验证该算法。
E2411,ALG084,EXP033,implemented_by,0.78,实验设计用于实现和验证该算法。
E2412,ALG087,EXP034,implemented_by,0.78,实验设计用于实现和验证该算法。
E2413,ALG088,EXP034,implemented_by,0.78,实验设计用于实现和验证该算法。
E2414,ALG057,EXP035,implemented_by,0.78,实验设计用于实现和验证该算法。
E2415,ALG051,EXP035,implemented_by,0.78,实验设计用于实现和验证该算法。
E2416,ERR001,T081,causes_error,0.72,错因会导致该知识点、算法或实验表现出错误结果。
E2417,ERR001,T091,causes_error,0.72,错因会导致该知识点、算法或实验表现出错误结果。
E2418,ERR002,T080,causes_error,0.72,错因会导致该知识点、算法或实验表现出错误结果。
E2419,ERR002,T099,causes_error,0.72,错因会导致该知识点、算法或实验表现出错误结果。
E2420,ERR003,T082,causes_error,0.72,错因会导致该知识点、算法或实验表现出错误结果。
E2421,ERR003,T083,causes_error,0.72,错因会导致该知识点、算法或实验表现出错误结果。
E2422,ERR004,T085,causes_error,0.72,错因会导致该知识点、算法或实验表现出错误结果。
E2423,ERR004,T083,causes_error,0.72,错因会导致该知识点、算法或实验表现出错误结果。
E2424,ERR005,T088,causes_error,0.72,错因会导致该知识点、算法或实验表现出错误结果。
E2425,ERR005,T087,causes_error,0.72,错因会导致该知识点、算法或实验表现出错误结果。
E2426,ERR006,T100,causes_error,0.72,错因会导致该知识点、算法或实验表现出错误结果。
E2427,ERR006,T094,causes_error,0.72,错因会导致该知识点、算法或实验表现出错误结果。
E2428,ERR007,ALG001,causes_error,0.72,错因会导致该知识点、算法或实验表现出错误结果。
E2429,ERR007,T104,causes_error,0.72,错因会导致该知识点、算法或实验表现出错误结果。
E2430,ERR008,ALG003,causes_error,0.72,错因会导致该知识点、算法或实验表现出错误结果。
E2431,ERR008,T114,causes_error,0.72,错因会导致该知识点、算法或实验表现出错误结果。
E2432,ERR009,ALG002,causes_error,0.72,错因会导致该知识点、算法或实验表现出错误结果。
E2433,ERR009,T107,causes_error,0.72,错因会导致该知识点、算法或实验表现出错误结果。
E2434,ERR010,T115,causes_error,0.72,错因会导致该知识点、算法或实验表现出错误结果。
E2435,ERR010,T109,causes_error,0.72,错因会导致该知识点、算法或实验表现出错误结果。
E2436,ERR011,T130,causes_error,0.72,错因会导致该知识点、算法或实验表现出错误结果。
E2437,ERR011,ALG011,causes_error,0.72,错因会导致该知识点、算法或实验表现出错误结果。
E2438,ERR012,T153,causes_error,0.72,错因会导致该知识点、算法或实验表现出错误结果。
E2439,ERR012,T154,causes_error,0.72,错因会导致该知识点、算法或实验表现出错误结果。
E2440,ERR013,T144,causes_error,0.72,错因会导致该知识点、算法或实验表现出错误结果。
E2441,ERR013,T143,causes_error,0.72,错因会导致该知识点、算法或实验表现出错误结果。
E2442,ERR014,ALG019,causes_error,0.72,错因会导致该知识点、算法或实验表现出错误结果。
E2443,ERR014,T142,causes_error,0.72,错因会导致该知识点、算法或实验表现出错误结果。
E2444,ERR015,T148,causes_error,0.72,错因会导致该知识点、算法或实验表现出错误结果。
E2445,ERR015,T157,causes_error,0.72,错因会导致该知识点、算法或实验表现出错误结果。
E2446,ERR016,T168,causes_error,0.72,错因会导致该知识点、算法或实验表现出错误结果。
E2447,ERR016,T176,causes_error,0.72,错因会导致该知识点、算法或实验表现出错误结果。
E2448,ERR017,T163,causes_error,0.72,错因会导致该知识点、算法或实验表现出错误结果。
E2449,ERR017,ALG027,causes_error,0.72,错因会导致该知识点、算法或实验表现出错误结果。
E2450,ERR018,T166,causes_error,0.72,错因会导致该知识点、算法或实验表现出错误结果。
E2451,ERR018,ALG030,causes_error,0.72,错因会导致该知识点、算法或实验表现出错误结果。
E2452,ERR019,T173,causes_error,0.72,错因会导致该知识点、算法或实验表现出错误结果。
E2453,ERR019,T174,causes_error,0.72,错因会导致该知识点、算法或实验表现出错误结果。
E2454,ERR020,ALG034,causes_error,0.72,错因会导致该知识点、算法或实验表现出错误结果。
E2455,ERR020,T037,causes_error,0.72,错因会导致该知识点、算法或实验表现出错误结果。
E2456,ERR021,T199,causes_error,0.72,错因会导致该知识点、算法或实验表现出错误结果。
E2457,ERR021,T201,causes_error,0.72,错因会导致该知识点、算法或实验表现出错误结果。
E2458,ERR022,T200,causes_error,0.72,错因会导致该知识点、算法或实验表现出错误结果。
E2459,ERR022,T194,causes_error,0.72,错因会导致该知识点、算法或实验表现出错误结果。
E2460,ERR023,T217,causes_error,0.72,错因会导致该知识点、算法或实验表现出错误结果。
E2461,ERR023,T218,causes_error,0.72,错因会导致该知识点、算法或实验表现出错误结果。
E2462,ERR024,T225,causes_error,0.72,错因会导致该知识点、算法或实验表现出错误结果。
E2463,ERR024,T215,causes_error,0.72,错因会导致该知识点、算法或实验表现出错误结果。
E2464,ERR025,T231,causes_error,0.72,错因会导致该知识点、算法或实验表现出错误结果。
E2465,ERR025,T248,causes_error,0.72,错因会导致该知识点、算法或实验表现出错误结果。
E2466,ERR026,T234,causes_error,0.72,错因会导致该知识点、算法或实验表现出错误结果。
E2467,ERR026,T235,causes_error,0.72,错因会导致该知识点、算法或实验表现出错误结果。
E2468,ERR027,T237,causes_error,0.72,错因会导致该知识点、算法或实验表现出错误结果。
E2469,ERR027,T251,causes_error,0.72,错因会导致该知识点、算法或实验表现出错误结果。
E2470,ERR028,T265,causes_error,0.72,错因会导致该知识点、算法或实验表现出错误结果。
E2471,ERR028,T266,causes_error,0.72,错因会导致该知识点、算法或实验表现出错误结果。
E2472,ERR029,T262,causes_error,0.72,错因会导致该知识点、算法或实验表现出错误结果。
E2473,ERR029,T263,causes_error,0.72,错因会导致该知识点、算法或实验表现出错误结果。
E2474,ERR030,T257,causes_error,0.72,错因会导致该知识点、算法或实验表现出错误结果。
E2475,ERR030,T103,causes_error,0.72,错因会导致该知识点、算法或实验表现出错误结果。
E2476,ERR031,ALG063,causes_error,0.72,错因会导致该知识点、算法或实验表现出错误结果。
E2477,ERR031,T127,causes_error,0.72,错因会导致该知识点、算法或实验表现出错误结果。
E2478,ERR032,ALG067,causes_error,0.72,错因会导致该知识点、算法或实验表现出错误结果。
E2479,ERR032,T308,causes_error,0.72,错因会导致该知识点、算法或实验表现出错误结果。
E2480,ERR033,T310,causes_error,0.72,错因会导致该知识点、算法或实验表现出错误结果。
E2481,ERR033,ALG070,causes_error,0.72,错因会导致该知识点、算法或实验表现出错误结果。
E2482,ERR034,T343,causes_error,0.72,错因会导致该知识点、算法或实验表现出错误结果。
E2483,ERR034,T340,causes_error,0.72,错因会导致该知识点、算法或实验表现出错误结果。
E2484,ERR035,T346,causes_error,0.72,错因会导致该知识点、算法或实验表现出错误结果。
E2485,ERR035,T335,causes_error,0.72,错因会导致该知识点、算法或实验表现出错误结果。
E2486,ERR036,T337,causes_error,0.72,错因会导致该知识点、算法或实验表现出错误结果。
E2487,ERR036,T293,causes_error,0.72,错因会导致该知识点、算法或实验表现出错误结果。
E2488,ERR037,ALG081,causes_error,0.72,错因会导致该知识点、算法或实验表现出错误结果。
E2489,ERR037,T369,causes_error,0.72,错因会导致该知识点、算法或实验表现出错误结果。
E2490,ERR038,T365,causes_error,0.72,错因会导致该知识点、算法或实验表现出错误结果。
E2491,ERR038,T366,causes_error,0.72,错因会导致该知识点、算法或实验表现出错误结果。
E2492,ERR039,T375,causes_error,0.72,错因会导致该知识点、算法或实验表现出错误结果。
E2493,ERR039,T373,causes_error,0.72,错因会导致该知识点、算法或实验表现出错误结果。
E2494,ERR040,T421,causes_error,0.72,错因会导致该知识点、算法或实验表现出错误结果。
E2495,ERR040,T409,causes_error,0.72,错因会导致该知识点、算法或实验表现出错误结果。
E2496,S_NUMERICAL_ANALYSIS,RES001,explained_by,0.85,资源《00《数值分析》课程导学.pptx》覆盖该模块或主题。
E2497,RES001,S_NUMERICAL_ANALYSIS,used_for,0.83,资源《00《数值分析》课程导学.pptx》可用于学习或审核该模块。
E2498,M_ERROR_ANALYSIS,RES002,explained_by,0.85,资源《01-14数值分析授课课件》覆盖该模块或主题。
E2499,RES002,M_ERROR_ANALYSIS,used_for,0.83,资源《01-14数值分析授课课件》可用于学习或审核该模块。
E2500,M_LINEAR_SYSTEMS,RES002,explained_by,0.85,资源《01-14数值分析授课课件》覆盖该模块或主题。
E2501,RES002,M_LINEAR_SYSTEMS,used_for,0.83,资源《01-14数值分析授课课件》可用于学习或审核该模块。
E2502,M_NONLINEAR_ROOT,RES002,explained_by,0.85,资源《01-14数值分析授课课件》覆盖该模块或主题。
E2503,RES002,M_NONLINEAR_ROOT,used_for,0.83,资源《01-14数值分析授课课件》可用于学习或审核该模块。
E2504,M_INTERPOLATION,RES002,explained_by,0.85,资源《01-14数值分析授课课件》覆盖该模块或主题。
E2505,RES002,M_INTERPOLATION,used_for,0.83,资源《01-14数值分析授课课件》可用于学习或审核该模块。
E2506,M_APPROXIMATION,RES002,explained_by,0.85,资源《01-14数值分析授课课件》覆盖该模块或主题。
E2507,RES002,M_APPROXIMATION,used_for,0.83,资源《01-14数值分析授课课件》可用于学习或审核该模块。
E2508,M_NUM_INT,RES002,explained_by,0.85,资源《01-14数值分析授课课件》覆盖该模块或主题。
E2509,RES002,M_NUM_INT,used_for,0.83,资源《01-14数值分析授课课件》可用于学习或审核该模块。
E2510,M_ODE_IVP,RES002,explained_by,0.85,资源《01-14数值分析授课课件》覆盖该模块或主题。
E2511,RES002,M_ODE_IVP,used_for,0.83,资源《01-14数值分析授课课件》可用于学习或审核该模块。
E2512,M_ODE_BVP,RES002,explained_by,0.85,资源《01-14数值分析授课课件》覆盖该模块或主题。
E2513,RES002,M_ODE_BVP,used_for,0.83,资源《01-14数值分析授课课件》可用于学习或审核该模块。
E2514,S_NUMERICAL_ANALYSIS,RES003,explained_by,0.85,资源《48522008_数值分析_课程大纲(理论课程）.docx》覆盖该模块或主题。
E2515,RES003,S_NUMERICAL_ANALYSIS,used_for,0.83,资源《48522008_数值分析_课程大纲(理论课程）.docx》可用于学习或审核该模块。
E2516,M_ERROR_ANALYSIS,RES003,explained_by,0.85,资源《48522008_数值分析_课程大纲(理论课程）.docx》覆盖该模块或主题。
E2517,RES003,M_ERROR_ANALYSIS,used_for,0.83,资源《48522008_数值分析_课程大纲(理论课程）.docx》可用于学习或审核该模块。
E2518,M_LINEAR_SYSTEMS,RES003,explained_by,0.85,资源《48522008_数值分析_课程大纲(理论课程）.docx》覆盖该模块或主题。
E2519,RES003,M_LINEAR_SYSTEMS,used_for,0.83,资源《48522008_数值分析_课程大纲(理论课程）.docx》可用于学习或审核该模块。
E2520,M_NONLINEAR_ROOT,RES003,explained_by,0.85,资源《48522008_数值分析_课程大纲(理论课程）.docx》覆盖该模块或主题。
E2521,RES003,M_NONLINEAR_ROOT,used_for,0.83,资源《48522008_数值分析_课程大纲(理论课程）.docx》可用于学习或审核该模块。
E2522,M_INTERPOLATION,RES003,explained_by,0.85,资源《48522008_数值分析_课程大纲(理论课程）.docx》覆盖该模块或主题。
E2523,RES003,M_INTERPOLATION,used_for,0.83,资源《48522008_数值分析_课程大纲(理论课程）.docx》可用于学习或审核该模块。
E2524,M_APPROXIMATION,RES003,explained_by,0.85,资源《48522008_数值分析_课程大纲(理论课程）.docx》覆盖该模块或主题。
E2525,RES003,M_APPROXIMATION,used_for,0.83,资源《48522008_数值分析_课程大纲(理论课程）.docx》可用于学习或审核该模块。
E2526,M_NUM_INT,RES003,explained_by,0.85,资源《48522008_数值分析_课程大纲(理论课程）.docx》覆盖该模块或主题。
E2527,RES003,M_NUM_INT,used_for,0.83,资源《48522008_数值分析_课程大纲(理论课程）.docx》可用于学习或审核该模块。
E2528,M_ODE_IVP,RES003,explained_by,0.85,资源《48522008_数值分析_课程大纲(理论课程）.docx》覆盖该模块或主题。
E2529,RES003,M_ODE_IVP,used_for,0.83,资源《48522008_数值分析_课程大纲(理论课程）.docx》可用于学习或审核该模块。
E2530,M_ODE_BVP,RES003,explained_by,0.85,资源《48522008_数值分析_课程大纲(理论课程）.docx》覆盖该模块或主题。
E2531,RES003,M_ODE_BVP,used_for,0.83,资源《48522008_数值分析_课程大纲(理论课程）.docx》可用于学习或审核该模块。
E2532,M_SCI_COMP,RES004,explained_by,0.85,资源《48522008_数值分析_课程大纲(实验课程）.docx》覆盖该模块或主题。
E2533,RES004,M_SCI_COMP,used_for,0.83,资源《48522008_数值分析_课程大纲(实验课程）.docx》可用于学习或审核该模块。
E2534,M_IMPLEMENTATION,RES004,explained_by,0.85,资源《48522008_数值分析_课程大纲(实验课程）.docx》覆盖该模块或主题。
E2535,RES004,M_IMPLEMENTATION,used_for,0.83,资源《48522008_数值分析_课程大纲(实验课程）.docx》可用于学习或审核该模块。
E2536,M_ERROR_ANALYSIS,RES005,explained_by,0.85,资源《朱晓临《数值分析》第2版》覆盖该模块或主题。
E2537,RES005,M_ERROR_ANALYSIS,used_for,0.83,资源《朱晓临《数值分析》第2版》可用于学习或审核该模块。
E2538,M_LINEAR_SYSTEMS,RES005,explained_by,0.85,资源《朱晓临《数值分析》第2版》覆盖该模块或主题。
E2539,RES005,M_LINEAR_SYSTEMS,used_for,0.83,资源《朱晓临《数值分析》第2版》可用于学习或审核该模块。
E2540,M_NONLINEAR_ROOT,RES005,explained_by,0.85,资源《朱晓临《数值分析》第2版》覆盖该模块或主题。
E2541,RES005,M_NONLINEAR_ROOT,used_for,0.83,资源《朱晓临《数值分析》第2版》可用于学习或审核该模块。
E2542,M_INTERPOLATION,RES005,explained_by,0.85,资源《朱晓临《数值分析》第2版》覆盖该模块或主题。
E2543,RES005,M_INTERPOLATION,used_for,0.83,资源《朱晓临《数值分析》第2版》可用于学习或审核该模块。
E2544,M_APPROXIMATION,RES005,explained_by,0.85,资源《朱晓临《数值分析》第2版》覆盖该模块或主题。
E2545,RES005,M_APPROXIMATION,used_for,0.83,资源《朱晓临《数值分析》第2版》可用于学习或审核该模块。
E2546,M_NUM_INT,RES005,explained_by,0.85,资源《朱晓临《数值分析》第2版》覆盖该模块或主题。
E2547,RES005,M_NUM_INT,used_for,0.83,资源《朱晓临《数值分析》第2版》可用于学习或审核该模块。
E2548,M_ODE_IVP,RES005,explained_by,0.85,资源《朱晓临《数值分析》第2版》覆盖该模块或主题。
E2549,RES005,M_ODE_IVP,used_for,0.83,资源《朱晓临《数值分析》第2版》可用于学习或审核该模块。
E2550,M_ODE_BVP,RES005,explained_by,0.85,资源《朱晓临《数值分析》第2版》覆盖该模块或主题。
E2551,RES005,M_ODE_BVP,used_for,0.83,资源《朱晓临《数值分析》第2版》可用于学习或审核该模块。
E2552,M_EIGEN_SVD,RES005,explained_by,0.85,资源《朱晓临《数值分析》第2版》覆盖该模块或主题。
E2553,RES005,M_EIGEN_SVD,used_for,0.83,资源《朱晓临《数值分析》第2版》可用于学习或审核该模块。
E2554,M_INTERPOLATION,RES006,explained_by,0.85,资源《李庆扬等《数值分析》第5版》覆盖该模块或主题。
E2555,RES006,M_INTERPOLATION,used_for,0.83,资源《李庆扬等《数值分析》第5版》可用于学习或审核该模块。
E2556,M_APPROXIMATION,RES006,explained_by,0.85,资源《李庆扬等《数值分析》第5版》覆盖该模块或主题。
E2557,RES006,M_APPROXIMATION,used_for,0.83,资源《李庆扬等《数值分析》第5版》可用于学习或审核该模块。
E2558,M_NUM_INT,RES006,explained_by,0.85,资源《李庆扬等《数值分析》第5版》覆盖该模块或主题。
E2559,RES006,M_NUM_INT,used_for,0.83,资源《李庆扬等《数值分析》第5版》可用于学习或审核该模块。
E2560,M_EIGEN_SVD,RES006,explained_by,0.85,资源《李庆扬等《数值分析》第5版》覆盖该模块或主题。
E2561,RES006,M_EIGEN_SVD,used_for,0.83,资源《李庆扬等《数值分析》第5版》可用于学习或审核该模块。
E2562,M_PRE_LINEAR_ALGEBRA,RES007,explained_by,0.85,资源《潘建瑜《数值分析讲义》》覆盖该模块或主题。
E2563,RES007,M_PRE_LINEAR_ALGEBRA,used_for,0.83,资源《潘建瑜《数值分析讲义》》可用于学习或审核该模块。
E2564,M_LINEAR_SYSTEMS,RES007,explained_by,0.85,资源《潘建瑜《数值分析讲义》》覆盖该模块或主题。
E2565,RES007,M_LINEAR_SYSTEMS,used_for,0.83,资源《潘建瑜《数值分析讲义》》可用于学习或审核该模块。
E2566,M_EIGEN_SVD,RES007,explained_by,0.85,资源《潘建瑜《数值分析讲义》》覆盖该模块或主题。
E2567,RES007,M_EIGEN_SVD,used_for,0.83,资源《潘建瑜《数值分析讲义》》可用于学习或审核该模块。
E2568,M_APPROXIMATION,RES007,explained_by,0.85,资源《潘建瑜《数值分析讲义》》覆盖该模块或主题。
E2569,RES007,M_APPROXIMATION,used_for,0.83,资源《潘建瑜《数值分析讲义》》可用于学习或审核该模块。
E2570,M_OPTIMIZATION,RES008,explained_by,0.85,资源《MIT OCW 18.335》覆盖该模块或主题。
E2571,RES008,M_OPTIMIZATION,used_for,0.83,资源《MIT OCW 18.335》可用于学习或审核该模块。
E2572,M_SCI_COMP,RES008,explained_by,0.85,资源《MIT OCW 18.335》覆盖该模块或主题。
E2573,RES008,M_SCI_COMP,used_for,0.83,资源《MIT OCW 18.335》可用于学习或审核该模块。
E2574,M_PDE,RES009,explained_by,0.85,资源《MIT OCW 18.336》覆盖该模块或主题。
E2575,RES009,M_PDE,used_for,0.83,资源《MIT OCW 18.336》可用于学习或审核该模块。
E2576,M_OPTIMIZATION,RES010,explained_by,0.85,资源《SciPy optimize官方文档》覆盖该模块或主题。
E2577,RES010,M_OPTIMIZATION,used_for,0.83,资源《SciPy optimize官方文档》可用于学习或审核该模块。
E2578,M_IMPLEMENTATION,RES010,explained_by,0.85,资源《SciPy optimize官方文档》覆盖该模块或主题。
E2579,RES010,M_IMPLEMENTATION,used_for,0.83,资源《SciPy optimize官方文档》可用于学习或审核该模块。
E2580,M_NUM_INT,RES011,explained_by,0.85,资源《SciPy integrate官方文档》覆盖该模块或主题。
E2581,RES011,M_NUM_INT,used_for,0.83,资源《SciPy integrate官方文档》可用于学习或审核该模块。
E2582,M_ODE_IVP,RES011,explained_by,0.85,资源《SciPy integrate官方文档》覆盖该模块或主题。
E2583,RES011,M_ODE_IVP,used_for,0.83,资源《SciPy integrate官方文档》可用于学习或审核该模块。
E2584,M_IMPLEMENTATION,RES011,explained_by,0.85,资源《SciPy integrate官方文档》覆盖该模块或主题。
E2585,RES011,M_IMPLEMENTATION,used_for,0.83,资源《SciPy integrate官方文档》可用于学习或审核该模块。
E2586,M_ODE_IVP,RES012,explained_by,0.85,资源《MathWorks MATLAB ODE官方文档》覆盖该模块或主题。
E2587,RES012,M_ODE_IVP,used_for,0.83,资源《MathWorks MATLAB ODE官方文档》可用于学习或审核该模块。
E2588,M_IMPLEMENTATION,RES012,explained_by,0.85,资源《MathWorks MATLAB ODE官方文档》覆盖该模块或主题。
E2589,RES012,M_IMPLEMENTATION,used_for,0.83,资源《MathWorks MATLAB ODE官方文档》可用于学习或审核该模块。
E2590,M_LINEAR_SYSTEMS,RES013,explained_by,0.85,资源《Netlib Templates》覆盖该模块或主题。
E2591,RES013,M_LINEAR_SYSTEMS,used_for,0.83,资源《Netlib Templates》可用于学习或审核该模块。
E2592,M_ASSESSMENT,RES014,explained_by,0.85,资源《原创诊断题库V1》覆盖该模块或主题。
E2593,RES014,M_ASSESSMENT,used_for,0.83,资源《原创诊断题库V1》可用于学习或审核该模块。
E2594,M_ASSESSMENT,RES015,explained_by,0.85,资源《原创错因规则V1》覆盖该模块或主题。
E2595,RES015,M_ASSESSMENT,used_for,0.83,资源《原创错因规则V1》可用于学习或审核该模块。
E2596,T082,Q001,tested_by,0.76,原创诊断题直接考查该知识点。
E2597,Q001,ERR003,evaluated_by,0.72,该题可用于识别对应错因。
E2598,T085,Q002,tested_by,0.76,原创诊断题直接考查该知识点。
E2599,Q002,ERR004,evaluated_by,0.72,该题可用于识别对应错因。
E2600,T088,Q003,tested_by,0.76,原创诊断题直接考查该知识点。
E2601,Q003,ERR005,evaluated_by,0.72,该题可用于识别对应错因。
E2602,ALG001,Q004,tested_by,0.76,原创诊断题直接考查该知识点。
E2603,Q004,ERR007,evaluated_by,0.72,该题可用于识别对应错因。
E2604,ALG003,Q005,tested_by,0.76,原创诊断题直接考查该知识点。
E2605,Q005,ERR008,evaluated_by,0.72,该题可用于识别对应错因。
E2606,ALG002,Q006,tested_by,0.76,原创诊断题直接考查该知识点。
E2607,Q006,ERR009,evaluated_by,0.72,该题可用于识别对应错因。
E2608,T115,Q007,tested_by,0.76,原创诊断题直接考查该知识点。
E2609,Q007,ERR010,evaluated_by,0.72,该题可用于识别对应错因。
E2610,ALG011,Q008,tested_by,0.76,原创诊断题直接考查该知识点。
E2611,Q008,ERR011,evaluated_by,0.72,该题可用于识别对应错因。
E2612,T153,Q009,tested_by,0.76,原创诊断题直接考查该知识点。
E2613,Q009,ERR012,evaluated_by,0.72,该题可用于识别对应错因。
E2614,ALG017,Q010,tested_by,0.76,原创诊断题直接考查该知识点。
E2615,Q010,ERR013,evaluated_by,0.72,该题可用于识别对应错因。
E2616,ALG019,Q011,tested_by,0.76,原创诊断题直接考查该知识点。
E2617,Q011,ERR014,evaluated_by,0.72,该题可用于识别对应错因。
E2618,ALG026,Q012,tested_by,0.76,原创诊断题直接考查该知识点。
E2619,Q012,ERR016,evaluated_by,0.72,该题可用于识别对应错因。
E2620,ALG027,Q013,tested_by,0.76,原创诊断题直接考查该知识点。
E2621,Q013,ERR017,evaluated_by,0.72,该题可用于识别对应错因。
E2622,ALG030,Q014,tested_by,0.76,原创诊断题直接考查该知识点。
E2623,Q014,ERR018,evaluated_by,0.72,该题可用于识别对应错因。
E2624,ALG032,Q015,tested_by,0.76,原创诊断题直接考查该知识点。
E2625,Q015,ERR019,evaluated_by,0.72,该题可用于识别对应错因。
E2626,ALG034,Q016,tested_by,0.76,原创诊断题直接考查该知识点。
E2627,Q016,ERR020,evaluated_by,0.72,该题可用于识别对应错因。
E2628,T199,Q017,tested_by,0.76,原创诊断题直接考查该知识点。
E2629,Q017,ERR021,evaluated_by,0.72,该题可用于识别对应错因。
E2630,T200,Q018,tested_by,0.76,原创诊断题直接考查该知识点。
E2631,Q018,ERR022,evaluated_by,0.72,该题可用于识别对应错因。
E2632,ALG043,Q019,tested_by,0.76,原创诊断题直接考查该知识点。
E2633,Q019,ERR023,evaluated_by,0.72,该题可用于识别对应错因。
E2634,T225,Q020,tested_by,0.76,原创诊断题直接考查该知识点。
E2635,Q020,ERR024,evaluated_by,0.72,该题可用于识别对应错因。
E2636,ALG047,Q021,tested_by,0.76,原创诊断题直接考查该知识点。
E2637,Q021,ERR025,evaluated_by,0.72,该题可用于识别对应错因。
E2638,ALG048,Q022,tested_by,0.76,原创诊断题直接考查该知识点。
E2639,Q022,ERR026,evaluated_by,0.72,该题可用于识别对应错因。
E2640,ALG050,Q023,tested_by,0.76,原创诊断题直接考查该知识点。
E2641,Q023,ERR027,evaluated_by,0.72,该题可用于识别对应错因。
E2642,ALG053,Q024,tested_by,0.76,原创诊断题直接考查该知识点。
E2643,Q024,ERR028,evaluated_by,0.72,该题可用于识别对应错因。
E2644,ALG057,Q025,tested_by,0.76,原创诊断题直接考查该知识点。
E2645,Q025,ERR029,evaluated_by,0.72,该题可用于识别对应错因。
E2646,ALG054,Q026,tested_by,0.76,原创诊断题直接考查该知识点。
E2647,Q026,ERR030,evaluated_by,0.72,该题可用于识别对应错因。
E2648,ALG063,Q027,tested_by,0.76,原创诊断题直接考查该知识点。
E2649,Q027,ERR031,evaluated_by,0.72,该题可用于识别对应错因。
E2650,ALG067,Q028,tested_by,0.76,原创诊断题直接考查该知识点。
E2651,Q028,ERR032,evaluated_by,0.72,该题可用于识别对应错因。
E2652,ALG070,Q029,tested_by,0.76,原创诊断题直接考查该知识点。
E2653,Q029,ERR033,evaluated_by,0.72,该题可用于识别对应错因。
E2654,ALG078,Q030,tested_by,0.76,原创诊断题直接考查该知识点。
E2655,Q030,ERR034,evaluated_by,0.72,该题可用于识别对应错因。
E2656,ALG074,Q031,tested_by,0.76,原创诊断题直接考查该知识点。
E2657,Q031,ERR035,evaluated_by,0.72,该题可用于识别对应错因。
E2658,ALG076,Q032,tested_by,0.76,原创诊断题直接考查该知识点。
E2659,Q032,ERR036,evaluated_by,0.72,该题可用于识别对应错因。
E2660,ALG081,Q033,tested_by,0.76,原创诊断题直接考查该知识点。
E2661,Q033,ERR037,evaluated_by,0.72,该题可用于识别对应错因。
E2662,ALG089,Q034,tested_by,0.76,原创诊断题直接考查该知识点。
E2663,Q034,ERR038,evaluated_by,0.72,该题可用于识别对应错因。
E2664,T375,Q035,tested_by,0.76,原创诊断题直接考查该知识点。
E2665,Q035,ERR039,evaluated_by,0.72,该题可用于识别对应错因。
E2666,T412,Q036,tested_by,0.76,原创诊断题直接考查该知识点。
E2667,Q036,ERR040,evaluated_by,0.72,该题可用于识别对应错因。
E2668,T082,Q037,tested_by,0.76,原创诊断题直接考查该知识点。
E2669,Q037,ERR003,evaluated_by,0.72,该题可用于识别对应错因。
E2670,T085,Q038,tested_by,0.76,原创诊断题直接考查该知识点。
E2671,Q038,ERR004,evaluated_by,0.72,该题可用于识别对应错因。
E2672,T088,Q039,tested_by,0.76,原创诊断题直接考查该知识点。
E2673,Q039,ERR005,evaluated_by,0.72,该题可用于识别对应错因。
E2674,ALG001,Q040,tested_by,0.76,原创诊断题直接考查该知识点。
E2675,Q040,ERR007,evaluated_by,0.72,该题可用于识别对应错因。
E2676,ALG003,Q041,tested_by,0.76,原创诊断题直接考查该知识点。
E2677,Q041,ERR008,evaluated_by,0.72,该题可用于识别对应错因。
E2678,ALG002,Q042,tested_by,0.76,原创诊断题直接考查该知识点。
E2679,Q042,ERR009,evaluated_by,0.72,该题可用于识别对应错因。
E2680,T115,Q043,tested_by,0.76,原创诊断题直接考查该知识点。
E2681,Q043,ERR010,evaluated_by,0.72,该题可用于识别对应错因。
E2682,ALG011,Q044,tested_by,0.76,原创诊断题直接考查该知识点。
E2683,Q044,ERR011,evaluated_by,0.72,该题可用于识别对应错因。
E2684,T153,Q045,tested_by,0.76,原创诊断题直接考查该知识点。
E2685,Q045,ERR012,evaluated_by,0.72,该题可用于识别对应错因。
E2686,ALG017,Q046,tested_by,0.76,原创诊断题直接考查该知识点。
E2687,Q046,ERR013,evaluated_by,0.72,该题可用于识别对应错因。
E2688,ALG019,Q047,tested_by,0.76,原创诊断题直接考查该知识点。
E2689,Q047,ERR014,evaluated_by,0.72,该题可用于识别对应错因。
E2690,ALG026,Q048,tested_by,0.76,原创诊断题直接考查该知识点。
E2691,Q048,ERR016,evaluated_by,0.72,该题可用于识别对应错因。
E2692,ALG027,Q049,tested_by,0.76,原创诊断题直接考查该知识点。
E2693,Q049,ERR017,evaluated_by,0.72,该题可用于识别对应错因。
E2694,ALG030,Q050,tested_by,0.76,原创诊断题直接考查该知识点。
E2695,Q050,ERR018,evaluated_by,0.72,该题可用于识别对应错因。
E2696,ALG032,Q051,tested_by,0.76,原创诊断题直接考查该知识点。
E2697,Q051,ERR019,evaluated_by,0.72,该题可用于识别对应错因。
E2698,ALG034,Q052,tested_by,0.76,原创诊断题直接考查该知识点。
E2699,Q052,ERR020,evaluated_by,0.72,该题可用于识别对应错因。
E2700,T199,Q053,tested_by,0.76,原创诊断题直接考查该知识点。
E2701,Q053,ERR021,evaluated_by,0.72,该题可用于识别对应错因。
E2702,T200,Q054,tested_by,0.76,原创诊断题直接考查该知识点。
E2703,Q054,ERR022,evaluated_by,0.72,该题可用于识别对应错因。
E2704,ALG043,Q055,tested_by,0.76,原创诊断题直接考查该知识点。
E2705,Q055,ERR023,evaluated_by,0.72,该题可用于识别对应错因。
E2706,T225,Q056,tested_by,0.76,原创诊断题直接考查该知识点。
E2707,Q056,ERR024,evaluated_by,0.72,该题可用于识别对应错因。
E2708,ALG047,Q057,tested_by,0.76,原创诊断题直接考查该知识点。
E2709,Q057,ERR025,evaluated_by,0.72,该题可用于识别对应错因。
E2710,ALG048,Q058,tested_by,0.76,原创诊断题直接考查该知识点。
E2711,Q058,ERR026,evaluated_by,0.72,该题可用于识别对应错因。
E2712,ALG050,Q059,tested_by,0.76,原创诊断题直接考查该知识点。
E2713,Q059,ERR027,evaluated_by,0.72,该题可用于识别对应错因。
E2714,ALG053,Q060,tested_by,0.76,原创诊断题直接考查该知识点。
E2715,Q060,ERR028,evaluated_by,0.72,该题可用于识别对应错因。
E2716,ALG057,Q061,tested_by,0.76,原创诊断题直接考查该知识点。
E2717,Q061,ERR029,evaluated_by,0.72,该题可用于识别对应错因。
E2718,ALG054,Q062,tested_by,0.76,原创诊断题直接考查该知识点。
E2719,Q062,ERR030,evaluated_by,0.72,该题可用于识别对应错因。
E2720,ALG063,Q063,tested_by,0.76,原创诊断题直接考查该知识点。
E2721,Q063,ERR031,evaluated_by,0.72,该题可用于识别对应错因。
E2722,ALG067,Q064,tested_by,0.76,原创诊断题直接考查该知识点。
E2723,Q064,ERR032,evaluated_by,0.72,该题可用于识别对应错因。
E2724,ALG070,Q065,tested_by,0.76,原创诊断题直接考查该知识点。
E2725,Q065,ERR033,evaluated_by,0.72,该题可用于识别对应错因。
E2726,ALG078,Q066,tested_by,0.76,原创诊断题直接考查该知识点。
E2727,Q066,ERR034,evaluated_by,0.72,该题可用于识别对应错因。
E2728,ALG074,Q067,tested_by,0.76,原创诊断题直接考查该知识点。
E2729,Q067,ERR035,evaluated_by,0.72,该题可用于识别对应错因。
E2730,ALG076,Q068,tested_by,0.76,原创诊断题直接考查该知识点。
E2731,Q068,ERR036,evaluated_by,0.72,该题可用于识别对应错因。
E2732,ALG081,Q069,tested_by,0.76,原创诊断题直接考查该知识点。
E2733,Q069,ERR037,evaluated_by,0.72,该题可用于识别对应错因。
E2734,ALG089,Q070,tested_by,0.76,原创诊断题直接考查该知识点。
E2735,Q070,ERR038,evaluated_by,0.72,该题可用于识别对应错因。
E2736,T375,Q071,tested_by,0.76,原创诊断题直接考查该知识点。
E2737,Q071,ERR039,evaluated_by,0.72,该题可用于识别对应错因。
E2738,T412,Q072,tested_by,0.76,原创诊断题直接考查该知识点。
E2739,Q072,ERR040,evaluated_by,0.72,该题可用于识别对应错因。
E2740,T082,Q073,tested_by,0.76,原创诊断题直接考查该知识点。
E2741,Q073,ERR003,evaluated_by,0.72,该题可用于识别对应错因。
E2742,T085,Q074,tested_by,0.76,原创诊断题直接考查该知识点。
E2743,Q074,ERR004,evaluated_by,0.72,该题可用于识别对应错因。
E2744,T088,Q075,tested_by,0.76,原创诊断题直接考查该知识点。
E2745,Q075,ERR005,evaluated_by,0.72,该题可用于识别对应错因。
E2746,ALG001,Q076,tested_by,0.76,原创诊断题直接考查该知识点。
E2747,Q076,ERR007,evaluated_by,0.72,该题可用于识别对应错因。
E2748,ALG003,Q077,tested_by,0.76,原创诊断题直接考查该知识点。
E2749,Q077,ERR008,evaluated_by,0.72,该题可用于识别对应错因。
E2750,ALG002,Q078,tested_by,0.76,原创诊断题直接考查该知识点。
E2751,Q078,ERR009,evaluated_by,0.72,该题可用于识别对应错因。
E2752,T115,Q079,tested_by,0.76,原创诊断题直接考查该知识点。
E2753,Q079,ERR010,evaluated_by,0.72,该题可用于识别对应错因。
E2754,ALG011,Q080,tested_by,0.76,原创诊断题直接考查该知识点。
E2755,Q080,ERR011,evaluated_by,0.72,该题可用于识别对应错因。
E2756,T153,Q081,tested_by,0.76,原创诊断题直接考查该知识点。
E2757,Q081,ERR012,evaluated_by,0.72,该题可用于识别对应错因。
E2758,ALG017,Q082,tested_by,0.76,原创诊断题直接考查该知识点。
E2759,Q082,ERR013,evaluated_by,0.72,该题可用于识别对应错因。
E2760,ALG019,Q083,tested_by,0.76,原创诊断题直接考查该知识点。
E2761,Q083,ERR014,evaluated_by,0.72,该题可用于识别对应错因。
E2762,ALG026,Q084,tested_by,0.76,原创诊断题直接考查该知识点。
E2763,Q084,ERR016,evaluated_by,0.72,该题可用于识别对应错因。
E2764,ALG027,Q085,tested_by,0.76,原创诊断题直接考查该知识点。
E2765,Q085,ERR017,evaluated_by,0.72,该题可用于识别对应错因。
E2766,ALG030,Q086,tested_by,0.76,原创诊断题直接考查该知识点。
E2767,Q086,ERR018,evaluated_by,0.72,该题可用于识别对应错因。
E2768,ALG032,Q087,tested_by,0.76,原创诊断题直接考查该知识点。
E2769,Q087,ERR019,evaluated_by,0.72,该题可用于识别对应错因。
E2770,ALG034,Q088,tested_by,0.76,原创诊断题直接考查该知识点。
E2771,Q088,ERR020,evaluated_by,0.72,该题可用于识别对应错因。
E2772,F006,ALG003,strong_prerequisite,0.88,人工二次审核：Newton迭代公式和局部收敛分析依赖Taylor公式。
E2773,T003,ALG003,strong_prerequisite,0.88,人工二次审核：Newton迭代法由切线线性化推导，依赖导数概念。
E2774,T096,T109,weak_prerequisite,0.86,人工二次审核：收敛阶是误差序列收敛速度的定量描述。 | [AI candidate merge 2026-06-01T16:22:00] judge_final_action=downgrade_to_weak; priority=P2; judge_confidence=0.86; Consensus low-risk downgrade accepted into candidate graph.
E2775,T037,T154,strong_prerequisite,0.88,人工二次审核：线性方程组病态性由条件数刻画。
E2776,T035,T143,strong_prerequisite,0.87,人工二次审核：定常迭代收敛性由迭代矩阵特征值/谱半径决定。
E2777,T160,T231,strong_prerequisite,0.88,人工二次审核：Newton-Cotes公式由等距节点插值多项式积分得到。
E2778,T160,F029,strong_prerequisite,0.88,人工二次审核：Newton-Cotes一般公式来自插值型求积构造。
E2779,T212,ALG027,strong_prerequisite,0.86,人工二次审核：Newton插值的核心递推量是均差/差商。
E2780,F006,T218,strong_prerequisite,0.86,人工二次审核：数值微分截断误差通过Taylor展开估计。
E2781,T252,ALG053,strong_prerequisite,0.87,人工二次审核：Euler方法是ODE初值问题的基本步进法。
E2782,T007,T260,strong_prerequisite,0.86,人工二次审核：Runge-Kutta阶条件与Taylor展开匹配有关。
E2783,T031,T045,strong_prerequisite,0.86,人工二次审核：QR分解由正交变换和上三角因子构成。
E2784,T131,T039,strong_prerequisite,0.86,人工二次审核：SVD是核心矩阵分解之一。
E2785,T162,F013,strong_prerequisite,0.88,人工二次审核：公式直接定义Lagrange基函数。
E2786,T117,ALG007,weak_prerequisite,0.86,人工二次审核：Muller法通过二次插值逼近非线性方程根。 | [AI candidate merge 2026-06-01T16:22:00] judge_final_action=downgrade_to_weak; priority=P1; judge_confidence=0.86; Consensus low-risk downgrade accepted into candidate graph.
E2787,T119,ALG008,strong_prerequisite,0.88,人工二次审核：非线性方程组Newton法需要Jacobian和修正方程。
E2788,ALG002,ALG003,weak_prerequisite,0.78,人工二次审核：Newton法可理解为特殊不动点迭代，但不作为严格公式前置。
E2789,T023,T025,weak_prerequisite,0.76,可用性修复：行列式学习依赖矩阵概念。
E2790,T282,T301,weak_prerequisite,0.76,可用性修复：Neumann条件属于边值问题边界条件。
E2791,T257,ALG054,weak_prerequisite,0.78,可用性修复：隐式Euler法属于隐式单步法。
E2792,T226,T227,weak_prerequisite,0.76,可用性修复：求积节点是数值积分公式的组成部分。
E2793,T059,T411,weak_prerequisite,0.76,可用性修复：NumPy线性代数使用NumPy数组作为基本数据结构。
E2794,T158,T182,weak_prerequisite,0.74,可用性修复：表格函数是插值问题的典型数据形态。
E2795,T254,T256,weak_prerequisite,0.76,可用性修复：显式单步法需要先理解单步推进框架。
E2796,T205,T206,weak_prerequisite,0.78,可用性修复：FFT是DFT的快速算法实现。
E2797,T019,T204,weak_prerequisite,0.74,可用性修复：三角逼近依赖正交函数族思想。
E2798,T358,T370,weak_prerequisite,0.78,可用性修复：Newton方向用于改进梯度一阶条件。
E2799,T404,T408,weak_prerequisite,0.74,可用性修复：科学计算报告依赖实验过程记录。
E2800,T288,T299,weak_prerequisite,0.76,可用性修复：Robin条件属于边界条件处理的一类。
E2801,T024,T094,weak_prerequisite,0.76,可用性修复：残差常用于衡量方程组近似解质量。
E2802,T103,T115,weak_prerequisite,0.76,可用性修复：多重根是非线性方程根结构的一种。
E2803,T282,T297,weak_prerequisite,0.76,可用性修复：非线性边值问题是边值问题扩展。
E2804,T219,T236,weak_prerequisite,0.78,可用性修复：Romberg外推使用Richardson外推思想。
E2805,T118,ALG008,weak_prerequisite,0.78,可用性修复：方程组Newton法面向非线性方程组。
E2806,F006,Q089,tested_by,0.78,V1-A可用性修复：原创诊断题直接覆盖该核心可测节点。
E2807,Q089,ERR002,evaluated_by,0.74,V1-A可用性修复：该题可识别对应错因。
E2808,F006,Q090,tested_by,0.78,V1-A可用性修复：原创诊断题直接覆盖该核心可测节点。
E2809,Q090,ERR002,evaluated_by,0.74,V1-A可用性修复：该题可识别对应错因。
E2810,F007,Q091,tested_by,0.78,V1-A可用性修复：原创诊断题直接覆盖该核心可测节点。
E2811,Q091,ERR002,evaluated_by,0.74,V1-A可用性修复：该题可识别对应错因。
E2812,F007,Q092,tested_by,0.78,V1-A可用性修复：原创诊断题直接覆盖该核心可测节点。
E2813,Q092,ERR002,evaluated_by,0.74,V1-A可用性修复：该题可识别对应错因。
E2814,T001,Q093,tested_by,0.78,V1-A可用性修复：原创诊断题直接覆盖该核心可测节点。
E2815,Q093,ERR002,evaluated_by,0.74,V1-A可用性修复：该题可识别对应错因。
E2816,T001,Q094,tested_by,0.78,V1-A可用性修复：原创诊断题直接覆盖该核心可测节点。
E2817,Q094,ERR002,evaluated_by,0.74,V1-A可用性修复：该题可识别对应错因。
E2818,T005,Q095,tested_by,0.78,V1-A可用性修复：原创诊断题直接覆盖该核心可测节点。
E2819,Q095,ERR002,evaluated_by,0.74,V1-A可用性修复：该题可识别对应错因。
E2820,T005,Q096,tested_by,0.78,V1-A可用性修复：原创诊断题直接覆盖该核心可测节点。
E2821,Q096,ERR002,evaluated_by,0.74,V1-A可用性修复：该题可识别对应错因。
E2822,T009,Q097,tested_by,0.78,V1-A可用性修复：原创诊断题直接覆盖该核心可测节点。
E2823,Q097,ERR002,evaluated_by,0.74,V1-A可用性修复：该题可识别对应错因。
E2824,T009,Q098,tested_by,0.78,V1-A可用性修复：原创诊断题直接覆盖该核心可测节点。
E2825,Q098,ERR002,evaluated_by,0.74,V1-A可用性修复：该题可识别对应错因。
E2826,T013,Q099,tested_by,0.78,V1-A可用性修复：原创诊断题直接覆盖该核心可测节点。
E2827,Q099,ERR002,evaluated_by,0.74,V1-A可用性修复：该题可识别对应错因。
E2828,T013,Q100,tested_by,0.78,V1-A可用性修复：原创诊断题直接覆盖该核心可测节点。
E2829,Q100,ERR002,evaluated_by,0.74,V1-A可用性修复：该题可识别对应错因。
E2830,T017,Q101,tested_by,0.78,V1-A可用性修复：原创诊断题直接覆盖该核心可测节点。
E2831,Q101,ERR002,evaluated_by,0.74,V1-A可用性修复：该题可识别对应错因。
E2832,T017,Q102,tested_by,0.78,V1-A可用性修复：原创诊断题直接覆盖该核心可测节点。
E2833,Q102,ERR002,evaluated_by,0.74,V1-A可用性修复：该题可识别对应错因。
E2834,T021,Q103,tested_by,0.78,V1-A可用性修复：原创诊断题直接覆盖该核心可测节点。
E2835,Q103,ERR002,evaluated_by,0.74,V1-A可用性修复：该题可识别对应错因。
E2836,T021,Q104,tested_by,0.78,V1-A可用性修复：原创诊断题直接覆盖该核心可测节点。
E2837,Q104,ERR002,evaluated_by,0.74,V1-A可用性修复：该题可识别对应错因。
E2838,T002,Q105,tested_by,0.78,V1-A可用性修复：原创诊断题直接覆盖该核心可测节点。
E2839,Q105,ERR002,evaluated_by,0.74,V1-A可用性修复：该题可识别对应错因。
E2840,T002,Q106,tested_by,0.78,V1-A可用性修复：原创诊断题直接覆盖该核心可测节点。
E2841,Q106,ERR002,evaluated_by,0.74,V1-A可用性修复：该题可识别对应错因。
E2842,T003,Q107,tested_by,0.78,V1-A可用性修复：原创诊断题直接覆盖该核心可测节点。
E2843,Q107,ERR002,evaluated_by,0.74,V1-A可用性修复：该题可识别对应错因。
E2844,T003,Q108,tested_by,0.78,V1-A可用性修复：原创诊断题直接覆盖该核心可测节点。
E2845,Q108,ERR002,evaluated_by,0.74,V1-A可用性修复：该题可识别对应错因。
E2846,T004,Q109,tested_by,0.78,V1-A可用性修复：原创诊断题直接覆盖该核心可测节点。
E2847,Q109,ERR002,evaluated_by,0.74,V1-A可用性修复：该题可识别对应错因。
E2848,T004,Q110,tested_by,0.78,V1-A可用性修复：原创诊断题直接覆盖该核心可测节点。
E2849,Q110,ERR002,evaluated_by,0.74,V1-A可用性修复：该题可识别对应错因。
E2850,T006,Q111,tested_by,0.78,V1-A可用性修复：原创诊断题直接覆盖该核心可测节点。
E2851,Q111,ERR002,evaluated_by,0.74,V1-A可用性修复：该题可识别对应错因。
E2852,T006,Q112,tested_by,0.78,V1-A可用性修复：原创诊断题直接覆盖该核心可测节点。
E2853,Q112,ERR002,evaluated_by,0.74,V1-A可用性修复：该题可识别对应错因。
E2854,THM008,Q113,tested_by,0.78,V1-A可用性修复：原创诊断题直接覆盖该核心可测节点。
E2855,Q113,ERR012,evaluated_by,0.74,V1-A可用性修复：该题可识别对应错因。
E2856,THM008,Q114,tested_by,0.78,V1-A可用性修复：原创诊断题直接覆盖该核心可测节点。
E2857,Q114,ERR012,evaluated_by,0.74,V1-A可用性修复：该题可识别对应错因。
E2858,T022,Q115,tested_by,0.78,V1-A可用性修复：原创诊断题直接覆盖该核心可测节点。
E2859,Q115,ERR012,evaluated_by,0.74,V1-A可用性修复：该题可识别对应错因。
E2860,T022,Q116,tested_by,0.78,V1-A可用性修复：原创诊断题直接覆盖该核心可测节点。
E2861,Q116,ERR012,evaluated_by,0.74,V1-A可用性修复：该题可识别对应错因。
E2862,T026,Q117,tested_by,0.78,V1-A可用性修复：原创诊断题直接覆盖该核心可测节点。
E2863,Q117,ERR012,evaluated_by,0.74,V1-A可用性修复：该题可识别对应错因。
E2864,T026,Q118,tested_by,0.78,V1-A可用性修复：原创诊断题直接覆盖该核心可测节点。
E2865,Q118,ERR012,evaluated_by,0.74,V1-A可用性修复：该题可识别对应错因。
E2866,T030,Q119,tested_by,0.78,V1-A可用性修复：原创诊断题直接覆盖该核心可测节点。
E2867,Q119,ERR012,evaluated_by,0.74,V1-A可用性修复：该题可识别对应错因。
E2868,T030,Q120,tested_by,0.78,V1-A可用性修复：原创诊断题直接覆盖该核心可测节点。
E2869,Q120,ERR012,evaluated_by,0.74,V1-A可用性修复：该题可识别对应错因。
E2870,T034,Q121,tested_by,0.78,V1-A可用性修复：原创诊断题直接覆盖该核心可测节点。
E2871,Q121,ERR012,evaluated_by,0.74,V1-A可用性修复：该题可识别对应错因。
E2872,T034,Q122,tested_by,0.78,V1-A可用性修复：原创诊断题直接覆盖该核心可测节点。
E2873,Q122,ERR012,evaluated_by,0.74,V1-A可用性修复：该题可识别对应错因。
E2874,T038,Q123,tested_by,0.78,V1-A可用性修复：原创诊断题直接覆盖该核心可测节点。
E2875,Q123,ERR012,evaluated_by,0.74,V1-A可用性修复：该题可识别对应错因。
E2876,T038,Q124,tested_by,0.78,V1-A可用性修复：原创诊断题直接覆盖该核心可测节点。
E2877,Q124,ERR012,evaluated_by,0.74,V1-A可用性修复：该题可识别对应错因。
E2878,T042,Q125,tested_by,0.78,V1-A可用性修复：原创诊断题直接覆盖该核心可测节点。
E2879,Q125,ERR012,evaluated_by,0.74,V1-A可用性修复：该题可识别对应错因。
E2880,T042,Q126,tested_by,0.78,V1-A可用性修复：原创诊断题直接覆盖该核心可测节点。
E2881,Q126,ERR012,evaluated_by,0.74,V1-A可用性修复：该题可识别对应错因。
E2882,T046,Q127,tested_by,0.78,V1-A可用性修复：原创诊断题直接覆盖该核心可测节点。
E2883,Q127,ERR012,evaluated_by,0.74,V1-A可用性修复：该题可识别对应错因。
E2884,T046,Q128,tested_by,0.78,V1-A可用性修复：原创诊断题直接覆盖该核心可测节点。
E2885,Q128,ERR012,evaluated_by,0.74,V1-A可用性修复：该题可识别对应错因。
E2886,T050,Q129,tested_by,0.78,V1-A可用性修复：原创诊断题直接覆盖该核心可测节点。
E2887,Q129,ERR012,evaluated_by,0.74,V1-A可用性修复：该题可识别对应错因。
E2888,T050,Q130,tested_by,0.78,V1-A可用性修复：原创诊断题直接覆盖该核心可测节点。
E2889,Q130,ERR012,evaluated_by,0.74,V1-A可用性修复：该题可识别对应错因。
E2890,T054,Q131,tested_by,0.78,V1-A可用性修复：原创诊断题直接覆盖该核心可测节点。
E2891,Q131,ERR012,evaluated_by,0.74,V1-A可用性修复：该题可识别对应错因。
E2892,T054,Q132,tested_by,0.78,V1-A可用性修复：原创诊断题直接覆盖该核心可测节点。
E2893,Q132,ERR012,evaluated_by,0.74,V1-A可用性修复：该题可识别对应错因。
E2894,T023,Q133,tested_by,0.78,V1-A可用性修复：原创诊断题直接覆盖该核心可测节点。
E2895,Q133,ERR012,evaluated_by,0.74,V1-A可用性修复：该题可识别对应错因。
E2896,T023,Q134,tested_by,0.78,V1-A可用性修复：原创诊断题直接覆盖该核心可测节点。
E2897,Q134,ERR012,evaluated_by,0.74,V1-A可用性修复：该题可识别对应错因。
E2898,T024,Q135,tested_by,0.78,V1-A可用性修复：原创诊断题直接覆盖该核心可测节点。
E2899,Q135,ERR012,evaluated_by,0.74,V1-A可用性修复：该题可识别对应错因。
E2900,T024,Q136,tested_by,0.78,V1-A可用性修复：原创诊断题直接覆盖该核心可测节点。
E2901,Q136,ERR012,evaluated_by,0.74,V1-A可用性修复：该题可识别对应错因。
E2902,T057,Q137,tested_by,0.78,V1-A可用性修复：原创诊断题直接覆盖该核心可测节点。
E2903,Q137,ERR040,evaluated_by,0.74,V1-A可用性修复：该题可识别对应错因。
E2904,T057,Q138,tested_by,0.78,V1-A可用性修复：原创诊断题直接覆盖该核心可测节点。
E2905,Q138,ERR040,evaluated_by,0.74,V1-A可用性修复：该题可识别对应错因。
E2906,T061,Q139,tested_by,0.78,V1-A可用性修复：原创诊断题直接覆盖该核心可测节点。
E2907,Q139,ERR040,evaluated_by,0.74,V1-A可用性修复：该题可识别对应错因。
E2908,T061,Q140,tested_by,0.78,V1-A可用性修复：原创诊断题直接覆盖该核心可测节点。
E2909,Q140,ERR040,evaluated_by,0.74,V1-A可用性修复：该题可识别对应错因。
E2910,T065,Q141,tested_by,0.78,V1-A可用性修复：原创诊断题直接覆盖该核心可测节点。
E2911,Q141,ERR040,evaluated_by,0.74,V1-A可用性修复：该题可识别对应错因。
E2912,T065,Q142,tested_by,0.78,V1-A可用性修复：原创诊断题直接覆盖该核心可测节点。
E2913,Q142,ERR040,evaluated_by,0.74,V1-A可用性修复：该题可识别对应错因。
E2914,T069,Q143,tested_by,0.78,V1-A可用性修复：原创诊断题直接覆盖该核心可测节点。
E2915,Q143,ERR040,evaluated_by,0.74,V1-A可用性修复：该题可识别对应错因。
E2916,T069,Q144,tested_by,0.78,V1-A可用性修复：原创诊断题直接覆盖该核心可测节点。
E2917,Q144,ERR040,evaluated_by,0.74,V1-A可用性修复：该题可识别对应错因。
E2918,T073,Q145,tested_by,0.78,V1-A可用性修复：原创诊断题直接覆盖该核心可测节点。
E2919,Q145,ERR040,evaluated_by,0.74,V1-A可用性修复：该题可识别对应错因。
E2920,T073,Q146,tested_by,0.78,V1-A可用性修复：原创诊断题直接覆盖该核心可测节点。
E2921,Q146,ERR040,evaluated_by,0.74,V1-A可用性修复：该题可识别对应错因。
E2922,T058,Q147,tested_by,0.78,V1-A可用性修复：原创诊断题直接覆盖该核心可测节点。
E2923,Q147,ERR040,evaluated_by,0.74,V1-A可用性修复：该题可识别对应错因。
E2924,T058,Q148,tested_by,0.78,V1-A可用性修复：原创诊断题直接覆盖该核心可测节点。
E2925,Q148,ERR040,evaluated_by,0.74,V1-A可用性修复：该题可识别对应错因。
E2926,T059,Q149,tested_by,0.78,V1-A可用性修复：原创诊断题直接覆盖该核心可测节点。
E2927,Q149,ERR040,evaluated_by,0.74,V1-A可用性修复：该题可识别对应错因。
E2928,T059,Q150,tested_by,0.78,V1-A可用性修复：原创诊断题直接覆盖该核心可测节点。
E2929,Q150,ERR040,evaluated_by,0.74,V1-A可用性修复：该题可识别对应错因。
E2930,T060,Q151,tested_by,0.78,V1-A可用性修复：原创诊断题直接覆盖该核心可测节点。
E2931,Q151,ERR040,evaluated_by,0.74,V1-A可用性修复：该题可识别对应错因。
E2932,T060,Q152,tested_by,0.78,V1-A可用性修复：原创诊断题直接覆盖该核心可测节点。
E2933,Q152,ERR040,evaluated_by,0.74,V1-A可用性修复：该题可识别对应错因。
E2934,T062,Q153,tested_by,0.78,V1-A可用性修复：原创诊断题直接覆盖该核心可测节点。
E2935,Q153,ERR040,evaluated_by,0.74,V1-A可用性修复：该题可识别对应错因。
E2936,T062,Q154,tested_by,0.78,V1-A可用性修复：原创诊断题直接覆盖该核心可测节点。
E2937,Q154,ERR040,evaluated_by,0.74,V1-A可用性修复：该题可识别对应错因。
E2938,T063,Q155,tested_by,0.78,V1-A可用性修复：原创诊断题直接覆盖该核心可测节点。
E2939,Q155,ERR040,evaluated_by,0.74,V1-A可用性修复：该题可识别对应错因。
E2940,T063,Q156,tested_by,0.78,V1-A可用性修复：原创诊断题直接覆盖该核心可测节点。
E2941,Q156,ERR040,evaluated_by,0.74,V1-A可用性修复：该题可识别对应错因。
E2942,T064,Q157,tested_by,0.78,V1-A可用性修复：原创诊断题直接覆盖该核心可测节点。
E2943,Q157,ERR040,evaluated_by,0.74,V1-A可用性修复：该题可识别对应错因。
E2944,T064,Q158,tested_by,0.78,V1-A可用性修复：原创诊断题直接覆盖该核心可测节点。
E2945,Q158,ERR040,evaluated_by,0.74,V1-A可用性修复：该题可识别对应错因。
E2946,T066,Q159,tested_by,0.78,V1-A可用性修复：原创诊断题直接覆盖该核心可测节点。
E2947,Q159,ERR040,evaluated_by,0.74,V1-A可用性修复：该题可识别对应错因。
E2948,T066,Q160,tested_by,0.78,V1-A可用性修复：原创诊断题直接覆盖该核心可测节点。
E2949,Q160,ERR040,evaluated_by,0.74,V1-A可用性修复：该题可识别对应错因。
E2950,ALG041,Q161,tested_by,0.78,V1-A可用性修复：原创诊断题直接覆盖该核心可测节点。
E2951,Q161,ERR023,evaluated_by,0.74,V1-A可用性修复：该题可识别对应错因。
E2952,ALG041,Q162,tested_by,0.78,V1-A可用性修复：原创诊断题直接覆盖该核心可测节点。
E2953,Q162,ERR023,evaluated_by,0.74,V1-A可用性修复：该题可识别对应错因。
E2954,ALG042,Q163,tested_by,0.78,V1-A可用性修复：原创诊断题直接覆盖该核心可测节点。
E2955,Q163,ERR023,evaluated_by,0.74,V1-A可用性修复：该题可识别对应错因。
E2956,ALG042,Q164,tested_by,0.78,V1-A可用性修复：原创诊断题直接覆盖该核心可测节点。
E2957,Q164,ERR023,evaluated_by,0.74,V1-A可用性修复：该题可识别对应错因。
E2958,ALG043,Q165,tested_by,0.78,V1-A可用性修复：原创诊断题直接覆盖该核心可测节点。
E2959,Q165,ERR023,evaluated_by,0.74,V1-A可用性修复：该题可识别对应错因。
E2960,ALG043,Q166,tested_by,0.78,V1-A可用性修复：原创诊断题直接覆盖该核心可测节点。
E2961,Q166,ERR023,evaluated_by,0.74,V1-A可用性修复：该题可识别对应错因。
E2962,ALG044,Q167,tested_by,0.78,V1-A可用性修复：原创诊断题直接覆盖该核心可测节点。
E2963,Q167,ERR023,evaluated_by,0.74,V1-A可用性修复：该题可识别对应错因。
E2964,ALG044,Q168,tested_by,0.78,V1-A可用性修复：原创诊断题直接覆盖该核心可测节点。
E2965,Q168,ERR023,evaluated_by,0.74,V1-A可用性修复：该题可识别对应错因。
E2966,F023,Q169,tested_by,0.78,V1-A可用性修复：原创诊断题直接覆盖该核心可测节点。
E2967,Q169,ERR023,evaluated_by,0.74,V1-A可用性修复：该题可识别对应错因。
E2968,F023,Q170,tested_by,0.78,V1-A可用性修复：原创诊断题直接覆盖该核心可测节点。
E2969,Q170,ERR023,evaluated_by,0.74,V1-A可用性修复：该题可识别对应错因。
E2970,F024,Q171,tested_by,0.78,V1-A可用性修复：原创诊断题直接覆盖该核心可测节点。
E2971,Q171,ERR023,evaluated_by,0.74,V1-A可用性修复：该题可识别对应错因。
E2972,F024,Q172,tested_by,0.78,V1-A可用性修复：原创诊断题直接覆盖该核心可测节点。
E2973,Q172,ERR023,evaluated_by,0.74,V1-A可用性修复：该题可识别对应错因。
E2974,F025,Q173,tested_by,0.78,V1-A可用性修复：原创诊断题直接覆盖该核心可测节点。
E2975,Q173,ERR023,evaluated_by,0.74,V1-A可用性修复：该题可识别对应错因。
E2976,F025,Q174,tested_by,0.78,V1-A可用性修复：原创诊断题直接覆盖该核心可测节点。
E2977,Q174,ERR023,evaluated_by,0.74,V1-A可用性修复：该题可识别对应错因。
E2978,F026,Q175,tested_by,0.78,V1-A可用性修复：原创诊断题直接覆盖该核心可测节点。
E2979,Q175,ERR023,evaluated_by,0.74,V1-A可用性修复：该题可识别对应错因。
E2980,F026,Q176,tested_by,0.78,V1-A可用性修复：原创诊断题直接覆盖该核心可测节点。
E2981,Q176,ERR023,evaluated_by,0.74,V1-A可用性修复：该题可识别对应错因。
E2982,THM014,Q177,tested_by,0.78,V1-A可用性修复：原创诊断题直接覆盖该核心可测节点。
E2983,Q177,ERR023,evaluated_by,0.74,V1-A可用性修复：该题可识别对应错因。
E2984,THM014,Q178,tested_by,0.78,V1-A可用性修复：原创诊断题直接覆盖该核心可测节点。
E2985,Q178,ERR023,evaluated_by,0.74,V1-A可用性修复：该题可识别对应错因。
E2986,T211,Q179,tested_by,0.78,V1-A可用性修复：原创诊断题直接覆盖该核心可测节点。
E2987,Q179,ERR023,evaluated_by,0.74,V1-A可用性修复：该题可识别对应错因。
E2988,T211,Q180,tested_by,0.78,V1-A可用性修复：原创诊断题直接覆盖该核心可测节点。
E2989,Q180,ERR023,evaluated_by,0.74,V1-A可用性修复：该题可识别对应错因。
E2990,T215,Q181,tested_by,0.78,V1-A可用性修复：原创诊断题直接覆盖该核心可测节点。
E2991,Q181,ERR023,evaluated_by,0.74,V1-A可用性修复：该题可识别对应错因。
E2992,T215,Q182,tested_by,0.78,V1-A可用性修复：原创诊断题直接覆盖该核心可测节点。
E2993,Q182,ERR023,evaluated_by,0.74,V1-A可用性修复：该题可识别对应错因。
E2994,T219,Q183,tested_by,0.78,V1-A可用性修复：原创诊断题直接覆盖该核心可测节点。
E2995,Q183,ERR023,evaluated_by,0.74,V1-A可用性修复：该题可识别对应错因。
E2996,T219,Q184,tested_by,0.78,V1-A可用性修复：原创诊断题直接覆盖该核心可测节点。
E2997,Q184,ERR023,evaluated_by,0.74,V1-A可用性修复：该题可识别对应错因。
E2998,ALG063,Q185,tested_by,0.78,V1-A可用性修复：原创诊断题直接覆盖该核心可测节点。
E2999,Q185,ERR031,evaluated_by,0.74,V1-A可用性修复：该题可识别对应错因。
E3000,ALG063,Q186,tested_by,0.78,V1-A可用性修复：原创诊断题直接覆盖该核心可测节点。
E3001,Q186,ERR031,evaluated_by,0.74,V1-A可用性修复：该题可识别对应错因。
E3002,ALG064,Q187,tested_by,0.78,V1-A可用性修复：原创诊断题直接覆盖该核心可测节点。
E3003,Q187,ERR031,evaluated_by,0.74,V1-A可用性修复：该题可识别对应错因。
E3004,ALG064,Q188,tested_by,0.78,V1-A可用性修复：原创诊断题直接覆盖该核心可测节点。
E3005,Q188,ERR031,evaluated_by,0.74,V1-A可用性修复：该题可识别对应错因。
E3006,ALG065,Q189,tested_by,0.78,V1-A可用性修复：原创诊断题直接覆盖该核心可测节点。
E3007,Q189,ERR031,evaluated_by,0.74,V1-A可用性修复：该题可识别对应错因。
E3008,ALG065,Q190,tested_by,0.78,V1-A可用性修复：原创诊断题直接覆盖该核心可测节点。
E3009,Q190,ERR031,evaluated_by,0.74,V1-A可用性修复：该题可识别对应错因。
E3010,ALG066,Q191,tested_by,0.78,V1-A可用性修复：原创诊断题直接覆盖该核心可测节点。
E3011,Q191,ERR031,evaluated_by,0.74,V1-A可用性修复：该题可识别对应错因。
E3012,ALG066,Q192,tested_by,0.78,V1-A可用性修复：原创诊断题直接覆盖该核心可测节点。
E3013,Q192,ERR031,evaluated_by,0.74,V1-A可用性修复：该题可识别对应错因。
E3014,F040,Q193,tested_by,0.78,V1-A可用性修复：原创诊断题直接覆盖该核心可测节点。
E3015,Q193,ERR031,evaluated_by,0.74,V1-A可用性修复：该题可识别对应错因。
E3016,F040,Q194,tested_by,0.78,V1-A可用性修复：原创诊断题直接覆盖该核心可测节点。
E3017,Q194,ERR031,evaluated_by,0.74,V1-A可用性修复：该题可识别对应错因。
E3018,F041,Q195,tested_by,0.78,V1-A可用性修复：原创诊断题直接覆盖该核心可测节点。
E3019,Q195,ERR031,evaluated_by,0.74,V1-A可用性修复：该题可识别对应错因。
E3020,F041,Q196,tested_by,0.78,V1-A可用性修复：原创诊断题直接覆盖该核心可测节点。
E3021,Q196,ERR031,evaluated_by,0.74,V1-A可用性修复：该题可识别对应错因。
E3022,T282,Q197,tested_by,0.78,V1-A可用性修复：原创诊断题直接覆盖该核心可测节点。
E3023,Q197,ERR031,evaluated_by,0.74,V1-A可用性修复：该题可识别对应错因。
E3024,T282,Q198,tested_by,0.78,V1-A可用性修复：原创诊断题直接覆盖该核心可测节点。
E3025,Q198,ERR031,evaluated_by,0.74,V1-A可用性修复：该题可识别对应错因。
E3026,T286,Q199,tested_by,0.78,V1-A可用性修复：原创诊断题直接覆盖该核心可测节点。
E3027,Q199,ERR031,evaluated_by,0.74,V1-A可用性修复：该题可识别对应错因。
E3028,T286,Q200,tested_by,0.78,V1-A可用性修复：原创诊断题直接覆盖该核心可测节点。
E3029,Q200,ERR031,evaluated_by,0.74,V1-A可用性修复：该题可识别对应错因。
E3030,T290,Q201,tested_by,0.78,V1-A可用性修复：原创诊断题直接覆盖该核心可测节点。
E3031,Q201,ERR031,evaluated_by,0.74,V1-A可用性修复：该题可识别对应错因。
E3032,T290,Q202,tested_by,0.78,V1-A可用性修复：原创诊断题直接覆盖该核心可测节点。
E3033,Q202,ERR031,evaluated_by,0.74,V1-A可用性修复：该题可识别对应错因。
E3034,T294,Q203,tested_by,0.78,V1-A可用性修复：原创诊断题直接覆盖该核心可测节点。
E3035,Q203,ERR031,evaluated_by,0.74,V1-A可用性修复：该题可识别对应错因。
E3036,T294,Q204,tested_by,0.78,V1-A可用性修复：原创诊断题直接覆盖该核心可测节点。
E3037,Q204,ERR031,evaluated_by,0.74,V1-A可用性修复：该题可识别对应错因。
E3038,T298,Q205,tested_by,0.78,V1-A可用性修复：原创诊断题直接覆盖该核心可测节点。
E3039,Q205,ERR031,evaluated_by,0.74,V1-A可用性修复：该题可识别对应错因。
E3040,T298,Q206,tested_by,0.78,V1-A可用性修复：原创诊断题直接覆盖该核心可测节点。
E3041,Q206,ERR031,evaluated_by,0.74,V1-A可用性修复：该题可识别对应错因。
E3042,T283,Q207,tested_by,0.78,V1-A可用性修复：原创诊断题直接覆盖该核心可测节点。
E3043,Q207,ERR031,evaluated_by,0.74,V1-A可用性修复：该题可识别对应错因。
E3044,T283,Q208,tested_by,0.78,V1-A可用性修复：原创诊断题直接覆盖该核心可测节点。
E3045,Q208,ERR031,evaluated_by,0.74,V1-A可用性修复：该题可识别对应错因。
E3046,ALG067,Q209,tested_by,0.78,V1-A可用性修复：原创诊断题直接覆盖该核心可测节点。
E3047,Q209,ERR032,evaluated_by,0.74,V1-A可用性修复：该题可识别对应错因。
E3048,ALG067,Q210,tested_by,0.78,V1-A可用性修复：原创诊断题直接覆盖该核心可测节点。
E3049,Q210,ERR032,evaluated_by,0.74,V1-A可用性修复：该题可识别对应错因。
E3050,ALG068,Q211,tested_by,0.78,V1-A可用性修复：原创诊断题直接覆盖该核心可测节点。
E3051,Q211,ERR032,evaluated_by,0.74,V1-A可用性修复：该题可识别对应错因。
E3052,ALG068,Q212,tested_by,0.78,V1-A可用性修复：原创诊断题直接覆盖该核心可测节点。
E3053,Q212,ERR032,evaluated_by,0.74,V1-A可用性修复：该题可识别对应错因。
E3054,ALG069,Q213,tested_by,0.78,V1-A可用性修复：原创诊断题直接覆盖该核心可测节点。
E3055,Q213,ERR032,evaluated_by,0.74,V1-A可用性修复：该题可识别对应错因。
E3056,ALG069,Q214,tested_by,0.78,V1-A可用性修复：原创诊断题直接覆盖该核心可测节点。
E3057,Q214,ERR032,evaluated_by,0.74,V1-A可用性修复：该题可识别对应错因。
E3058,ALG070,Q215,tested_by,0.78,V1-A可用性修复：原创诊断题直接覆盖该核心可测节点。
E3059,Q215,ERR032,evaluated_by,0.74,V1-A可用性修复：该题可识别对应错因。
E3060,ALG070,Q216,tested_by,0.78,V1-A可用性修复：原创诊断题直接覆盖该核心可测节点。
E3061,Q216,ERR032,evaluated_by,0.74,V1-A可用性修复：该题可识别对应错因。
E3062,ALG071,Q217,tested_by,0.78,V1-A可用性修复：原创诊断题直接覆盖该核心可测节点。
E3063,Q217,ERR032,evaluated_by,0.74,V1-A可用性修复：该题可识别对应错因。
E3064,ALG071,Q218,tested_by,0.78,V1-A可用性修复：原创诊断题直接覆盖该核心可测节点。
E3065,Q218,ERR032,evaluated_by,0.74,V1-A可用性修复：该题可识别对应错因。
E3066,ALG072,Q219,tested_by,0.78,V1-A可用性修复：原创诊断题直接覆盖该核心可测节点。
E3067,Q219,ERR032,evaluated_by,0.74,V1-A可用性修复：该题可识别对应错因。
E3068,ALG072,Q220,tested_by,0.78,V1-A可用性修复：原创诊断题直接覆盖该核心可测节点。
E3069,Q220,ERR032,evaluated_by,0.74,V1-A可用性修复：该题可识别对应错因。
E3070,ALG073,Q221,tested_by,0.78,V1-A可用性修复：原创诊断题直接覆盖该核心可测节点。
E3071,Q221,ERR032,evaluated_by,0.74,V1-A可用性修复：该题可识别对应错因。
E3072,ALG073,Q222,tested_by,0.78,V1-A可用性修复：原创诊断题直接覆盖该核心可测节点。
E3073,Q222,ERR032,evaluated_by,0.74,V1-A可用性修复：该题可识别对应错因。
E3074,F042,Q223,tested_by,0.78,V1-A可用性修复：原创诊断题直接覆盖该核心可测节点。
E3075,Q223,ERR032,evaluated_by,0.74,V1-A可用性修复：该题可识别对应错因。
E3076,F042,Q224,tested_by,0.78,V1-A可用性修复：原创诊断题直接覆盖该核心可测节点。
E3077,Q224,ERR032,evaluated_by,0.74,V1-A可用性修复：该题可识别对应错因。
E3078,F043,Q225,tested_by,0.78,V1-A可用性修复：原创诊断题直接覆盖该核心可测节点。
E3079,Q225,ERR032,evaluated_by,0.74,V1-A可用性修复：该题可识别对应错因。
E3080,F043,Q226,tested_by,0.78,V1-A可用性修复：原创诊断题直接覆盖该核心可测节点。
E3081,Q226,ERR032,evaluated_by,0.74,V1-A可用性修复：该题可识别对应错因。
E3082,F044,Q227,tested_by,0.78,V1-A可用性修复：原创诊断题直接覆盖该核心可测节点。
E3083,Q227,ERR032,evaluated_by,0.74,V1-A可用性修复：该题可识别对应错因。
E3084,F044,Q228,tested_by,0.78,V1-A可用性修复：原创诊断题直接覆盖该核心可测节点。
E3085,Q228,ERR032,evaluated_by,0.74,V1-A可用性修复：该题可识别对应错因。
E3086,F045,Q229,tested_by,0.78,V1-A可用性修复：原创诊断题直接覆盖该核心可测节点。
E3087,Q229,ERR032,evaluated_by,0.74,V1-A可用性修复：该题可识别对应错因。
E3088,F045,Q230,tested_by,0.78,V1-A可用性修复：原创诊断题直接覆盖该核心可测节点。
E3089,Q230,ERR032,evaluated_by,0.74,V1-A可用性修复：该题可识别对应错因。
E3090,THM007,Q231,tested_by,0.78,V1-A可用性修复：原创诊断题直接覆盖该核心可测节点。
E3091,Q231,ERR032,evaluated_by,0.74,V1-A可用性修复：该题可识别对应错因。
E3092,THM007,Q232,tested_by,0.78,V1-A可用性修复：原创诊断题直接覆盖该核心可测节点。
E3093,Q232,ERR032,evaluated_by,0.74,V1-A可用性修复：该题可识别对应错因。
E3094,T409,Q233,tested_by,0.78,V1-A可用性修复：原创诊断题直接覆盖该核心可测节点。
E3095,Q233,ERR040,evaluated_by,0.74,V1-A可用性修复：该题可识别对应错因。
E3096,T409,Q234,tested_by,0.78,V1-A可用性修复：原创诊断题直接覆盖该核心可测节点。
E3097,Q234,ERR040,evaluated_by,0.74,V1-A可用性修复：该题可识别对应错因。
E3098,T413,Q235,tested_by,0.78,V1-A可用性修复：原创诊断题直接覆盖该核心可测节点。
E3099,Q235,ERR040,evaluated_by,0.74,V1-A可用性修复：该题可识别对应错因。
E3100,T413,Q236,tested_by,0.78,V1-A可用性修复：原创诊断题直接覆盖该核心可测节点。
E3101,Q236,ERR040,evaluated_by,0.74,V1-A可用性修复：该题可识别对应错因。
E3102,T417,Q237,tested_by,0.78,V1-A可用性修复：原创诊断题直接覆盖该核心可测节点。
E3103,Q237,ERR040,evaluated_by,0.74,V1-A可用性修复：该题可识别对应错因。
E3104,T417,Q238,tested_by,0.78,V1-A可用性修复：原创诊断题直接覆盖该核心可测节点。
E3105,Q238,ERR040,evaluated_by,0.74,V1-A可用性修复：该题可识别对应错因。
E3106,T421,Q239,tested_by,0.78,V1-A可用性修复：原创诊断题直接覆盖该核心可测节点。
E3107,Q239,ERR040,evaluated_by,0.74,V1-A可用性修复：该题可识别对应错因。
E3108,T421,Q240,tested_by,0.78,V1-A可用性修复：原创诊断题直接覆盖该核心可测节点。
E3109,Q240,ERR040,evaluated_by,0.74,V1-A可用性修复：该题可识别对应错因。
E3110,T425,Q241,tested_by,0.78,V1-A可用性修复：原创诊断题直接覆盖该核心可测节点。
E3111,Q241,ERR040,evaluated_by,0.74,V1-A可用性修复：该题可识别对应错因。
E3112,T425,Q242,tested_by,0.78,V1-A可用性修复：原创诊断题直接覆盖该核心可测节点。
E3113,Q242,ERR040,evaluated_by,0.74,V1-A可用性修复：该题可识别对应错因。
E3114,T410,Q243,tested_by,0.78,V1-A可用性修复：原创诊断题直接覆盖该核心可测节点。
E3115,Q243,ERR040,evaluated_by,0.74,V1-A可用性修复：该题可识别对应错因。
E3116,T410,Q244,tested_by,0.78,V1-A可用性修复：原创诊断题直接覆盖该核心可测节点。
E3117,Q244,ERR040,evaluated_by,0.74,V1-A可用性修复：该题可识别对应错因。
E3118,T411,Q245,tested_by,0.78,V1-A可用性修复：原创诊断题直接覆盖该核心可测节点。
E3119,Q245,ERR040,evaluated_by,0.74,V1-A可用性修复：该题可识别对应错因。
E3120,T411,Q246,tested_by,0.78,V1-A可用性修复：原创诊断题直接覆盖该核心可测节点。
E3121,Q246,ERR040,evaluated_by,0.74,V1-A可用性修复：该题可识别对应错因。
E3122,T412,Q247,tested_by,0.78,V1-A可用性修复：原创诊断题直接覆盖该核心可测节点。
E3123,Q247,ERR040,evaluated_by,0.74,V1-A可用性修复：该题可识别对应错因。
E3124,T412,Q248,tested_by,0.78,V1-A可用性修复：原创诊断题直接覆盖该核心可测节点。
E3125,Q248,ERR040,evaluated_by,0.74,V1-A可用性修复：该题可识别对应错因。
E3126,T414,Q249,tested_by,0.78,V1-A可用性修复：原创诊断题直接覆盖该核心可测节点。
E3127,Q249,ERR040,evaluated_by,0.74,V1-A可用性修复：该题可识别对应错因。
E3128,T414,Q250,tested_by,0.78,V1-A可用性修复：原创诊断题直接覆盖该核心可测节点。
E3129,Q250,ERR040,evaluated_by,0.74,V1-A可用性修复：该题可识别对应错因。
E3130,T415,Q251,tested_by,0.78,V1-A可用性修复：原创诊断题直接覆盖该核心可测节点。
E3131,Q251,ERR040,evaluated_by,0.74,V1-A可用性修复：该题可识别对应错因。
E3132,T415,Q252,tested_by,0.78,V1-A可用性修复：原创诊断题直接覆盖该核心可测节点。
E3133,Q252,ERR040,evaluated_by,0.74,V1-A可用性修复：该题可识别对应错因。
E3134,T416,Q253,tested_by,0.78,V1-A可用性修复：原创诊断题直接覆盖该核心可测节点。
E3135,Q253,ERR040,evaluated_by,0.74,V1-A可用性修复：该题可识别对应错因。
E3136,T416,Q254,tested_by,0.78,V1-A可用性修复：原创诊断题直接覆盖该核心可测节点。
E3137,Q254,ERR040,evaluated_by,0.74,V1-A可用性修复：该题可识别对应错因。
E3138,T418,Q255,tested_by,0.78,V1-A可用性修复：原创诊断题直接覆盖该核心可测节点。
E3139,Q255,ERR040,evaluated_by,0.74,V1-A可用性修复：该题可识别对应错因。
E3140,T418,Q256,tested_by,0.78,V1-A可用性修复：原创诊断题直接覆盖该核心可测节点。
E3141,Q256,ERR040,evaluated_by,0.74,V1-A可用性修复：该题可识别对应错因。
E3142,T389,Q257,tested_by,0.78,V1-A可用性修复：原创诊断题直接覆盖该核心可测节点。
E3143,Q257,ERR040,evaluated_by,0.74,V1-A可用性修复：该题可识别对应错因。
E3144,T389,Q258,tested_by,0.78,V1-A可用性修复：原创诊断题直接覆盖该核心可测节点。
E3145,Q258,ERR040,evaluated_by,0.74,V1-A可用性修复：该题可识别对应错因。
E3146,T393,Q259,tested_by,0.78,V1-A可用性修复：原创诊断题直接覆盖该核心可测节点。
E3147,Q259,ERR040,evaluated_by,0.74,V1-A可用性修复：该题可识别对应错因。
E3148,T393,Q260,tested_by,0.78,V1-A可用性修复：原创诊断题直接覆盖该核心可测节点。
E3149,Q260,ERR040,evaluated_by,0.74,V1-A可用性修复：该题可识别对应错因。
E3150,T397,Q261,tested_by,0.78,V1-A可用性修复：原创诊断题直接覆盖该核心可测节点。
E3151,Q261,ERR040,evaluated_by,0.74,V1-A可用性修复：该题可识别对应错因。
E3152,T397,Q262,tested_by,0.78,V1-A可用性修复：原创诊断题直接覆盖该核心可测节点。
E3153,Q262,ERR040,evaluated_by,0.74,V1-A可用性修复：该题可识别对应错因。
E3154,T401,Q263,tested_by,0.78,V1-A可用性修复：原创诊断题直接覆盖该核心可测节点。
E3155,Q263,ERR040,evaluated_by,0.74,V1-A可用性修复：该题可识别对应错因。
E3156,T401,Q264,tested_by,0.78,V1-A可用性修复：原创诊断题直接覆盖该核心可测节点。
E3157,Q264,ERR040,evaluated_by,0.74,V1-A可用性修复：该题可识别对应错因。
E3158,T405,Q265,tested_by,0.78,V1-A可用性修复：原创诊断题直接覆盖该核心可测节点。
E3159,Q265,ERR040,evaluated_by,0.74,V1-A可用性修复：该题可识别对应错因。
E3160,T405,Q266,tested_by,0.78,V1-A可用性修复：原创诊断题直接覆盖该核心可测节点。
E3161,Q266,ERR040,evaluated_by,0.74,V1-A可用性修复：该题可识别对应错因。
E3162,T390,Q267,tested_by,0.78,V1-A可用性修复：原创诊断题直接覆盖该核心可测节点。
E3163,Q267,ERR040,evaluated_by,0.74,V1-A可用性修复：该题可识别对应错因。
E3164,T390,Q268,tested_by,0.78,V1-A可用性修复：原创诊断题直接覆盖该核心可测节点。
E3165,Q268,ERR040,evaluated_by,0.74,V1-A可用性修复：该题可识别对应错因。
E3166,T391,Q269,tested_by,0.78,V1-A可用性修复：原创诊断题直接覆盖该核心可测节点。
E3167,Q269,ERR040,evaluated_by,0.74,V1-A可用性修复：该题可识别对应错因。
E3168,T391,Q270,tested_by,0.78,V1-A可用性修复：原创诊断题直接覆盖该核心可测节点。
E3169,Q270,ERR040,evaluated_by,0.74,V1-A可用性修复：该题可识别对应错因。
E3170,T392,Q271,tested_by,0.78,V1-A可用性修复：原创诊断题直接覆盖该核心可测节点。
E3171,Q271,ERR040,evaluated_by,0.74,V1-A可用性修复：该题可识别对应错因。
E3172,T392,Q272,tested_by,0.78,V1-A可用性修复：原创诊断题直接覆盖该核心可测节点。
E3173,Q272,ERR040,evaluated_by,0.74,V1-A可用性修复：该题可识别对应错因。
E3174,T394,Q273,tested_by,0.78,V1-A可用性修复：原创诊断题直接覆盖该核心可测节点。
E3175,Q273,ERR040,evaluated_by,0.74,V1-A可用性修复：该题可识别对应错因。
E3176,T394,Q274,tested_by,0.78,V1-A可用性修复：原创诊断题直接覆盖该核心可测节点。
E3177,Q274,ERR040,evaluated_by,0.74,V1-A可用性修复：该题可识别对应错因。
E3178,T395,Q275,tested_by,0.78,V1-A可用性修复：原创诊断题直接覆盖该核心可测节点。
E3179,Q275,ERR040,evaluated_by,0.74,V1-A可用性修复：该题可识别对应错因。
E3180,T395,Q276,tested_by,0.78,V1-A可用性修复：原创诊断题直接覆盖该核心可测节点。
E3181,Q276,ERR040,evaluated_by,0.74,V1-A可用性修复：该题可识别对应错因。
E3182,T396,Q277,tested_by,0.78,V1-A可用性修复：原创诊断题直接覆盖该核心可测节点。
E3183,Q277,ERR040,evaluated_by,0.74,V1-A可用性修复：该题可识别对应错因。
E3184,T396,Q278,tested_by,0.78,V1-A可用性修复：原创诊断题直接覆盖该核心可测节点。
E3185,Q278,ERR040,evaluated_by,0.74,V1-A可用性修复：该题可识别对应错因。
E3186,T398,Q279,tested_by,0.78,V1-A可用性修复：原创诊断题直接覆盖该核心可测节点。
E3187,Q279,ERR040,evaluated_by,0.74,V1-A可用性修复：该题可识别对应错因。
E3188,T398,Q280,tested_by,0.78,V1-A可用性修复：原创诊断题直接覆盖该核心可测节点。
E3189,Q280,ERR040,evaluated_by,0.74,V1-A可用性修复：该题可识别对应错因。
E3190,ALG053,Q281,tested_by,0.78,V1-A可用性修复：原创诊断题直接覆盖该核心可测节点。
E3191,Q281,ERR028,evaluated_by,0.74,V1-A可用性修复：该题可识别对应错因。
E3192,ALG053,Q282,tested_by,0.78,V1-A可用性修复：原创诊断题直接覆盖该核心可测节点。
E3193,Q282,ERR028,evaluated_by,0.74,V1-A可用性修复：该题可识别对应错因。
E3194,ALG054,Q283,tested_by,0.78,V1-A可用性修复：原创诊断题直接覆盖该核心可测节点。
E3195,Q283,ERR028,evaluated_by,0.74,V1-A可用性修复：该题可识别对应错因。
E3196,ALG054,Q284,tested_by,0.78,V1-A可用性修复：原创诊断题直接覆盖该核心可测节点。
E3197,Q284,ERR028,evaluated_by,0.74,V1-A可用性修复：该题可识别对应错因。
E3198,ALG055,Q285,tested_by,0.78,V1-A可用性修复：原创诊断题直接覆盖该核心可测节点。
E3199,Q285,ERR028,evaluated_by,0.74,V1-A可用性修复：该题可识别对应错因。
E3200,ALG055,Q286,tested_by,0.78,V1-A可用性修复：原创诊断题直接覆盖该核心可测节点。
E3201,Q286,ERR028,evaluated_by,0.74,V1-A可用性修复：该题可识别对应错因。
E3202,ALG056,Q287,tested_by,0.78,V1-A可用性修复：原创诊断题直接覆盖该核心可测节点。
E3203,Q287,ERR028,evaluated_by,0.74,V1-A可用性修复：该题可识别对应错因。
E3204,ALG056,Q288,tested_by,0.78,V1-A可用性修复：原创诊断题直接覆盖该核心可测节点。
E3205,Q288,ERR028,evaluated_by,0.74,V1-A可用性修复：该题可识别对应错因。
E3206,T002,T003,strong_prerequisite,0.89,V1-B: 微积分基础到Taylor公式的严格概念链。
E3207,T003,T007,strong_prerequisite,0.89,V1-B: 微积分基础到Taylor公式的严格概念链。
E3208,T003,T004,weak_prerequisite,0.78,V1-B: 一元导数到多元导数对象的理解链。
E3209,T004,T005,weak_prerequisite,0.78,V1-B: 一元导数到多元导数对象的理解链。
E3210,T005,T119,weak_prerequisite,0.78,V1-B: 一元导数到多元导数对象的理解链。
E3211,T004,T006,weak_prerequisite,0.78,V1-B: 二阶导数对象支撑优化Hessian。
E3212,T006,T359,weak_prerequisite,0.78,V1-B: 二阶导数对象支撑优化Hessian。
E3213,T009,T010,weak_prerequisite,0.76,V1-B: 积分概念到数值积分问题的基础链。
E3214,T010,T226,weak_prerequisite,0.76,V1-B: 积分概念到数值积分问题的基础链。
E3215,T077,T080,strong_prerequisite,0.87,V1-B: 误差来源到局部/全局误差分析链。
E3216,T080,T099,strong_prerequisite,0.87,V1-B: 误差来源到局部/全局误差分析链。
E3217,T099,T098,weak_prerequisite,0.87,V1-B: 误差来源到局部/全局误差分析链。 | [AI candidate merge 2026-06-01T16:22:00] judge_final_action=downgrade_to_weak; priority=P1; judge_confidence=0.87; Consensus low-risk downgrade accepted into candidate graph.
E3218,T081,T087,strong_prerequisite,0.87,V1-B: 浮点误差机制链。
E3219,T082,T083,weak_prerequisite,0.78,V1-B: 误差度量到有效数字判断链。
E3220,T083,T085,weak_prerequisite,0.78,V1-B: 误差度量到有效数字判断链。
E3221,T109,T110,strong_prerequisite,0.86,V1-B: 收敛性定性到收敛阶分类链。
E3222,T110,T111,strong_prerequisite,0.86,V1-B: 收敛性定性到收敛阶分类链。
E3223,T111,T112,strong_prerequisite,0.86,V1-B: 收敛性定性到收敛阶分类链。
E3224,T091,T154,strong_prerequisite,0.88,V1-B: 条件数到病态问题诊断链。
E3225,T094,T100,weak_prerequisite,0.76,V1-B: 迭代停止和精度控制链。
E3226,T100,T101,weak_prerequisite,0.76,V1-B: 迭代停止和精度控制链。
E3227,T022,T032,strong_prerequisite,0.89,V1-B: 范数到矩阵条件数定义链。
E3228,T024,T128,strong_prerequisite,0.88,V1-B: 矩阵方程到直接解法链。
E3229,T128,ALG011,strong_prerequisite,0.88,V1-B: 矩阵方程到直接解法链。
E3230,T023,T028,strong_prerequisite,0.88,V1-B: 三角结构到LU分解算法链。
E3231,T028,T131,strong_prerequisite,0.88,V1-B: 三角结构到LU分解算法链。
E3232,T131,ALG014,strong_prerequisite,0.88,V1-B: 三角结构到LU分解算法链。
E3233,THM005,ALG015,strong_prerequisite,0.89,V1-B: SPD条件到Cholesky算法链。
E3234,T034,T139,strong_prerequisite,0.89,V1-B: 特征值/谱半径到迭代收敛判据链。
E3235,T139,T143,strong_prerequisite,0.89,V1-B: 特征值/谱半径到迭代收敛判据链。
E3236,T031,T049,strong_prerequisite,0.86,V1-B: 正交变换到QR最小二乘算法链。
E3237,T049,T045,strong_prerequisite,0.86,V1-B: 正交变换到QR最小二乘算法链。
E3238,T031,T050,weak_prerequisite,0.78,V1-B: Givens变换是QR分解的一种构造方式。
E3239,T050,T045,weak_prerequisite,0.78,V1-B: Givens变换是QR分解的一种构造方式。
E3240,T038,T039,strong_prerequisite,0.87,V1-B: 奇异值到SVD求解最小二乘链。
E3241,T039,F045,weak_prerequisite,0.87,V1-B: 奇异值到SVD求解最小二乘链。 | [AI candidate merge 2026-06-01T16:22:00] judge_final_action=downgrade_to_weak; priority=P1; judge_confidence=0.87; Consensus low-risk downgrade accepted into candidate graph.
E3242,F045,ALG036,weak_prerequisite,0.87,V1-B: 奇异值到SVD求解最小二乘链。 | [AI candidate merge 2026-06-01T16:22:00] judge_final_action=downgrade_to_weak; priority=P1; judge_confidence=0.87; Consensus low-risk downgrade accepted into candidate graph.
E3243,T129,T130,strong_prerequisite,0.87,V1-B: 消元稳定性到列主元算法链。
E3244,T130,ALG012,strong_prerequisite,0.87,V1-B: 消元稳定性到列主元算法链。
E3245,T132,T133,weak_prerequisite,0.78,V1-B: LUP分解解释列主元消元实现。
E3246,T133,ALG012,weak_prerequisite,0.78,V1-B: LUP分解解释列主元消元实现。
E3247,T138,T140,strong_prerequisite,0.87,V1-B: 定常迭代框架到Jacobi算法链。
E3248,T140,ALG017,weak_prerequisite,0.87,V1-B: 定常迭代框架到Jacobi算法链。 | [AI candidate merge 2026-06-01T16:22:00] judge_final_action=downgrade_to_weak; priority=P1; judge_confidence=0.87; Consensus low-risk downgrade accepted into candidate graph.
E3249,T138,T141,strong_prerequisite,0.87,V1-B: 定常迭代框架到Gauss-Seidel算法链。
E3250,T141,ALG018,strong_prerequisite,0.87,V1-B: 定常迭代框架到Gauss-Seidel算法链。
E3251,ALG018,T142,strong_prerequisite,0.86,V1-B: SOR是在Gauss-Seidel基础上加入松弛因子。
E3252,T142,ALG019,strong_prerequisite,0.86,V1-B: SOR是在Gauss-Seidel基础上加入松弛因子。
E3253,T029,T150,strong_prerequisite,0.88,V1-B: CG依赖SPD条件和共轭方向思想。
E3254,T150,ALG021,strong_prerequisite,0.88,V1-B: CG依赖SPD条件和共轭方向思想。
E3255,T148,ALG025,weak_prerequisite,0.79,V1-B: 预条件用于改善CG收敛表现。
E3256,T051,T149,strong_prerequisite,0.86,V1-B: GMRES属于Krylov子空间方法。
E3257,T149,ALG022,strong_prerequisite,0.86,V1-B: GMRES属于Krylov子空间方法。
E3258,THM002,T104,strong_prerequisite,0.89,V1-B: 二分法依赖连续性、介值定理和根区间。
E3259,T104,ALG001,strong_prerequisite,0.89,V1-B: 二分法依赖连续性、介值定理和根区间。
E3260,T106,T107,strong_prerequisite,0.88,V1-B: 不动点迭代依赖不动点方程和压缩映射条件。
E3261,T107,ALG002,strong_prerequisite,0.88,V1-B: 不动点迭代依赖不动点方程和压缩映射条件。
E3262,T103,T113,strong_prerequisite,0.88,V1-B: Newton求根从非线性方程和切线线性化得到。
E3263,T113,ALG003,strong_prerequisite,0.88,V1-B: Newton求根从非线性方程和切线线性化得到。
E3264,THM003,ALG003,weak_prerequisite,0.87,V1-B: Newton局部收敛分析依赖Taylor公式。 | [AI candidate merge 2026-06-01T16:22:00] judge_final_action=downgrade_to_weak; priority=P1; judge_confidence=0.87; Consensus low-risk downgrade accepted into candidate graph.
E3265,T112,ALG003,weak_prerequisite,0.77,V1-B: 二次收敛用于理解Newton法优势。
E3266,T116,ALG005,weak_prerequisite,0.87,V1-B: 弦截法用割线斜率替代导数。 | [AI candidate merge 2026-06-01T16:22:00] judge_final_action=downgrade_to_weak; priority=P1; judge_confidence=0.87; Consensus low-risk downgrade accepted into candidate graph.
E3267,T115,ALG003,weak_prerequisite,0.76,V1-B: 多重根影响Newton法收敛阶。
E3268,T119,T120,strong_prerequisite,0.88,V1-B: 方程组Newton法依赖Jacobian和修正方程。
E3269,T120,ALG008,strong_prerequisite,0.88,V1-B: 方程组Newton法依赖Jacobian和修正方程。
E3270,T121,ALG004,weak_prerequisite,0.78,V1-B: 阻尼策略用于改善Newton法全局性。
E3271,T158,T159,strong_prerequisite,0.88,V1-B: 插值问题到唯一性定理的基础链。
E3272,T159,T160,strong_prerequisite,0.88,V1-B: 插值问题到唯一性定理的基础链。
E3273,T160,THM009,strong_prerequisite,0.88,V1-B: 插值问题到唯一性定理的基础链。
E3274,T161,T162,strong_prerequisite,0.89,V1-B: Lagrange插值由基函数和公式构造。
E3275,T162,F012,strong_prerequisite,0.89,V1-B: Lagrange插值由基函数和公式构造。
E3276,F012,ALG026,strong_prerequisite,0.89,V1-B: Lagrange插值由基函数和公式构造。
E3277,T212,T163,strong_prerequisite,0.89,V1-B: Newton插值由差商/均差递推构造。
E3278,T163,F014,strong_prerequisite,0.89,V1-B: Newton插值由差商/均差递推构造。
E3279,F014,F015,strong_prerequisite,0.89,V1-B: Newton插值由差商/均差递推构造。
E3280,F015,ALG027,strong_prerequisite,0.89,V1-B: Newton插值由差商/均差递推构造。
E3281,T165,T166,strong_prerequisite,0.88,V1-B: Hermite插值依赖重节点和导数匹配条件。
E3282,T169,T170,strong_prerequisite,0.86,V1-B: 分段线性算法是分段插值的基础实现。
E3283,T170,ALG031,strong_prerequisite,0.86,V1-B: 分段线性算法是分段插值的基础实现。
E3284,T169,T172,strong_prerequisite,0.88,V1-B: 三次样条依赖分段多项式和光滑连续条件。
E3285,T172,F017,strong_prerequisite,0.88,V1-B: 三次样条依赖分段多项式和光滑连续条件。
E3286,F017,ALG032,strong_prerequisite,0.88,V1-B: 三次样条依赖分段多项式和光滑连续条件。
E3287,T176,T177,weak_prerequisite,0.77,V1-B: Chebyshev节点用于缓解高次插值Runge现象。
E3288,T177,T168,weak_prerequisite,0.77,V1-B: Chebyshev节点用于缓解高次插值Runge现象。
E3289,T040,T185,strong_prerequisite,0.87,V1-B: 最小二乘的几何解释依赖内积与正交投影。
E3290,T185,T044,strong_prerequisite,0.87,V1-B: 最小二乘的几何解释依赖内积与正交投影。
E3291,T193,T196,strong_prerequisite,0.89,V1-B: 正规方程最小二乘的推导链。
E3292,T196,T195,strong_prerequisite,0.89,V1-B: 正规方程最小二乘的推导链。
E3293,T195,F019,strong_prerequisite,0.89,V1-B: 正规方程最小二乘的推导链。
E3294,F019,ALG034,strong_prerequisite,0.89,V1-B: 正规方程最小二乘的推导链。
E3295,T194,T198,weak_prerequisite,0.76,V1-B: 拟合模型复杂度影响过拟合。
E3296,T198,T199,weak_prerequisite,0.76,V1-B: 拟合模型复杂度影响过拟合。
E3297,T205,F022,strong_prerequisite,0.87,V1-B: FFT是DFT的快速算法。
E3298,F022,T206,strong_prerequisite,0.87,V1-B: FFT是DFT的快速算法。
E3299,T206,ALG040,strong_prerequisite,0.87,V1-B: FFT是DFT的快速算法。
E3300,F006,T212,strong_prerequisite,0.86,V1-B: 差分公式误差由Taylor公式推导。
E3301,T212,T213,strong_prerequisite,0.86,V1-B: 差分公式误差由Taylor公式推导。
E3302,T213,ALG041,weak_prerequisite,0.86,V1-B: 差分公式误差由Taylor公式推导。 | [AI candidate merge 2026-06-01T16:22:00] judge_final_action=downgrade_to_weak; priority=P1; judge_confidence=0.86; Consensus low-risk downgrade accepted into candidate graph.
E3303,F006,T215,strong_prerequisite,0.87,V1-B: 中心差分公式由Taylor对称展开得到。
E3304,T215,F025,strong_prerequisite,0.87,V1-B: 中心差分公式由Taylor对称展开得到。
E3305,F025,ALG043,weak_prerequisite,0.87,V1-B: 中心差分公式由Taylor对称展开得到。 | [AI candidate merge 2026-06-01T16:22:00] judge_final_action=downgrade_to_weak; priority=P1; judge_confidence=0.87; Consensus low-risk downgrade accepted into candidate graph.
E3306,T217,T218,weak_prerequisite,0.78,V1-B: 数值微分需要平衡截断误差和舍入误差。
E3307,T218,T211,weak_prerequisite,0.78,V1-B: 数值微分需要平衡截断误差和舍入误差。
E3308,T219,ALG044,weak_prerequisite,0.86,V1-B: 外推用于提高差分近似阶数。 | [AI candidate merge 2026-06-01T16:22:00] judge_final_action=downgrade_to_weak; priority=P1; judge_confidence=0.86; Consensus low-risk downgrade accepted into candidate graph.
E3309,T160,T230,strong_prerequisite,0.89,V1-B: Newton-Cotes由插值多项式积分构造。
E3310,T230,T231,strong_prerequisite,0.89,V1-B: Newton-Cotes由插值多项式积分构造。
E3311,T231,ALG047,strong_prerequisite,0.89,V1-B: Newton-Cotes由插值多项式积分构造。
E3312,T232,F030,strong_prerequisite,0.86,V1-B: 梯形求积由一次插值公式构造。
E3313,F030,ALG045,strong_prerequisite,0.86,V1-B: 梯形求积由一次插值公式构造。
E3314,T233,F031,strong_prerequisite,0.86,V1-B: Simpson求积由二次插值公式构造。
E3315,F031,ALG046,strong_prerequisite,0.86,V1-B: Simpson求积由二次插值公式构造。
E3316,T234,T235,strong_prerequisite,0.88,V1-B: Romberg积分基于复化梯形和外推。
E3317,T235,T236,strong_prerequisite,0.88,V1-B: Romberg积分基于复化梯形和外推。
E3318,T236,F032,strong_prerequisite,0.88,V1-B: Romberg积分基于复化梯形和外推。
E3319,F032,ALG049,strong_prerequisite,0.88,V1-B: Romberg积分基于复化梯形和外推。
E3320,T188,T238,strong_prerequisite,0.89,V1-B: Gauss求积由正交多项式零点构造。
E3321,T238,T237,strong_prerequisite,0.89,V1-B: Gauss求积由正交多项式零点构造。
E3322,T237,F033,strong_prerequisite,0.89,V1-B: Gauss求积由正交多项式零点构造。
E3323,F033,ALG050,strong_prerequisite,0.89,V1-B: Gauss求积由正交多项式零点构造。
E3324,T229,THM013,weak_prerequisite,0.78,V1-B: 代数精度用于理解Gauss求积优势。
E3325,THM013,ALG050,weak_prerequisite,0.78,V1-B: 代数精度用于理解Gauss求积优势。
E3326,T011,T252,strong_prerequisite,0.89,V1-B: Euler法是ODE初值问题的基本单步法。
E3327,T252,T253,strong_prerequisite,0.89,V1-B: Euler法是ODE初值问题的基本单步法。
E3328,T253,T254,strong_prerequisite,0.89,V1-B: Euler法是ODE初值问题的基本单步法。
E3329,T260,T261,strong_prerequisite,0.88,V1-B: Runge-Kutta方法通过阶段加权匹配Taylor展开。
E3330,T261,F037,strong_prerequisite,0.88,V1-B: Runge-Kutta方法通过阶段加权匹配Taylor展开。
E3331,F037,ALG057,weak_prerequisite,0.88,V1-B: Runge-Kutta方法通过阶段加权匹配Taylor展开。 | [AI candidate merge 2026-06-01T16:22:00] judge_final_action=downgrade_to_weak; priority=P1; judge_confidence=0.88; Consensus low-risk downgrade accepted into candidate graph.
E3332,T263,T280,strong_prerequisite,0.87,V1-B: ODE误差分析链。
E3333,T265,T266,strong_prerequisite,0.88,V1-B: 刚性ODE常需隐式/BDF方法。
E3334,T266,T257,strong_prerequisite,0.88,V1-B: 刚性ODE常需隐式/BDF方法。
E3335,T257,T273,strong_prerequisite,0.88,V1-B: 刚性ODE常需隐式/BDF方法。
E3336,T273,ALG061,strong_prerequisite,0.88,V1-B: 刚性ODE常需隐式/BDF方法。
E3337,T269,T270,strong_prerequisite,0.87,V1-B: 自适应RK依赖嵌入式方法和误差控制。
E3338,T270,T271,strong_prerequisite,0.87,V1-B: 自适应RK依赖嵌入式方法和误差控制。
E3339,T271,ALG058,strong_prerequisite,0.87,V1-B: 自适应RK依赖嵌入式方法和误差控制。
E3340,T255,T272,strong_prerequisite,0.86,V1-B: Adams-Bashforth属于显式线性多步法。
E3341,T272,ALG059,weak_prerequisite,0.86,V1-B: Adams-Bashforth属于显式线性多步法。 | [AI candidate merge 2026-06-01T16:22:00] judge_final_action=downgrade_to_weak; priority=P1; judge_confidence=0.86; Consensus low-risk downgrade accepted into candidate graph.
E3342,T012,T282,strong_prerequisite,0.88,V1-B: 打靶法将边值问题转化为初值问题求解。
E3343,T282,T284,strong_prerequisite,0.88,V1-B: 打靶法将边值问题转化为初值问题求解。
E3344,T284,ALG063,weak_prerequisite,0.88,V1-B: 打靶法将边值问题转化为初值问题求解。 | [AI candidate merge 2026-06-01T16:22:00] judge_final_action=downgrade_to_weak; priority=P1; judge_confidence=0.88; Consensus low-risk downgrade accepted into candidate graph.
E3345,T282,T287,strong_prerequisite,0.88,V1-B: 边值差分法依赖网格剖分和差分离散。
E3346,T287,T286,strong_prerequisite,0.88,V1-B: 边值差分法依赖网格剖分和差分离散。
E3347,T290,F041,strong_prerequisite,0.87,V1-B: 一维有限元依赖弱形式和刚度矩阵装配。
E3348,F041,ALG066,weak_prerequisite,0.87,V1-B: 一维有限元依赖弱形式和刚度矩阵装配。 | [AI candidate merge 2026-06-01T16:22:00] judge_final_action=downgrade_to_weak; priority=P1; judge_confidence=0.87; Consensus low-risk downgrade accepted into candidate graph.
E3349,T302,T303,strong_prerequisite,0.89,V1-B: 幂法面向主特征值并由收敛因子分析。
E3350,T303,T306,strong_prerequisite,0.89,V1-B: 幂法面向主特征值并由收敛因子分析。
E3351,T306,ALG067,strong_prerequisite,0.89,V1-B: 幂法面向主特征值并由收敛因子分析。
E3352,T308,T307,weak_prerequisite,0.86,V1-B: 反幂法依赖位移和反迭代思想。 | [AI candidate merge 2026-06-01T16:22:00] judge_final_action=downgrade_to_weak; priority=P1; judge_confidence=0.86; Consensus low-risk downgrade accepted into candidate graph.
E3353,T307,ALG068,weak_prerequisite,0.86,V1-B: 反幂法依赖位移和反迭代思想。 | [AI candidate merge 2026-06-01T16:22:00] judge_final_action=downgrade_to_weak; priority=P1; judge_confidence=0.86; Consensus low-risk downgrade accepted into candidate graph.
E3354,T056,F043,strong_prerequisite,0.87,V1-B: Rayleigh商迭代由Rayleigh商公式驱动。
E3355,F043,ALG069,strong_prerequisite,0.87,V1-B: Rayleigh商迭代由Rayleigh商公式驱动。
E3356,T045,T309,strong_prerequisite,0.88,V1-B: QR特征值算法依赖QR分解和迭代公式。
E3357,T309,F044,strong_prerequisite,0.88,V1-B: QR特征值算法依赖QR分解和迭代公式。
E3358,F044,ALG070,strong_prerequisite,0.88,V1-B: QR特征值算法依赖QR分解和迭代公式。
E3359,T048,T310,weak_prerequisite,0.78,V1-B: Hessenberg化提升QR特征值算法效率。
E3360,T310,ALG070,weak_prerequisite,0.78,V1-B: Hessenberg化提升QR特征值算法效率。
E3361,T323,ALG072,strong_prerequisite,0.86,V1-B: Lanczos算法属于Krylov特征子空间方法。
E3362,T058,T059,weak_prerequisite,0.76,V1-B: Python线性代数实现依赖数组结构。
E3363,T065,T421,weak_prerequisite,0.74,V1-B: 数值软件使用需要理解容差和警告。
E3364,T421,T420,weak_prerequisite,0.74,V1-B: 数值软件使用需要理解容差和警告。
E3365,T061,T417,weak_prerequisite,0.74,V1-B: MATLAB特征值计算依赖矩阵语法基础。
E3366,ALG003,ALG004,weak_prerequisite,0.79,V1-B: 掌握标量Newton法后，可继续学习阻尼Newton和方程组Newton。
E3367,ALG004,ALG008,weak_prerequisite,0.79,V1-B: 掌握标量Newton法后，可继续学习阻尼Newton和方程组Newton。
E3368,ALG003,EXP001,weak_prerequisite,0.76,V1-B: Newton求根实验用于巩固算法实现和收敛现象观察。
E3369,ALG008,EXP002,weak_prerequisite,0.76,V1-B: 方程组Newton实验用于验证Jacobian和修正方程实现。
E3370,ALG017,ALG018,weak_prerequisite,0.78,V1-B: 定常迭代法通常按Jacobi、Gauss-Seidel、SOR和实验比较推进。
E3371,ALG018,ALG019,weak_prerequisite,0.78,V1-B: 定常迭代法通常按Jacobi、Gauss-Seidel、SOR和实验比较推进。
E3372,ALG019,EXP005,weak_prerequisite,0.78,V1-B: 定常迭代法通常按Jacobi、Gauss-Seidel、SOR和实验比较推进。
E3373,ALG047,ALG048,weak_prerequisite,0.78,V1-B: Newton-Cotes之后自然进入复化求积、外推和实验比较。
E3374,ALG048,ALG049,weak_prerequisite,0.78,V1-B: Newton-Cotes之后自然进入复化求积、外推和实验比较。
E3375,ALG049,EXP016,weak_prerequisite,0.78,V1-B: Newton-Cotes之后自然进入复化求积、外推和实验比较。
E3376,ALG057,ALG058,weak_prerequisite,0.78,V1-B: RK4之后可学习自适应RK并通过实验观察误差控制。
E3377,ALG058,EXP021,weak_prerequisite,0.78,V1-B: RK4之后可学习自适应RK并通过实验观察误差控制。
E3378,ALG057,EXP019,weak_prerequisite,0.76,V1-B: Euler与RK4实验用于比较阶数、步长和误差行为。
E3379,ALG070,EXP026,weak_prerequisite,0.76,V1-B: QR特征值实验用于观察Hessenberg化和QR迭代收敛。
E3380,M_NONLINEAR_ROOT,ALG091,contains,0.88,V1-C web-supported enrichment: 新增节点归属模块。
E3381,ALG091,M_NONLINEAR_ROOT,belongs_to,0.88,V1-C web-supported enrichment: 新增节点归属模块。
E3382,ALG091,Q289,tested_by,0.74,V1-C原创诊断题直接考查该补充节点。
E3383,Q289,ERR040,evaluated_by,0.70,该题可用于识别实现容差、接口选择或方法适用条件错误。
E3384,M_NONLINEAR_ROOT,ALG092,contains,0.88,V1-C web-supported enrichment: 新增节点归属模块。
E3385,ALG092,M_NONLINEAR_ROOT,belongs_to,0.88,V1-C web-supported enrichment: 新增节点归属模块。
E3386,ALG092,Q290,tested_by,0.74,V1-C原创诊断题直接考查该补充节点。
E3387,Q290,ERR040,evaluated_by,0.70,该题可用于识别实现容差、接口选择或方法适用条件错误。
E3388,M_IMPLEMENTATION,T429,contains,0.88,V1-C web-supported enrichment: 新增节点归属模块。
E3389,T429,M_IMPLEMENTATION,belongs_to,0.88,V1-C web-supported enrichment: 新增节点归属模块。
E3390,T429,Q291,tested_by,0.74,V1-C原创诊断题直接考查该补充节点。
E3391,Q291,ERR040,evaluated_by,0.70,该题可用于识别实现容差、接口选择或方法适用条件错误。
E3392,M_NONLINEAR_ROOT,ALG093,contains,0.88,V1-C web-supported enrichment: 新增节点归属模块。
E3393,ALG093,M_NONLINEAR_ROOT,belongs_to,0.88,V1-C web-supported enrichment: 新增节点归属模块。
E3394,ALG093,Q292,tested_by,0.74,V1-C原创诊断题直接考查该补充节点。
E3395,Q292,ERR040,evaluated_by,0.70,该题可用于识别实现容差、接口选择或方法适用条件错误。
E3396,M_IMPLEMENTATION,T430,contains,0.88,V1-C web-supported enrichment: 新增节点归属模块。
E3397,T430,M_IMPLEMENTATION,belongs_to,0.88,V1-C web-supported enrichment: 新增节点归属模块。
E3398,T430,Q293,tested_by,0.74,V1-C原创诊断题直接考查该补充节点。
E3399,Q293,ERR040,evaluated_by,0.70,该题可用于识别实现容差、接口选择或方法适用条件错误。
E3400,M_ODE_IVP,ALG094,contains,0.88,V1-C web-supported enrichment: 新增节点归属模块。
E3401,ALG094,M_ODE_IVP,belongs_to,0.88,V1-C web-supported enrichment: 新增节点归属模块。
E3402,ALG094,Q294,tested_by,0.74,V1-C原创诊断题直接考查该补充节点。
E3403,Q294,ERR040,evaluated_by,0.70,该题可用于识别实现容差、接口选择或方法适用条件错误。
E3404,M_ODE_IVP,ALG095,contains,0.88,V1-C web-supported enrichment: 新增节点归属模块。
E3405,ALG095,M_ODE_IVP,belongs_to,0.88,V1-C web-supported enrichment: 新增节点归属模块。
E3406,ALG095,Q295,tested_by,0.74,V1-C原创诊断题直接考查该补充节点。
E3407,Q295,ERR040,evaluated_by,0.70,该题可用于识别实现容差、接口选择或方法适用条件错误。
E3408,M_ODE_IVP,ALG096,contains,0.88,V1-C web-supported enrichment: 新增节点归属模块。
E3409,ALG096,M_ODE_IVP,belongs_to,0.88,V1-C web-supported enrichment: 新增节点归属模块。
E3410,ALG096,Q296,tested_by,0.74,V1-C原创诊断题直接考查该补充节点。
E3411,Q296,ERR040,evaluated_by,0.70,该题可用于识别实现容差、接口选择或方法适用条件错误。
E3412,M_ODE_IVP,T431,contains,0.88,V1-C web-supported enrichment: 新增节点归属模块。
E3413,T431,M_ODE_IVP,belongs_to,0.88,V1-C web-supported enrichment: 新增节点归属模块。
E3414,T431,Q297,tested_by,0.74,V1-C原创诊断题直接考查该补充节点。
E3415,Q297,ERR040,evaluated_by,0.70,该题可用于识别实现容差、接口选择或方法适用条件错误。
E3416,M_IMPLEMENTATION,T432,contains,0.88,V1-C web-supported enrichment: 新增节点归属模块。
E3417,T432,M_IMPLEMENTATION,belongs_to,0.88,V1-C web-supported enrichment: 新增节点归属模块。
E3418,T432,Q298,tested_by,0.74,V1-C原创诊断题直接考查该补充节点。
E3419,Q298,ERR040,evaluated_by,0.70,该题可用于识别实现容差、接口选择或方法适用条件错误。
E3420,M_OPTIMIZATION,ALG097,contains,0.88,V1-C web-supported enrichment: 新增节点归属模块。
E3421,ALG097,M_OPTIMIZATION,belongs_to,0.88,V1-C web-supported enrichment: 新增节点归属模块。
E3422,ALG097,Q299,tested_by,0.74,V1-C原创诊断题直接考查该补充节点。
E3423,Q299,ERR040,evaluated_by,0.70,该题可用于识别实现容差、接口选择或方法适用条件错误。
E3424,M_OPTIMIZATION,ALG098,contains,0.88,V1-C web-supported enrichment: 新增节点归属模块。
E3425,ALG098,M_OPTIMIZATION,belongs_to,0.88,V1-C web-supported enrichment: 新增节点归属模块。
E3426,ALG098,Q300,tested_by,0.74,V1-C原创诊断题直接考查该补充节点。
E3427,Q300,ERR040,evaluated_by,0.70,该题可用于识别实现容差、接口选择或方法适用条件错误。
E3428,M_OPTIMIZATION,ALG099,contains,0.88,V1-C web-supported enrichment: 新增节点归属模块。
E3429,ALG099,M_OPTIMIZATION,belongs_to,0.88,V1-C web-supported enrichment: 新增节点归属模块。
E3430,ALG099,Q301,tested_by,0.74,V1-C原创诊断题直接考查该补充节点。
E3431,Q301,ERR040,evaluated_by,0.70,该题可用于识别实现容差、接口选择或方法适用条件错误。
E3432,M_OPTIMIZATION,T433,contains,0.88,V1-C web-supported enrichment: 新增节点归属模块。
E3433,T433,M_OPTIMIZATION,belongs_to,0.88,V1-C web-supported enrichment: 新增节点归属模块。
E3434,T433,Q302,tested_by,0.74,V1-C原创诊断题直接考查该补充节点。
E3435,Q302,ERR040,evaluated_by,0.70,该题可用于识别实现容差、接口选择或方法适用条件错误。
E3436,M_OPTIMIZATION,T434,contains,0.88,V1-C web-supported enrichment: 新增节点归属模块。
E3437,T434,M_OPTIMIZATION,belongs_to,0.88,V1-C web-supported enrichment: 新增节点归属模块。
E3438,T434,Q303,tested_by,0.74,V1-C原创诊断题直接考查该补充节点。
E3439,Q303,ERR040,evaluated_by,0.70,该题可用于识别实现容差、接口选择或方法适用条件错误。
E3440,M_IMPLEMENTATION,T435,contains,0.88,V1-C web-supported enrichment: 新增节点归属模块。
E3441,T435,M_IMPLEMENTATION,belongs_to,0.88,V1-C web-supported enrichment: 新增节点归属模块。
E3442,T435,Q304,tested_by,0.74,V1-C原创诊断题直接考查该补充节点。
E3443,Q304,ERR040,evaluated_by,0.70,该题可用于识别实现容差、接口选择或方法适用条件错误。
E3444,M_LINEAR_SYSTEMS,T436,contains,0.88,V1-C web-supported enrichment: 新增节点归属模块。
E3445,T436,M_LINEAR_SYSTEMS,belongs_to,0.88,V1-C web-supported enrichment: 新增节点归属模块。
E3446,T436,Q305,tested_by,0.74,V1-C原创诊断题直接考查该补充节点。
E3447,Q305,ERR040,evaluated_by,0.70,该题可用于识别实现容差、接口选择或方法适用条件错误。
E3448,M_LINEAR_SYSTEMS,ALG100,contains,0.88,V1-C web-supported enrichment: 新增节点归属模块。
E3449,ALG100,M_LINEAR_SYSTEMS,belongs_to,0.88,V1-C web-supported enrichment: 新增节点归属模块。
E3450,ALG100,Q306,tested_by,0.74,V1-C原创诊断题直接考查该补充节点。
E3451,Q306,ERR040,evaluated_by,0.70,该题可用于识别实现容差、接口选择或方法适用条件错误。
E3452,M_PDE,T437,contains,0.88,V1-C web-supported enrichment: 新增节点归属模块。
E3453,T437,M_PDE,belongs_to,0.88,V1-C web-supported enrichment: 新增节点归属模块。
E3454,T437,Q307,tested_by,0.74,V1-C原创诊断题直接考查该补充节点。
E3455,Q307,ERR040,evaluated_by,0.70,该题可用于识别实现容差、接口选择或方法适用条件错误。
E3456,M_PDE,T438,contains,0.88,V1-C web-supported enrichment: 新增节点归属模块。
E3457,T438,M_PDE,belongs_to,0.88,V1-C web-supported enrichment: 新增节点归属模块。
E3458,T438,Q308,tested_by,0.74,V1-C原创诊断题直接考查该补充节点。
E3459,Q308,ERR040,evaluated_by,0.70,该题可用于识别实现容差、接口选择或方法适用条件错误。
E3460,T105,ALG091,strong_prerequisite,0.86,V1-C web-supported enrichment: Brent类有括区间方法依赖根所在区间及端点符号变化思想。
E3461,T104,ALG091,strong_prerequisite,0.86,V1-C web-supported enrichment: Brent法通常在已知有根区间上使用。
E3462,ALG001,ALG091,weak_prerequisite,0.78,V1-C web-supported enrichment: Brent法保留二分法的稳健括区间思想，并结合插值加速。
E3463,ALG005,ALG091,weak_prerequisite,0.78,V1-C web-supported enrichment: Brent法与割线/插值思想相关，适合作为后续比较。
E3464,T105,ALG092,weak_prerequisite,0.84,V1-C web-supported enrichment: Ridder法属于有括区间标量求根方法。 | [AI candidate merge 2026-06-01T16:22:00] judge_final_action=downgrade_to_weak; priority=P1; judge_confidence=0.84; Consensus low-risk downgrade accepted into candidate graph.
E3465,T104,ALG092,weak_prerequisite,0.84,V1-C web-supported enrichment: Ridder法需要先确定包含根的区间。 | [AI candidate merge 2026-06-01T16:22:00] judge_final_action=downgrade_to_weak; priority=P1; judge_confidence=0.84; Consensus low-risk downgrade accepted into candidate graph.
E3466,ALG001,T429,weak_prerequisite,0.78,V1-C web-supported enrichment: root_scalar可选择bisect等有括区间算法。
E3467,ALG003,T429,weak_prerequisite,0.78,V1-C web-supported enrichment: root_scalar可调用newton方法。
E3468,ALG005,T429,weak_prerequisite,0.78,V1-C web-supported enrichment: root_scalar可调用secant方法。
E3469,ALG091,T429,weak_prerequisite,0.78,V1-C web-supported enrichment: root_scalar可调用brentq/brenth方法。
E3470,T119,ALG093,strong_prerequisite,0.86,V1-C web-supported enrichment: Newton-Krylov法来自方程组Newton线性化和Krylov迭代求解。
E3471,T120,ALG093,strong_prerequisite,0.86,V1-C web-supported enrichment: Newton-Krylov法近似求解Newton修正方程。
E3472,T149,ALG093,strong_prerequisite,0.86,V1-C web-supported enrichment: Newton-Krylov法使用Krylov子空间迭代处理线性修正方程。
E3473,ALG008,ALG093,weak_prerequisite,0.79,V1-C web-supported enrichment: Newton-Krylov法是大规模方程组Newton思想的延伸。
E3474,ALG058,ALG094,weak_prerequisite,0.78,V1-C web-supported enrichment: DOP853是高阶显式自适应Runge-Kutta求解器。
E3475,T261,ALG094,weak_prerequisite,0.78,V1-C web-supported enrichment: 高阶Runge-Kutta方法可通过Butcher表理解。
E3476,T257,ALG095,strong_prerequisite,0.86,V1-C web-supported enrichment: Radau属于隐式Runge-Kutta刚性求解器。
E3477,T266,ALG095,strong_prerequisite,0.86,V1-C web-supported enrichment: Radau常用于刚性ODE。
E3478,T260,ALG095,weak_prerequisite,0.78,V1-C web-supported enrichment: Radau可作为隐式Runge-Kutta方法理解。
E3479,T266,ALG096,strong_prerequisite,0.85,V1-C web-supported enrichment: LSODA通过刚性检测在Adams/BDF之间切换。
E3480,T272,ALG096,weak_prerequisite,0.78,V1-C web-supported enrichment: LSODA的非刚性部分与Adams类方法相关。
E3481,T273,ALG096,weak_prerequisite,0.78,V1-C web-supported enrichment: LSODA的刚性部分与BDF类方法相关。
E3482,T277,T431,weak_prerequisite,0.76,V1-C web-supported enrichment: 连续近似解常用于事件定位。
E3483,ALG058,T430,weak_prerequisite,0.78,V1-C web-supported enrichment: solve_ivp支持RK45/DOP853等显式方法。
E3484,ALG061,T430,weak_prerequisite,0.78,V1-C web-supported enrichment: solve_ivp支持BDF等刚性求解器。
E3485,ALG095,T430,weak_prerequisite,0.78,V1-C web-supported enrichment: solve_ivp支持Radau方法。
E3486,ALG096,T430,weak_prerequisite,0.78,V1-C web-supported enrichment: solve_ivp支持LSODA方法。
E3487,T433,ALG097,strong_prerequisite,0.86,V1-C web-supported enrichment: L-BFGS-B用于处理带上下界约束的优化问题。
E3488,ALG085,ALG097,weak_prerequisite,0.79,V1-C web-supported enrichment: L-BFGS-B是L-BFGS思想的边界约束扩展。
E3489,T434,ALG098,weak_prerequisite,0.85,V1-C web-supported enrichment: SLSQP用于一般约束优化。 | [AI candidate merge 2026-06-01T16:22:00] judge_final_action=downgrade_to_weak; priority=P1; judge_confidence=0.85; Consensus low-risk downgrade accepted into candidate graph.
E3490,T375,ALG098,weak_prerequisite,0.78,V1-C web-supported enrichment: 约束优化方法的理解通常依赖KKT条件。
E3491,T434,ALG099,strong_prerequisite,0.85,V1-C web-supported enrichment: trust-constr用于带约束优化。
E3492,T368,ALG099,strong_prerequisite,0.86,V1-C web-supported enrichment: trust-constr属于信赖域约束优化方法。
E3493,T433,ALG099,weak_prerequisite,0.78,V1-C web-supported enrichment: trust-constr可处理边界约束。
E3494,ALG084,T432,weak_prerequisite,0.78,V1-C web-supported enrichment: minimize可调用BFGS类方法。
E3495,ALG097,T432,weak_prerequisite,0.78,V1-C web-supported enrichment: minimize可调用L-BFGS-B。
E3496,ALG098,T432,weak_prerequisite,0.78,V1-C web-supported enrichment: minimize可调用SLSQP。
E3497,ALG099,T432,weak_prerequisite,0.78,V1-C web-supported enrichment: minimize可调用trust-constr。
E3498,T052,ALG100,strong_prerequisite,0.85,V1-C web-supported enrichment: 稀疏直接求解器依赖稀疏矩阵结构。
E3499,T136,ALG100,strong_prerequisite,0.85,V1-C web-supported enrichment: 稀疏直接求解器用于稀疏线性系统。
E3500,ALG022,T436,strong_prerequisite,0.85,V1-C web-supported enrichment: 重启策略是GMRES控制资源消耗的常见机制。
E3501,T149,T436,weak_prerequisite,0.78,V1-C web-supported enrichment: 重启GMRES围绕Krylov子空间维数控制展开。
E3502,T072,T435,weak_prerequisite,0.78,V1-C web-supported enrichment: SciPy sparse.linalg的使用依赖稀疏矩阵表示。
E3503,ALG022,T435,weak_prerequisite,0.78,V1-C web-supported enrichment: sparse.linalg包含GMRES等迭代线性系统接口。
E3504,ALG100,T435,weak_prerequisite,0.78,V1-C web-supported enrichment: sparse.linalg包含spsolve等稀疏直接求解接口。
E3505,T333,T437,weak_prerequisite,0.82,V1-C web-supported enrichment: 方法线先做空间离散，再进行时间推进。 | [AI candidate merge 2026-06-01T16:22:00] judge_final_action=downgrade_to_weak; priority=P1; judge_confidence=0.82; Consensus low-risk downgrade accepted into candidate graph.
E3506,T353,T437,weak_prerequisite,0.82,V1-C web-supported enrichment: 方法线将PDE转化为ODE系统后进行时间推进。 | [AI candidate merge 2026-06-01T16:22:00] judge_final_action=downgrade_to_weak; priority=P1; judge_confidence=0.82; Consensus low-risk downgrade accepted into candidate graph.
E3507,T275,T437,weak_prerequisite,0.78,V1-C web-supported enrichment: 方法线的半离散系统通常形成ODE方程组。
E3508,T333,T438,weak_prerequisite,0.76,V1-C web-supported enrichment: 算子分裂常与离散算子的分步处理相关。
E3509,T353,T438,weak_prerequisite,0.76,V1-C web-supported enrichment: 算子分裂常用于演化方程的分步时间推进。
E3510,T022,T058,weak_prerequisite,0.76,V1-C BFS repair: 理解向量/矩阵对象有助于学习数组与矩阵存储。
E3511,T001,T015,weak_prerequisite,0.76,V1-C BFS repair: 级数学习通常依赖极限思想。
E3512,T212,T217,weak_prerequisite,0.78,V1-C BFS repair: 差分步长选择建立在差商/差分近似基础上。
E3513,T390,T401,weak_prerequisite,0.76,V1-C BFS repair: 结果验证应服务于已建立的数值问题模型。
E3514,T247,T246,weak_prerequisite,0.76,V1-C BFS repair: 积分收敛速度分析通常与积分稳定性和误差行为相关。
E3515,T183,T194,weak_prerequisite,0.76,V1-C BFS repair: 基函数选择属于函数逼近/拟合模型构造的一部分。
E3516,T035,THM007,strong_prerequisite,0.86,V1-C BFS repair: Gershgorin圆盘定理用于估计矩阵特征值位置。
E3517,T355,T360,strong_prerequisite,0.86,V1-C BFS repair: 一阶最优性条件针对目标函数及其梯度建立。
E3518,T067,T398,weak_prerequisite,0.76,V1-C BFS repair: 可视化诊断依赖基本绘图与可视化能力。
E3519,T086,F003,strong_prerequisite,0.86,V1-C BFS repair: 机器精度定义式直接形式化机器精度概念。
E3520,T287,T289,strong_prerequisite,0.86,V1-C BFS repair: 边值问题网格剖分后形成离散方程组。
E3521,T082,T084,weak_prerequisite,0.78,V1-C BFS repair: 误差限用于约束绝对误差或相对误差。
E3522,T083,T084,weak_prerequisite,0.78,V1-C BFS repair: 误差限用于约束绝对误差或相对误差。
E3523,T104,T105,strong_prerequisite,0.86,V1-C BFS repair: 区间套思想通常建立在实根隔离得到的根区间上。
E3524,T290,T291,strong_prerequisite,0.86,V1-C BFS repair: 试探函数是边值有限元弱形式构造中的核心对象。
